Region,Peak Demand (in %),% of time of year
National,100.0,0.0
Eastern Region,100.0,0.0
North-Eastern Region,100.0,0.0
Northen Region,100.0,0.0
Southern Region,100.0,0.0
Western Region,100.0,0.0
National,100.0,0.0
Eastern Region,100.0,0.0
North-Eastern Region,100.0,0.0
Northen Region,100.0,0.0
Southern Region,100.0,0.0
Western Region,100.0,0.0
National,100.0,0.0
Eastern Region,100.0,0.0
North-Eastern Region,99.0,0.0
Northen Region,100.0,0.0
Southern Region,100.0,0.0
Western Region,100.0,0.0
National,100.0,0.0
Eastern Region,100.0,0.0
North-Eastern Region,99.0,0.0
Northen Region,99.0,0.0
Southern Region,100.0,0.0
Western Region,100.0,0.0
National,100.0,0.0
Eastern Region,100.0,0.0
North-Eastern Region,99.0,0.0
Northen Region,99.0,0.0
Southern Region,100.0,0.0
Western Region,100.0,0.0
National,100.0,0.0
Eastern Region,99.0,0.0
North-Eastern Region,99.0,0.0
Northen Region,99.0,0.0
Southern Region,100.0,0.0
Western Region,100.0,0.0
National,100.0,0.0
Eastern Region,99.0,0.0
North-Eastern Region,98.0,0.0
Northen Region,99.0,0.0
Southern Region,100.0,0.0
Western Region,100.0,0.0
National,99.0,0.0
Eastern Region,98.0,0.0
North-Eastern Region,97.0,0.0
Northen Region,99.0,0.0
Southern Region,100.0,0.0
Western Region,100.0,0.0
National,99.0,0.0
Eastern Region,98.0,0.0
North-Eastern Region,97.0,0.0
Northen Region,99.0,0.0
Southern Region,100.0,0.0
Western Region,100.0,0.0
National,99.0,0.0
Eastern Region,98.0,0.0
North-Eastern Region,96.0,0.0
Northen Region,99.0,0.0
Southern Region,100.0,0.0
Western Region,100.0,0.0
National,99.0,0.0
Eastern Region,97.0,0.0
North-Eastern Region,96.0,0.0
Northen Region,98.0,0.0
Southern Region,100.0,0.0
Western Region,99.0,0.0
National,99.0,0.0
Eastern Region,97.0,0.0
North-Eastern Region,96.0,0.0
Northen Region,98.0,0.0
Southern Region,100.0,0.0
Western Region,99.0,0.0
National,98.0,0.0
Eastern Region,97.0,0.0
North-Eastern Region,96.0,0.0
Northen Region,98.0,0.0
Southern Region,99.0,0.0
Western Region,99.0,0.0
National,98.0,0.0
Eastern Region,97.0,0.0
North-Eastern Region,96.0,0.0
Northen Region,98.0,0.0
Southern Region,99.0,0.0
Western Region,99.0,0.0
National,98.0,0.0
Eastern Region,97.0,0.0
North-Eastern Region,95.0,0.0
Northen Region,98.0,0.0
Southern Region,99.0,0.0
Western Region,99.0,0.0
National,98.0,0.0
Eastern Region,97.0,0.0
North-Eastern Region,95.0,0.0
Northen Region,98.0,0.0
Southern Region,99.0,0.0
Western Region,99.0,0.0
National,98.0,0.0
Eastern Region,97.0,0.0
North-Eastern Region,95.0,0.0
Northen Region,98.0,0.0
Southern Region,99.0,0.0
Western Region,99.0,0.0
National,98.0,0.0
Eastern Region,97.0,0.0
North-Eastern Region,95.0,0.0
Northen Region,97.0,0.0
Southern Region,99.0,0.0
Western Region,99.0,0.0
National,98.0,0.0
Eastern Region,97.0,0.0
North-Eastern Region,95.0,0.0
Northen Region,97.0,0.0
Southern Region,99.0,0.0
Western Region,99.0,0.0
National,98.0,0.0
Eastern Region,97.0,0.0
North-Eastern Region,95.0,0.0
Northen Region,97.0,0.0
Southern Region,99.0,0.0
Western Region,99.0,0.0
National,98.0,0.0
Eastern Region,97.0,0.0
North-Eastern Region,94.0,0.0
Northen Region,97.0,0.0
Southern Region,99.0,0.0
Western Region,99.0,0.0
National,98.0,0.0
Eastern Region,96.0,0.0
North-Eastern Region,94.0,0.0
Northen Region,96.0,0.0
Southern Region,99.0,0.0
Western Region,99.0,0.0
National,98.0,1.0
Eastern Region,96.0,1.0
North-Eastern Region,94.0,1.0
Northen Region,96.0,1.0
Southern Region,99.0,1.0
Western Region,99.0,1.0
National,98.0,1.0
Eastern Region,96.0,1.0
North-Eastern Region,94.0,1.0
Northen Region,96.0,1.0
Southern Region,99.0,1.0
Western Region,99.0,1.0
National,98.0,1.0
Eastern Region,96.0,1.0
North-Eastern Region,94.0,1.0
Northen Region,96.0,1.0
Southern Region,99.0,1.0
Western Region,99.0,1.0
National,98.0,1.0
Eastern Region,96.0,1.0
North-Eastern Region,94.0,1.0
Northen Region,96.0,1.0
Southern Region,99.0,1.0
Western Region,99.0,1.0
National,98.0,1.0
Eastern Region,96.0,1.0
North-Eastern Region,94.0,1.0
Northen Region,96.0,1.0
Southern Region,99.0,1.0
Western Region,99.0,1.0
National,98.0,1.0
Eastern Region,96.0,1.0
North-Eastern Region,94.0,1.0
Northen Region,96.0,1.0
Southern Region,99.0,1.0
Western Region,99.0,1.0
National,98.0,1.0
Eastern Region,96.0,1.0
North-Eastern Region,94.0,1.0
Northen Region,96.0,1.0
Southern Region,99.0,1.0
Western Region,99.0,1.0
National,98.0,1.0
Eastern Region,95.0,1.0
North-Eastern Region,94.0,1.0
Northen Region,96.0,1.0
Southern Region,99.0,1.0
Western Region,99.0,1.0
National,97.0,1.0
Eastern Region,95.0,1.0
North-Eastern Region,94.0,1.0
Northen Region,96.0,1.0
Southern Region,99.0,1.0
Western Region,99.0,1.0
National,97.0,1.0
Eastern Region,95.0,1.0
North-Eastern Region,94.0,1.0
Northen Region,96.0,1.0
Southern Region,99.0,1.0
Western Region,99.0,1.0
National,97.0,1.0
Eastern Region,95.0,1.0
North-Eastern Region,94.0,1.0
Northen Region,96.0,1.0
Southern Region,99.0,1.0
Western Region,99.0,1.0
National,97.0,1.0
Eastern Region,95.0,1.0
North-Eastern Region,94.0,1.0
Northen Region,96.0,1.0
Southern Region,99.0,1.0
Western Region,99.0,1.0
National,97.0,1.0
Eastern Region,95.0,1.0
North-Eastern Region,93.0,1.0
Northen Region,96.0,1.0
Southern Region,99.0,1.0
Western Region,99.0,1.0
National,97.0,1.0
Eastern Region,95.0,1.0
North-Eastern Region,93.0,1.0
Northen Region,95.0,1.0
Southern Region,99.0,1.0
Western Region,98.0,1.0
National,97.0,1.0
Eastern Region,95.0,1.0
North-Eastern Region,93.0,1.0
Northen Region,95.0,1.0
Southern Region,99.0,1.0
Western Region,98.0,1.0
National,97.0,1.0
Eastern Region,95.0,1.0
North-Eastern Region,93.0,1.0
Northen Region,95.0,1.0
Southern Region,99.0,1.0
Western Region,98.0,1.0
National,97.0,1.0
Eastern Region,95.0,1.0
North-Eastern Region,93.0,1.0
Northen Region,95.0,1.0
Southern Region,99.0,1.0
Western Region,98.0,1.0
National,97.0,1.0
Eastern Region,95.0,1.0
North-Eastern Region,93.0,1.0
Northen Region,95.0,1.0
Southern Region,99.0,1.0
Western Region,98.0,1.0
National,97.0,1.0
Eastern Region,95.0,1.0
North-Eastern Region,93.0,1.0
Northen Region,95.0,1.0
Southern Region,99.0,1.0
Western Region,98.0,1.0
National,97.0,1.0
Eastern Region,95.0,1.0
North-Eastern Region,93.0,1.0
Northen Region,95.0,1.0
Southern Region,99.0,1.0
Western Region,98.0,1.0
National,97.0,1.0
Eastern Region,95.0,1.0
North-Eastern Region,93.0,1.0
Northen Region,95.0,1.0
Southern Region,98.0,1.0
Western Region,98.0,1.0
National,97.0,1.0
Eastern Region,95.0,1.0
North-Eastern Region,93.0,1.0
Northen Region,95.0,1.0
Southern Region,98.0,1.0
Western Region,98.0,1.0
National,97.0,1.0
Eastern Region,95.0,1.0
North-Eastern Region,93.0,1.0
Northen Region,95.0,1.0
Southern Region,98.0,1.0
Western Region,98.0,1.0
National,97.0,1.0
Eastern Region,95.0,1.0
North-Eastern Region,92.0,1.0
Northen Region,95.0,1.0
Southern Region,98.0,1.0
Western Region,98.0,1.0
National,97.0,1.0
Eastern Region,95.0,1.0
North-Eastern Region,92.0,1.0
Northen Region,95.0,1.0
Southern Region,98.0,1.0
Western Region,98.0,1.0
National,97.0,1.0
Eastern Region,95.0,1.0
North-Eastern Region,92.0,1.0
Northen Region,95.0,1.0
Southern Region,98.0,1.0
Western Region,98.0,1.0
National,97.0,1.0
Eastern Region,94.0,1.0
North-Eastern Region,92.0,1.0
Northen Region,95.0,1.0
Southern Region,98.0,1.0
Western Region,98.0,1.0
National,97.0,1.0
Eastern Region,94.0,1.0
North-Eastern Region,92.0,1.0
Northen Region,94.0,1.0
Southern Region,98.0,1.0
Western Region,98.0,1.0
National,97.0,1.0
Eastern Region,94.0,1.0
North-Eastern Region,92.0,1.0
Northen Region,94.0,1.0
Southern Region,98.0,1.0
Western Region,98.0,1.0
National,97.0,1.0
Eastern Region,94.0,1.0
North-Eastern Region,92.0,1.0
Northen Region,94.0,1.0
Southern Region,98.0,1.0
Western Region,98.0,1.0
National,97.0,1.0
Eastern Region,94.0,1.0
North-Eastern Region,92.0,1.0
Northen Region,94.0,1.0
Southern Region,98.0,1.0
Western Region,98.0,1.0
National,97.0,1.0
Eastern Region,94.0,1.0
North-Eastern Region,92.0,1.0
Northen Region,94.0,1.0
Southern Region,98.0,1.0
Western Region,98.0,1.0
National,97.0,1.0
Eastern Region,94.0,1.0
North-Eastern Region,92.0,1.0
Northen Region,94.0,1.0
Southern Region,98.0,1.0
Western Region,98.0,1.0
National,97.0,1.0
Eastern Region,94.0,1.0
North-Eastern Region,92.0,1.0
Northen Region,94.0,1.0
Southern Region,98.0,1.0
Western Region,98.0,1.0
National,97.0,1.0
Eastern Region,94.0,1.0
North-Eastern Region,92.0,1.0
Northen Region,94.0,1.0
Southern Region,98.0,1.0
Western Region,98.0,1.0
National,97.0,1.0
Eastern Region,94.0,1.0
North-Eastern Region,92.0,1.0
Northen Region,94.0,1.0
Southern Region,98.0,1.0
Western Region,98.0,1.0
National,97.0,1.0
Eastern Region,94.0,1.0
North-Eastern Region,92.0,1.0
Northen Region,94.0,1.0
Southern Region,98.0,1.0
Western Region,98.0,1.0
National,97.0,1.0
Eastern Region,94.0,1.0
North-Eastern Region,92.0,1.0
Northen Region,94.0,1.0
Southern Region,98.0,1.0
Western Region,98.0,1.0
National,97.0,1.0
Eastern Region,94.0,1.0
North-Eastern Region,92.0,1.0
Northen Region,94.0,1.0
Southern Region,98.0,1.0
Western Region,98.0,1.0
National,97.0,1.0
Eastern Region,94.0,1.0
North-Eastern Region,91.0,1.0
Northen Region,94.0,1.0
Southern Region,98.0,1.0
Western Region,98.0,1.0
National,97.0,1.0
Eastern Region,94.0,1.0
North-Eastern Region,91.0,1.0
Northen Region,94.0,1.0
Southern Region,98.0,1.0
Western Region,98.0,1.0
National,97.0,1.0
Eastern Region,94.0,1.0
North-Eastern Region,91.0,1.0
Northen Region,94.0,1.0
Southern Region,98.0,1.0
Western Region,98.0,1.0
National,97.0,1.0
Eastern Region,93.0,1.0
North-Eastern Region,91.0,1.0
Northen Region,93.0,1.0
Southern Region,98.0,1.0
Western Region,98.0,1.0
National,97.0,1.0
Eastern Region,93.0,1.0
North-Eastern Region,91.0,1.0
Northen Region,93.0,1.0
Southern Region,98.0,1.0
Western Region,98.0,1.0
National,97.0,2.0
Eastern Region,93.0,2.0
North-Eastern Region,91.0,2.0
Northen Region,93.0,2.0
Southern Region,98.0,2.0
Western Region,98.0,2.0
National,97.0,2.0
Eastern Region,93.0,2.0
North-Eastern Region,91.0,2.0
Northen Region,93.0,2.0
Southern Region,98.0,2.0
Western Region,98.0,2.0
National,97.0,2.0
Eastern Region,93.0,2.0
North-Eastern Region,91.0,2.0
Northen Region,93.0,2.0
Southern Region,98.0,2.0
Western Region,98.0,2.0
National,96.0,2.0
Eastern Region,93.0,2.0
North-Eastern Region,91.0,2.0
Northen Region,93.0,2.0
Southern Region,97.0,2.0
Western Region,98.0,2.0
National,96.0,2.0
Eastern Region,93.0,2.0
North-Eastern Region,91.0,2.0
Northen Region,93.0,2.0
Southern Region,97.0,2.0
Western Region,98.0,2.0
National,96.0,2.0
Eastern Region,93.0,2.0
North-Eastern Region,91.0,2.0
Northen Region,93.0,2.0
Southern Region,97.0,2.0
Western Region,98.0,2.0
National,96.0,2.0
Eastern Region,93.0,2.0
North-Eastern Region,91.0,2.0
Northen Region,93.0,2.0
Southern Region,97.0,2.0
Western Region,98.0,2.0
National,96.0,2.0
Eastern Region,93.0,2.0
North-Eastern Region,91.0,2.0
Northen Region,93.0,2.0
Southern Region,97.0,2.0
Western Region,97.0,2.0
National,96.0,2.0
Eastern Region,93.0,2.0
North-Eastern Region,91.0,2.0
Northen Region,93.0,2.0
Southern Region,97.0,2.0
Western Region,97.0,2.0
National,96.0,2.0
Eastern Region,93.0,2.0
North-Eastern Region,91.0,2.0
Northen Region,93.0,2.0
Southern Region,97.0,2.0
Western Region,97.0,2.0
National,96.0,2.0
Eastern Region,93.0,2.0
North-Eastern Region,91.0,2.0
Northen Region,93.0,2.0
Southern Region,97.0,2.0
Western Region,97.0,2.0
National,96.0,2.0
Eastern Region,93.0,2.0
North-Eastern Region,91.0,2.0
Northen Region,93.0,2.0
Southern Region,97.0,2.0
Western Region,97.0,2.0
National,96.0,2.0
Eastern Region,93.0,2.0
North-Eastern Region,91.0,2.0
Northen Region,92.0,2.0
Southern Region,97.0,2.0
Western Region,97.0,2.0
National,96.0,2.0
Eastern Region,93.0,2.0
North-Eastern Region,91.0,2.0
Northen Region,92.0,2.0
Southern Region,97.0,2.0
Western Region,97.0,2.0
National,96.0,2.0
Eastern Region,93.0,2.0
North-Eastern Region,91.0,2.0
Northen Region,92.0,2.0
Southern Region,97.0,2.0
Western Region,97.0,2.0
National,96.0,2.0
Eastern Region,92.0,2.0
North-Eastern Region,91.0,2.0
Northen Region,92.0,2.0
Southern Region,97.0,2.0
Western Region,97.0,2.0
National,96.0,2.0
Eastern Region,92.0,2.0
North-Eastern Region,90.0,2.0
Northen Region,92.0,2.0
Southern Region,97.0,2.0
Western Region,97.0,2.0
National,96.0,2.0
Eastern Region,92.0,2.0
North-Eastern Region,90.0,2.0
Northen Region,92.0,2.0
Southern Region,97.0,2.0
Western Region,97.0,2.0
National,96.0,2.0
Eastern Region,92.0,2.0
North-Eastern Region,90.0,2.0
Northen Region,92.0,2.0
Southern Region,97.0,2.0
Western Region,97.0,2.0
National,96.0,2.0
Eastern Region,92.0,2.0
North-Eastern Region,90.0,2.0
Northen Region,92.0,2.0
Southern Region,97.0,2.0
Western Region,97.0,2.0
National,96.0,2.0
Eastern Region,92.0,2.0
North-Eastern Region,90.0,2.0
Northen Region,92.0,2.0
Southern Region,97.0,2.0
Western Region,97.0,2.0
National,96.0,2.0
Eastern Region,92.0,2.0
North-Eastern Region,90.0,2.0
Northen Region,92.0,2.0
Southern Region,97.0,2.0
Western Region,97.0,2.0
National,96.0,2.0
Eastern Region,92.0,2.0
North-Eastern Region,90.0,2.0
Northen Region,92.0,2.0
Southern Region,97.0,2.0
Western Region,97.0,2.0
National,96.0,2.0
Eastern Region,92.0,2.0
North-Eastern Region,90.0,2.0
Northen Region,92.0,2.0
Southern Region,97.0,2.0
Western Region,97.0,2.0
National,96.0,2.0
Eastern Region,92.0,2.0
North-Eastern Region,90.0,2.0
Northen Region,92.0,2.0
Southern Region,97.0,2.0
Western Region,97.0,2.0
National,96.0,2.0
Eastern Region,92.0,2.0
North-Eastern Region,90.0,2.0
Northen Region,91.0,2.0
Southern Region,97.0,2.0
Western Region,97.0,2.0
National,96.0,2.0
Eastern Region,92.0,2.0
North-Eastern Region,90.0,2.0
Northen Region,91.0,2.0
Southern Region,97.0,2.0
Western Region,97.0,2.0
National,96.0,2.0
Eastern Region,92.0,2.0
North-Eastern Region,90.0,2.0
Northen Region,91.0,2.0
Southern Region,97.0,2.0
Western Region,97.0,2.0
National,96.0,2.0
Eastern Region,92.0,2.0
North-Eastern Region,90.0,2.0
Northen Region,91.0,2.0
Southern Region,97.0,2.0
Western Region,97.0,2.0
National,96.0,2.0
Eastern Region,92.0,2.0
North-Eastern Region,90.0,2.0
Northen Region,91.0,2.0
Southern Region,97.0,2.0
Western Region,97.0,2.0
National,96.0,2.0
Eastern Region,92.0,2.0
North-Eastern Region,90.0,2.0
Northen Region,91.0,2.0
Southern Region,97.0,2.0
Western Region,97.0,2.0
National,96.0,2.0
Eastern Region,92.0,2.0
North-Eastern Region,90.0,2.0
Northen Region,91.0,2.0
Southern Region,97.0,2.0
Western Region,97.0,2.0
National,96.0,2.0
Eastern Region,92.0,2.0
North-Eastern Region,90.0,2.0
Northen Region,91.0,2.0
Southern Region,97.0,2.0
Western Region,97.0,2.0
National,96.0,2.0
Eastern Region,92.0,2.0
North-Eastern Region,90.0,2.0
Northen Region,91.0,2.0
Southern Region,97.0,2.0
Western Region,97.0,2.0
National,96.0,2.0
Eastern Region,92.0,2.0
North-Eastern Region,90.0,2.0
Northen Region,91.0,2.0
Southern Region,97.0,2.0
Western Region,97.0,2.0
National,96.0,2.0
Eastern Region,92.0,2.0
North-Eastern Region,90.0,2.0
Northen Region,91.0,2.0
Southern Region,97.0,2.0
Western Region,97.0,2.0
National,96.0,2.0
Eastern Region,92.0,2.0
North-Eastern Region,89.0,2.0
Northen Region,91.0,2.0
Southern Region,97.0,2.0
Western Region,97.0,2.0
National,96.0,2.0
Eastern Region,92.0,2.0
North-Eastern Region,89.0,2.0
Northen Region,91.0,2.0
Southern Region,97.0,2.0
Western Region,97.0,2.0
National,96.0,2.0
Eastern Region,92.0,2.0
North-Eastern Region,89.0,2.0
Northen Region,90.0,2.0
Southern Region,96.0,2.0
Western Region,97.0,2.0
National,96.0,2.0
Eastern Region,92.0,2.0
North-Eastern Region,89.0,2.0
Northen Region,90.0,2.0
Southern Region,96.0,2.0
Western Region,97.0,2.0
National,96.0,2.0
Eastern Region,92.0,2.0
North-Eastern Region,89.0,2.0
Northen Region,90.0,2.0
Southern Region,96.0,2.0
Western Region,97.0,2.0
National,96.0,2.0
Eastern Region,92.0,2.0
North-Eastern Region,89.0,2.0
Northen Region,90.0,2.0
Southern Region,96.0,2.0
Western Region,97.0,2.0
National,96.0,2.0
Eastern Region,92.0,2.0
North-Eastern Region,89.0,2.0
Northen Region,90.0,2.0
Southern Region,96.0,2.0
Western Region,97.0,2.0
National,96.0,3.0
Eastern Region,92.0,3.0
North-Eastern Region,89.0,3.0
Northen Region,90.0,3.0
Southern Region,96.0,3.0
Western Region,97.0,3.0
National,96.0,3.0
Eastern Region,92.0,3.0
North-Eastern Region,89.0,3.0
Northen Region,90.0,3.0
Southern Region,96.0,3.0
Western Region,96.0,3.0
National,96.0,3.0
Eastern Region,92.0,3.0
North-Eastern Region,89.0,3.0
Northen Region,90.0,3.0
Southern Region,96.0,3.0
Western Region,96.0,3.0
National,96.0,3.0
Eastern Region,92.0,3.0
North-Eastern Region,89.0,3.0
Northen Region,90.0,3.0
Southern Region,96.0,3.0
Western Region,96.0,3.0
National,96.0,3.0
Eastern Region,92.0,3.0
North-Eastern Region,89.0,3.0
Northen Region,90.0,3.0
Southern Region,96.0,3.0
Western Region,96.0,3.0
National,96.0,3.0
Eastern Region,92.0,3.0
North-Eastern Region,89.0,3.0
Northen Region,90.0,3.0
Southern Region,96.0,3.0
Western Region,96.0,3.0
National,96.0,3.0
Eastern Region,92.0,3.0
North-Eastern Region,89.0,3.0
Northen Region,90.0,3.0
Southern Region,96.0,3.0
Western Region,96.0,3.0
National,96.0,3.0
Eastern Region,92.0,3.0
North-Eastern Region,89.0,3.0
Northen Region,90.0,3.0
Southern Region,96.0,3.0
Western Region,96.0,3.0
National,96.0,3.0
Eastern Region,92.0,3.0
North-Eastern Region,89.0,3.0
Northen Region,90.0,3.0
Southern Region,96.0,3.0
Western Region,96.0,3.0
National,96.0,3.0
Eastern Region,92.0,3.0
North-Eastern Region,88.0,3.0
Northen Region,90.0,3.0
Southern Region,96.0,3.0
Western Region,96.0,3.0
National,96.0,3.0
Eastern Region,92.0,3.0
North-Eastern Region,88.0,3.0
Northen Region,90.0,3.0
Southern Region,96.0,3.0
Western Region,96.0,3.0
National,96.0,3.0
Eastern Region,92.0,3.0
North-Eastern Region,88.0,3.0
Northen Region,90.0,3.0
Southern Region,96.0,3.0
Western Region,96.0,3.0
National,96.0,3.0
Eastern Region,92.0,3.0
North-Eastern Region,88.0,3.0
Northen Region,90.0,3.0
Southern Region,96.0,3.0
Western Region,96.0,3.0
National,96.0,3.0
Eastern Region,92.0,3.0
North-Eastern Region,88.0,3.0
Northen Region,90.0,3.0
Southern Region,96.0,3.0
Western Region,96.0,3.0
National,96.0,3.0
Eastern Region,92.0,3.0
North-Eastern Region,88.0,3.0
Northen Region,90.0,3.0
Southern Region,96.0,3.0
Western Region,96.0,3.0
National,96.0,3.0
Eastern Region,91.0,3.0
North-Eastern Region,88.0,3.0
Northen Region,90.0,3.0
Southern Region,96.0,3.0
Western Region,96.0,3.0
National,95.0,3.0
Eastern Region,91.0,3.0
North-Eastern Region,88.0,3.0
Northen Region,90.0,3.0
Southern Region,96.0,3.0
Western Region,96.0,3.0
National,95.0,3.0
Eastern Region,91.0,3.0
North-Eastern Region,88.0,3.0
Northen Region,90.0,3.0
Southern Region,96.0,3.0
Western Region,96.0,3.0
National,95.0,3.0
Eastern Region,91.0,3.0
North-Eastern Region,88.0,3.0
Northen Region,89.0,3.0
Southern Region,96.0,3.0
Western Region,96.0,3.0
National,95.0,3.0
Eastern Region,91.0,3.0
North-Eastern Region,88.0,3.0
Northen Region,89.0,3.0
Southern Region,96.0,3.0
Western Region,96.0,3.0
National,95.0,3.0
Eastern Region,91.0,3.0
North-Eastern Region,88.0,3.0
Northen Region,89.0,3.0
Southern Region,96.0,3.0
Western Region,96.0,3.0
National,95.0,3.0
Eastern Region,91.0,3.0
North-Eastern Region,88.0,3.0
Northen Region,89.0,3.0
Southern Region,96.0,3.0
Western Region,96.0,3.0
National,95.0,3.0
Eastern Region,91.0,3.0
North-Eastern Region,88.0,3.0
Northen Region,89.0,3.0
Southern Region,96.0,3.0
Western Region,96.0,3.0
National,95.0,3.0
Eastern Region,91.0,3.0
North-Eastern Region,88.0,3.0
Northen Region,89.0,3.0
Southern Region,96.0,3.0
Western Region,96.0,3.0
National,95.0,3.0
Eastern Region,91.0,3.0
North-Eastern Region,88.0,3.0
Northen Region,89.0,3.0
Southern Region,96.0,3.0
Western Region,96.0,3.0
National,95.0,3.0
Eastern Region,91.0,3.0
North-Eastern Region,88.0,3.0
Northen Region,89.0,3.0
Southern Region,96.0,3.0
Western Region,96.0,3.0
National,95.0,3.0
Eastern Region,91.0,3.0
North-Eastern Region,88.0,3.0
Northen Region,89.0,3.0
Southern Region,96.0,3.0
Western Region,96.0,3.0
National,95.0,3.0
Eastern Region,91.0,3.0
North-Eastern Region,88.0,3.0
Northen Region,89.0,3.0
Southern Region,96.0,3.0
Western Region,96.0,3.0
National,95.0,3.0
Eastern Region,91.0,3.0
North-Eastern Region,87.0,3.0
Northen Region,89.0,3.0
Southern Region,96.0,3.0
Western Region,96.0,3.0
National,95.0,3.0
Eastern Region,91.0,3.0
North-Eastern Region,87.0,3.0
Northen Region,89.0,3.0
Southern Region,96.0,3.0
Western Region,96.0,3.0
National,95.0,3.0
Eastern Region,91.0,3.0
North-Eastern Region,87.0,3.0
Northen Region,89.0,3.0
Southern Region,96.0,3.0
Western Region,96.0,3.0
National,95.0,3.0
Eastern Region,91.0,3.0
North-Eastern Region,87.0,3.0
Northen Region,89.0,3.0
Southern Region,96.0,3.0
Western Region,96.0,3.0
National,95.0,3.0
Eastern Region,91.0,3.0
North-Eastern Region,87.0,3.0
Northen Region,89.0,3.0
Southern Region,96.0,3.0
Western Region,96.0,3.0
National,95.0,3.0
Eastern Region,91.0,3.0
North-Eastern Region,87.0,3.0
Northen Region,89.0,3.0
Southern Region,96.0,3.0
Western Region,96.0,3.0
National,95.0,3.0
Eastern Region,91.0,3.0
North-Eastern Region,87.0,3.0
Northen Region,89.0,3.0
Southern Region,96.0,3.0
Western Region,96.0,3.0
National,95.0,3.0
Eastern Region,91.0,3.0
North-Eastern Region,87.0,3.0
Northen Region,89.0,3.0
Southern Region,96.0,3.0
Western Region,96.0,3.0
National,95.0,3.0
Eastern Region,91.0,3.0
North-Eastern Region,87.0,3.0
Northen Region,89.0,3.0
Southern Region,96.0,3.0
Western Region,96.0,3.0
National,95.0,3.0
Eastern Region,91.0,3.0
North-Eastern Region,87.0,3.0
Northen Region,89.0,3.0
Southern Region,96.0,3.0
Western Region,95.0,3.0
National,95.0,3.0
Eastern Region,91.0,3.0
North-Eastern Region,87.0,3.0
Northen Region,89.0,3.0
Southern Region,96.0,3.0
Western Region,95.0,3.0
National,95.0,3.0
Eastern Region,91.0,3.0
North-Eastern Region,87.0,3.0
Northen Region,89.0,3.0
Southern Region,96.0,3.0
Western Region,95.0,3.0
National,95.0,3.0
Eastern Region,91.0,3.0
North-Eastern Region,87.0,3.0
Northen Region,89.0,3.0
Southern Region,96.0,3.0
Western Region,95.0,3.0
National,95.0,3.0
Eastern Region,91.0,3.0
North-Eastern Region,87.0,3.0
Northen Region,89.0,3.0
Southern Region,96.0,3.0
Western Region,95.0,3.0
National,95.0,3.0
Eastern Region,91.0,3.0
North-Eastern Region,87.0,3.0
Northen Region,89.0,3.0
Southern Region,96.0,3.0
Western Region,95.0,3.0
National,95.0,3.0
Eastern Region,91.0,3.0
North-Eastern Region,87.0,3.0
Northen Region,88.0,3.0
Southern Region,96.0,3.0
Western Region,95.0,3.0
National,95.0,4.0
Eastern Region,91.0,4.0
North-Eastern Region,87.0,4.0
Northen Region,88.0,4.0
Southern Region,95.0,4.0
Western Region,95.0,4.0
National,95.0,4.0
Eastern Region,90.0,4.0
North-Eastern Region,87.0,4.0
Northen Region,88.0,4.0
Southern Region,95.0,4.0
Western Region,95.0,4.0
National,95.0,4.0
Eastern Region,90.0,4.0
North-Eastern Region,87.0,4.0
Northen Region,88.0,4.0
Southern Region,95.0,4.0
Western Region,95.0,4.0
National,95.0,4.0
Eastern Region,90.0,4.0
North-Eastern Region,87.0,4.0
Northen Region,88.0,4.0
Southern Region,95.0,4.0
Western Region,95.0,4.0
National,95.0,4.0
Eastern Region,90.0,4.0
North-Eastern Region,86.0,4.0
Northen Region,88.0,4.0
Southern Region,95.0,4.0
Western Region,95.0,4.0
National,95.0,4.0
Eastern Region,90.0,4.0
North-Eastern Region,86.0,4.0
Northen Region,88.0,4.0
Southern Region,95.0,4.0
Western Region,95.0,4.0
National,95.0,4.0
Eastern Region,90.0,4.0
North-Eastern Region,86.0,4.0
Northen Region,88.0,4.0
Southern Region,95.0,4.0
Western Region,95.0,4.0
National,95.0,4.0
Eastern Region,90.0,4.0
North-Eastern Region,86.0,4.0
Northen Region,88.0,4.0
Southern Region,95.0,4.0
Western Region,95.0,4.0
National,95.0,4.0
Eastern Region,90.0,4.0
North-Eastern Region,86.0,4.0
Northen Region,88.0,4.0
Southern Region,95.0,4.0
Western Region,95.0,4.0
National,95.0,4.0
Eastern Region,90.0,4.0
North-Eastern Region,86.0,4.0
Northen Region,88.0,4.0
Southern Region,95.0,4.0
Western Region,95.0,4.0
National,95.0,4.0
Eastern Region,90.0,4.0
North-Eastern Region,86.0,4.0
Northen Region,88.0,4.0
Southern Region,95.0,4.0
Western Region,95.0,4.0
National,95.0,4.0
Eastern Region,90.0,4.0
North-Eastern Region,86.0,4.0
Northen Region,88.0,4.0
Southern Region,95.0,4.0
Western Region,95.0,4.0
National,95.0,4.0
Eastern Region,90.0,4.0
North-Eastern Region,86.0,4.0
Northen Region,88.0,4.0
Southern Region,95.0,4.0
Western Region,95.0,4.0
National,94.0,4.0
Eastern Region,90.0,4.0
North-Eastern Region,86.0,4.0
Northen Region,88.0,4.0
Southern Region,95.0,4.0
Western Region,95.0,4.0
National,94.0,4.0
Eastern Region,90.0,4.0
North-Eastern Region,86.0,4.0
Northen Region,88.0,4.0
Southern Region,95.0,4.0
Western Region,95.0,4.0
National,94.0,4.0
Eastern Region,90.0,4.0
North-Eastern Region,86.0,4.0
Northen Region,88.0,4.0
Southern Region,95.0,4.0
Western Region,95.0,4.0
National,94.0,4.0
Eastern Region,90.0,4.0
North-Eastern Region,85.0,4.0
Northen Region,88.0,4.0
Southern Region,95.0,4.0
Western Region,95.0,4.0
National,94.0,4.0
Eastern Region,90.0,4.0
North-Eastern Region,85.0,4.0
Northen Region,88.0,4.0
Southern Region,95.0,4.0
Western Region,95.0,4.0
National,94.0,4.0
Eastern Region,90.0,4.0
North-Eastern Region,85.0,4.0
Northen Region,88.0,4.0
Southern Region,95.0,4.0
Western Region,95.0,4.0
National,94.0,4.0
Eastern Region,90.0,4.0
North-Eastern Region,85.0,4.0
Northen Region,88.0,4.0
Southern Region,95.0,4.0
Western Region,95.0,4.0
National,94.0,4.0
Eastern Region,90.0,4.0
North-Eastern Region,85.0,4.0
Northen Region,88.0,4.0
Southern Region,95.0,4.0
Western Region,95.0,4.0
National,94.0,4.0
Eastern Region,90.0,4.0
North-Eastern Region,85.0,4.0
Northen Region,88.0,4.0
Southern Region,95.0,4.0
Western Region,95.0,4.0
National,94.0,4.0
Eastern Region,90.0,4.0
North-Eastern Region,85.0,4.0
Northen Region,88.0,4.0
Southern Region,95.0,4.0
Western Region,95.0,4.0
National,94.0,4.0
Eastern Region,90.0,4.0
North-Eastern Region,85.0,4.0
Northen Region,88.0,4.0
Southern Region,95.0,4.0
Western Region,95.0,4.0
National,94.0,4.0
Eastern Region,90.0,4.0
North-Eastern Region,85.0,4.0
Northen Region,88.0,4.0
Southern Region,95.0,4.0
Western Region,95.0,4.0
National,94.0,4.0
Eastern Region,90.0,4.0
North-Eastern Region,85.0,4.0
Northen Region,88.0,4.0
Southern Region,95.0,4.0
Western Region,95.0,4.0
National,94.0,4.0
Eastern Region,90.0,4.0
North-Eastern Region,85.0,4.0
Northen Region,87.0,4.0
Southern Region,95.0,4.0
Western Region,95.0,4.0
National,94.0,4.0
Eastern Region,90.0,4.0
North-Eastern Region,85.0,4.0
Northen Region,87.0,4.0
Southern Region,95.0,4.0
Western Region,95.0,4.0
National,94.0,4.0
Eastern Region,90.0,4.0
North-Eastern Region,85.0,4.0
Northen Region,87.0,4.0
Southern Region,95.0,4.0
Western Region,95.0,4.0
National,94.0,4.0
Eastern Region,90.0,4.0
North-Eastern Region,85.0,4.0
Northen Region,87.0,4.0
Southern Region,95.0,4.0
Western Region,95.0,4.0
National,94.0,4.0
Eastern Region,90.0,4.0
North-Eastern Region,85.0,4.0
Northen Region,87.0,4.0
Southern Region,95.0,4.0
Western Region,95.0,4.0
National,94.0,4.0
Eastern Region,90.0,4.0
North-Eastern Region,85.0,4.0
Northen Region,87.0,4.0
Southern Region,95.0,4.0
Western Region,95.0,4.0
National,94.0,4.0
Eastern Region,90.0,4.0
North-Eastern Region,85.0,4.0
Northen Region,87.0,4.0
Southern Region,95.0,4.0
Western Region,95.0,4.0
National,94.0,4.0
Eastern Region,90.0,4.0
North-Eastern Region,85.0,4.0
Northen Region,87.0,4.0
Southern Region,95.0,4.0
Western Region,95.0,4.0
National,94.0,4.0
Eastern Region,90.0,4.0
North-Eastern Region,84.0,4.0
Northen Region,87.0,4.0
Southern Region,95.0,4.0
Western Region,95.0,4.0
National,94.0,4.0
Eastern Region,90.0,4.0
North-Eastern Region,84.0,4.0
Northen Region,87.0,4.0
Southern Region,95.0,4.0
Western Region,95.0,4.0
National,94.0,4.0
Eastern Region,90.0,4.0
North-Eastern Region,84.0,4.0
Northen Region,87.0,4.0
Southern Region,95.0,4.0
Western Region,95.0,4.0
National,94.0,4.0
Eastern Region,90.0,4.0
North-Eastern Region,84.0,4.0
Northen Region,87.0,4.0
Southern Region,95.0,4.0
Western Region,95.0,4.0
National,94.0,4.0
Eastern Region,90.0,4.0
North-Eastern Region,84.0,4.0
Northen Region,87.0,4.0
Southern Region,95.0,4.0
Western Region,95.0,4.0
National,94.0,4.0
Eastern Region,90.0,4.0
North-Eastern Region,84.0,4.0
Northen Region,87.0,4.0
Southern Region,95.0,4.0
Western Region,95.0,4.0
National,94.0,4.0
Eastern Region,90.0,4.0
North-Eastern Region,84.0,4.0
Northen Region,87.0,4.0
Southern Region,95.0,4.0
Western Region,95.0,4.0
National,94.0,4.0
Eastern Region,90.0,4.0
North-Eastern Region,84.0,4.0
Northen Region,87.0,4.0
Southern Region,95.0,4.0
Western Region,95.0,4.0
National,94.0,4.0
Eastern Region,90.0,4.0
North-Eastern Region,84.0,4.0
Northen Region,87.0,4.0
Southern Region,95.0,4.0
Western Region,95.0,4.0
National,94.0,5.0
Eastern Region,90.0,5.0
North-Eastern Region,84.0,5.0
Northen Region,87.0,5.0
Southern Region,95.0,5.0
Western Region,95.0,5.0
National,94.0,5.0
Eastern Region,90.0,5.0
North-Eastern Region,84.0,5.0
Northen Region,87.0,5.0
Southern Region,95.0,5.0
Western Region,95.0,5.0
National,94.0,5.0
Eastern Region,90.0,5.0
North-Eastern Region,84.0,5.0
Northen Region,87.0,5.0
Southern Region,95.0,5.0
Western Region,95.0,5.0
National,94.0,5.0
Eastern Region,90.0,5.0
North-Eastern Region,84.0,5.0
Northen Region,87.0,5.0
Southern Region,95.0,5.0
Western Region,95.0,5.0
National,94.0,5.0
Eastern Region,90.0,5.0
North-Eastern Region,84.0,5.0
Northen Region,87.0,5.0
Southern Region,95.0,5.0
Western Region,95.0,5.0
National,94.0,5.0
Eastern Region,90.0,5.0
North-Eastern Region,84.0,5.0
Northen Region,87.0,5.0
Southern Region,95.0,5.0
Western Region,95.0,5.0
National,94.0,5.0
Eastern Region,90.0,5.0
North-Eastern Region,84.0,5.0
Northen Region,87.0,5.0
Southern Region,95.0,5.0
Western Region,95.0,5.0
National,94.0,5.0
Eastern Region,89.0,5.0
North-Eastern Region,84.0,5.0
Northen Region,87.0,5.0
Southern Region,95.0,5.0
Western Region,95.0,5.0
National,94.0,5.0
Eastern Region,89.0,5.0
North-Eastern Region,84.0,5.0
Northen Region,87.0,5.0
Southern Region,95.0,5.0
Western Region,95.0,5.0
National,94.0,5.0
Eastern Region,89.0,5.0
North-Eastern Region,84.0,5.0
Northen Region,87.0,5.0
Southern Region,95.0,5.0
Western Region,95.0,5.0
National,94.0,5.0
Eastern Region,89.0,5.0
North-Eastern Region,84.0,5.0
Northen Region,87.0,5.0
Southern Region,94.0,5.0
Western Region,95.0,5.0
National,94.0,5.0
Eastern Region,89.0,5.0
North-Eastern Region,83.0,5.0
Northen Region,87.0,5.0
Southern Region,94.0,5.0
Western Region,95.0,5.0
National,94.0,5.0
Eastern Region,89.0,5.0
North-Eastern Region,83.0,5.0
Northen Region,87.0,5.0
Southern Region,94.0,5.0
Western Region,95.0,5.0
National,94.0,5.0
Eastern Region,89.0,5.0
North-Eastern Region,83.0,5.0
Northen Region,87.0,5.0
Southern Region,94.0,5.0
Western Region,95.0,5.0
National,94.0,5.0
Eastern Region,89.0,5.0
North-Eastern Region,83.0,5.0
Northen Region,87.0,5.0
Southern Region,94.0,5.0
Western Region,95.0,5.0
National,94.0,5.0
Eastern Region,89.0,5.0
North-Eastern Region,83.0,5.0
Northen Region,87.0,5.0
Southern Region,94.0,5.0
Western Region,94.0,5.0
National,94.0,5.0
Eastern Region,89.0,5.0
North-Eastern Region,83.0,5.0
Northen Region,87.0,5.0
Southern Region,94.0,5.0
Western Region,94.0,5.0
National,94.0,5.0
Eastern Region,89.0,5.0
North-Eastern Region,83.0,5.0
Northen Region,87.0,5.0
Southern Region,94.0,5.0
Western Region,94.0,5.0
National,94.0,5.0
Eastern Region,89.0,5.0
North-Eastern Region,83.0,5.0
Northen Region,87.0,5.0
Southern Region,94.0,5.0
Western Region,94.0,5.0
National,94.0,5.0
Eastern Region,89.0,5.0
North-Eastern Region,83.0,5.0
Northen Region,87.0,5.0
Southern Region,94.0,5.0
Western Region,94.0,5.0
National,94.0,5.0
Eastern Region,89.0,5.0
North-Eastern Region,83.0,5.0
Northen Region,87.0,5.0
Southern Region,94.0,5.0
Western Region,94.0,5.0
National,94.0,5.0
Eastern Region,89.0,5.0
North-Eastern Region,83.0,5.0
Northen Region,87.0,5.0
Southern Region,94.0,5.0
Western Region,94.0,5.0
National,94.0,5.0
Eastern Region,89.0,5.0
North-Eastern Region,83.0,5.0
Northen Region,87.0,5.0
Southern Region,94.0,5.0
Western Region,94.0,5.0
National,94.0,5.0
Eastern Region,89.0,5.0
North-Eastern Region,83.0,5.0
Northen Region,87.0,5.0
Southern Region,94.0,5.0
Western Region,94.0,5.0
National,94.0,5.0
Eastern Region,89.0,5.0
North-Eastern Region,83.0,5.0
Northen Region,87.0,5.0
Southern Region,94.0,5.0
Western Region,94.0,5.0
National,94.0,5.0
Eastern Region,89.0,5.0
North-Eastern Region,83.0,5.0
Northen Region,87.0,5.0
Southern Region,94.0,5.0
Western Region,94.0,5.0
National,94.0,5.0
Eastern Region,89.0,5.0
North-Eastern Region,83.0,5.0
Northen Region,87.0,5.0
Southern Region,94.0,5.0
Western Region,94.0,5.0
National,94.0,5.0
Eastern Region,89.0,5.0
North-Eastern Region,83.0,5.0
Northen Region,87.0,5.0
Southern Region,94.0,5.0
Western Region,94.0,5.0
National,94.0,5.0
Eastern Region,89.0,5.0
North-Eastern Region,83.0,5.0
Northen Region,86.0,5.0
Southern Region,94.0,5.0
Western Region,94.0,5.0
National,94.0,5.0
Eastern Region,89.0,5.0
North-Eastern Region,83.0,5.0
Northen Region,86.0,5.0
Southern Region,94.0,5.0
Western Region,94.0,5.0
National,94.0,5.0
Eastern Region,89.0,5.0
North-Eastern Region,83.0,5.0
Northen Region,86.0,5.0
Southern Region,94.0,5.0
Western Region,94.0,5.0
National,94.0,5.0
Eastern Region,89.0,5.0
North-Eastern Region,83.0,5.0
Northen Region,86.0,5.0
Southern Region,94.0,5.0
Western Region,94.0,5.0
National,94.0,5.0
Eastern Region,89.0,5.0
North-Eastern Region,83.0,5.0
Northen Region,86.0,5.0
Southern Region,94.0,5.0
Western Region,94.0,5.0
National,94.0,5.0
Eastern Region,89.0,5.0
North-Eastern Region,82.0,5.0
Northen Region,86.0,5.0
Southern Region,94.0,5.0
Western Region,94.0,5.0
National,94.0,5.0
Eastern Region,89.0,5.0
North-Eastern Region,82.0,5.0
Northen Region,86.0,5.0
Southern Region,94.0,5.0
Western Region,94.0,5.0
National,94.0,5.0
Eastern Region,89.0,5.0
North-Eastern Region,82.0,5.0
Northen Region,86.0,5.0
Southern Region,94.0,5.0
Western Region,94.0,5.0
National,94.0,5.0
Eastern Region,89.0,5.0
North-Eastern Region,82.0,5.0
Northen Region,86.0,5.0
Southern Region,94.0,5.0
Western Region,94.0,5.0
National,94.0,5.0
Eastern Region,89.0,5.0
North-Eastern Region,82.0,5.0
Northen Region,86.0,5.0
Southern Region,94.0,5.0
Western Region,94.0,5.0
National,94.0,5.0
Eastern Region,89.0,5.0
North-Eastern Region,82.0,5.0
Northen Region,86.0,5.0
Southern Region,94.0,5.0
Western Region,94.0,5.0
National,94.0,5.0
Eastern Region,89.0,5.0
North-Eastern Region,82.0,5.0
Northen Region,86.0,5.0
Southern Region,94.0,5.0
Western Region,94.0,5.0
National,94.0,5.0
Eastern Region,89.0,5.0
North-Eastern Region,82.0,5.0
Northen Region,86.0,5.0
Southern Region,94.0,5.0
Western Region,94.0,5.0
National,94.0,5.0
Eastern Region,89.0,5.0
North-Eastern Region,82.0,5.0
Northen Region,86.0,5.0
Southern Region,94.0,5.0
Western Region,94.0,5.0
National,94.0,5.0
Eastern Region,89.0,5.0
North-Eastern Region,82.0,5.0
Northen Region,86.0,5.0
Southern Region,94.0,5.0
Western Region,94.0,5.0
National,94.0,6.0
Eastern Region,89.0,6.0
North-Eastern Region,82.0,6.0
Northen Region,86.0,6.0
Southern Region,94.0,6.0
Western Region,94.0,6.0
National,94.0,6.0
Eastern Region,89.0,6.0
North-Eastern Region,82.0,6.0
Northen Region,86.0,6.0
Southern Region,94.0,6.0
Western Region,94.0,6.0
National,94.0,6.0
Eastern Region,89.0,6.0
North-Eastern Region,82.0,6.0
Northen Region,86.0,6.0
Southern Region,94.0,6.0
Western Region,94.0,6.0
National,94.0,6.0
Eastern Region,89.0,6.0
North-Eastern Region,82.0,6.0
Northen Region,86.0,6.0
Southern Region,94.0,6.0
Western Region,94.0,6.0
National,94.0,6.0
Eastern Region,89.0,6.0
North-Eastern Region,82.0,6.0
Northen Region,86.0,6.0
Southern Region,94.0,6.0
Western Region,94.0,6.0
National,94.0,6.0
Eastern Region,89.0,6.0
North-Eastern Region,82.0,6.0
Northen Region,86.0,6.0
Southern Region,94.0,6.0
Western Region,94.0,6.0
National,94.0,6.0
Eastern Region,89.0,6.0
North-Eastern Region,82.0,6.0
Northen Region,86.0,6.0
Southern Region,94.0,6.0
Western Region,94.0,6.0
National,94.0,6.0
Eastern Region,88.0,6.0
North-Eastern Region,82.0,6.0
Northen Region,86.0,6.0
Southern Region,94.0,6.0
Western Region,94.0,6.0
National,94.0,6.0
Eastern Region,88.0,6.0
North-Eastern Region,82.0,6.0
Northen Region,86.0,6.0
Southern Region,94.0,6.0
Western Region,94.0,6.0
National,93.0,6.0
Eastern Region,88.0,6.0
North-Eastern Region,82.0,6.0
Northen Region,86.0,6.0
Southern Region,94.0,6.0
Western Region,94.0,6.0
National,93.0,6.0
Eastern Region,88.0,6.0
North-Eastern Region,82.0,6.0
Northen Region,86.0,6.0
Southern Region,94.0,6.0
Western Region,94.0,6.0
National,93.0,6.0
Eastern Region,88.0,6.0
North-Eastern Region,82.0,6.0
Northen Region,86.0,6.0
Southern Region,94.0,6.0
Western Region,94.0,6.0
National,93.0,6.0
Eastern Region,88.0,6.0
North-Eastern Region,82.0,6.0
Northen Region,86.0,6.0
Southern Region,94.0,6.0
Western Region,94.0,6.0
National,93.0,6.0
Eastern Region,88.0,6.0
North-Eastern Region,82.0,6.0
Northen Region,86.0,6.0
Southern Region,94.0,6.0
Western Region,94.0,6.0
National,93.0,6.0
Eastern Region,88.0,6.0
North-Eastern Region,82.0,6.0
Northen Region,86.0,6.0
Southern Region,94.0,6.0
Western Region,94.0,6.0
National,93.0,6.0
Eastern Region,88.0,6.0
North-Eastern Region,82.0,6.0
Northen Region,86.0,6.0
Southern Region,94.0,6.0
Western Region,94.0,6.0
National,93.0,6.0
Eastern Region,88.0,6.0
North-Eastern Region,82.0,6.0
Northen Region,86.0,6.0
Southern Region,94.0,6.0
Western Region,94.0,6.0
National,93.0,6.0
Eastern Region,88.0,6.0
North-Eastern Region,82.0,6.0
Northen Region,86.0,6.0
Southern Region,94.0,6.0
Western Region,94.0,6.0
National,93.0,6.0
Eastern Region,88.0,6.0
North-Eastern Region,82.0,6.0
Northen Region,86.0,6.0
Southern Region,94.0,6.0
Western Region,94.0,6.0
National,93.0,6.0
Eastern Region,88.0,6.0
North-Eastern Region,82.0,6.0
Northen Region,86.0,6.0
Southern Region,94.0,6.0
Western Region,94.0,6.0
National,93.0,6.0
Eastern Region,88.0,6.0
North-Eastern Region,81.0,6.0
Northen Region,86.0,6.0
Southern Region,94.0,6.0
Western Region,94.0,6.0
National,93.0,6.0
Eastern Region,88.0,6.0
North-Eastern Region,81.0,6.0
Northen Region,86.0,6.0
Southern Region,94.0,6.0
Western Region,94.0,6.0
National,93.0,6.0
Eastern Region,88.0,6.0
North-Eastern Region,81.0,6.0
Northen Region,86.0,6.0
Southern Region,94.0,6.0
Western Region,94.0,6.0
National,93.0,6.0
Eastern Region,88.0,6.0
North-Eastern Region,81.0,6.0
Northen Region,86.0,6.0
Southern Region,94.0,6.0
Western Region,94.0,6.0
National,93.0,6.0
Eastern Region,88.0,6.0
North-Eastern Region,81.0,6.0
Northen Region,86.0,6.0
Southern Region,94.0,6.0
Western Region,94.0,6.0
National,93.0,6.0
Eastern Region,88.0,6.0
North-Eastern Region,81.0,6.0
Northen Region,86.0,6.0
Southern Region,94.0,6.0
Western Region,94.0,6.0
National,93.0,6.0
Eastern Region,88.0,6.0
North-Eastern Region,81.0,6.0
Northen Region,86.0,6.0
Southern Region,94.0,6.0
Western Region,94.0,6.0
National,93.0,6.0
Eastern Region,88.0,6.0
North-Eastern Region,81.0,6.0
Northen Region,85.0,6.0
Southern Region,94.0,6.0
Western Region,94.0,6.0
National,93.0,6.0
Eastern Region,88.0,6.0
North-Eastern Region,81.0,6.0
Northen Region,85.0,6.0
Southern Region,94.0,6.0
Western Region,94.0,6.0
National,93.0,6.0
Eastern Region,88.0,6.0
North-Eastern Region,81.0,6.0
Northen Region,85.0,6.0
Southern Region,94.0,6.0
Western Region,94.0,6.0
National,93.0,6.0
Eastern Region,88.0,6.0
North-Eastern Region,81.0,6.0
Northen Region,85.0,6.0
Southern Region,94.0,6.0
Western Region,94.0,6.0
National,93.0,6.0
Eastern Region,88.0,6.0
North-Eastern Region,81.0,6.0
Northen Region,85.0,6.0
Southern Region,94.0,6.0
Western Region,94.0,6.0
National,93.0,6.0
Eastern Region,88.0,6.0
North-Eastern Region,81.0,6.0
Northen Region,85.0,6.0
Southern Region,94.0,6.0
Western Region,94.0,6.0
National,93.0,6.0
Eastern Region,88.0,6.0
North-Eastern Region,81.0,6.0
Northen Region,85.0,6.0
Southern Region,94.0,6.0
Western Region,94.0,6.0
National,93.0,6.0
Eastern Region,88.0,6.0
North-Eastern Region,81.0,6.0
Northen Region,85.0,6.0
Southern Region,94.0,6.0
Western Region,94.0,6.0
National,93.0,6.0
Eastern Region,88.0,6.0
North-Eastern Region,81.0,6.0
Northen Region,85.0,6.0
Southern Region,93.0,6.0
Western Region,94.0,6.0
National,93.0,6.0
Eastern Region,88.0,6.0
North-Eastern Region,81.0,6.0
Northen Region,85.0,6.0
Southern Region,93.0,6.0
Western Region,94.0,6.0
National,93.0,6.0
Eastern Region,88.0,6.0
North-Eastern Region,81.0,6.0
Northen Region,85.0,6.0
Southern Region,93.0,6.0
Western Region,94.0,6.0
National,93.0,6.0
Eastern Region,88.0,6.0
North-Eastern Region,81.0,6.0
Northen Region,85.0,6.0
Southern Region,93.0,6.0
Western Region,94.0,6.0
National,93.0,6.0
Eastern Region,88.0,6.0
North-Eastern Region,81.0,6.0
Northen Region,85.0,6.0
Southern Region,93.0,6.0
Western Region,94.0,6.0
National,93.0,6.0
Eastern Region,88.0,6.0
North-Eastern Region,81.0,6.0
Northen Region,85.0,6.0
Southern Region,93.0,6.0
Western Region,94.0,6.0
National,93.0,6.0
Eastern Region,88.0,6.0
North-Eastern Region,81.0,6.0
Northen Region,85.0,6.0
Southern Region,93.0,6.0
Western Region,94.0,6.0
National,93.0,6.0
Eastern Region,88.0,6.0
North-Eastern Region,81.0,6.0
Northen Region,85.0,6.0
Southern Region,93.0,6.0
Western Region,94.0,6.0
National,93.0,6.0
Eastern Region,88.0,6.0
North-Eastern Region,81.0,6.0
Northen Region,85.0,6.0
Southern Region,93.0,6.0
Western Region,94.0,6.0
National,93.0,7.0
Eastern Region,88.0,7.0
North-Eastern Region,81.0,7.0
Northen Region,85.0,7.0
Southern Region,93.0,7.0
Western Region,94.0,7.0
National,93.0,7.0
Eastern Region,88.0,7.0
North-Eastern Region,81.0,7.0
Northen Region,85.0,7.0
Southern Region,93.0,7.0
Western Region,94.0,7.0
National,93.0,7.0
Eastern Region,88.0,7.0
North-Eastern Region,81.0,7.0
Northen Region,85.0,7.0
Southern Region,93.0,7.0
Western Region,94.0,7.0
National,93.0,7.0
Eastern Region,88.0,7.0
North-Eastern Region,81.0,7.0
Northen Region,85.0,7.0
Southern Region,93.0,7.0
Western Region,94.0,7.0
National,93.0,7.0
Eastern Region,88.0,7.0
North-Eastern Region,80.0,7.0
Northen Region,85.0,7.0
Southern Region,93.0,7.0
Western Region,94.0,7.0
National,93.0,7.0
Eastern Region,88.0,7.0
North-Eastern Region,80.0,7.0
Northen Region,85.0,7.0
Southern Region,93.0,7.0
Western Region,94.0,7.0
National,93.0,7.0
Eastern Region,88.0,7.0
North-Eastern Region,80.0,7.0
Northen Region,85.0,7.0
Southern Region,93.0,7.0
Western Region,94.0,7.0
National,93.0,7.0
Eastern Region,88.0,7.0
North-Eastern Region,80.0,7.0
Northen Region,85.0,7.0
Southern Region,93.0,7.0
Western Region,94.0,7.0
National,93.0,7.0
Eastern Region,88.0,7.0
North-Eastern Region,80.0,7.0
Northen Region,85.0,7.0
Southern Region,93.0,7.0
Western Region,94.0,7.0
National,93.0,7.0
Eastern Region,88.0,7.0
North-Eastern Region,80.0,7.0
Northen Region,85.0,7.0
Southern Region,93.0,7.0
Western Region,94.0,7.0
National,93.0,7.0
Eastern Region,88.0,7.0
North-Eastern Region,80.0,7.0
Northen Region,85.0,7.0
Southern Region,93.0,7.0
Western Region,94.0,7.0
National,93.0,7.0
Eastern Region,88.0,7.0
North-Eastern Region,80.0,7.0
Northen Region,85.0,7.0
Southern Region,93.0,7.0
Western Region,94.0,7.0
National,93.0,7.0
Eastern Region,88.0,7.0
North-Eastern Region,80.0,7.0
Northen Region,85.0,7.0
Southern Region,93.0,7.0
Western Region,94.0,7.0
National,93.0,7.0
Eastern Region,88.0,7.0
North-Eastern Region,80.0,7.0
Northen Region,85.0,7.0
Southern Region,93.0,7.0
Western Region,94.0,7.0
National,93.0,7.0
Eastern Region,88.0,7.0
North-Eastern Region,80.0,7.0
Northen Region,85.0,7.0
Southern Region,93.0,7.0
Western Region,94.0,7.0
National,93.0,7.0
Eastern Region,88.0,7.0
North-Eastern Region,80.0,7.0
Northen Region,85.0,7.0
Southern Region,93.0,7.0
Western Region,93.0,7.0
National,93.0,7.0
Eastern Region,88.0,7.0
North-Eastern Region,80.0,7.0
Northen Region,85.0,7.0
Southern Region,93.0,7.0
Western Region,93.0,7.0
National,93.0,7.0
Eastern Region,88.0,7.0
North-Eastern Region,80.0,7.0
Northen Region,85.0,7.0
Southern Region,93.0,7.0
Western Region,93.0,7.0
National,93.0,7.0
Eastern Region,88.0,7.0
North-Eastern Region,80.0,7.0
Northen Region,85.0,7.0
Southern Region,93.0,7.0
Western Region,93.0,7.0
National,93.0,7.0
Eastern Region,88.0,7.0
North-Eastern Region,80.0,7.0
Northen Region,85.0,7.0
Southern Region,93.0,7.0
Western Region,93.0,7.0
National,93.0,7.0
Eastern Region,88.0,7.0
North-Eastern Region,80.0,7.0
Northen Region,85.0,7.0
Southern Region,93.0,7.0
Western Region,93.0,7.0
National,93.0,7.0
Eastern Region,88.0,7.0
North-Eastern Region,80.0,7.0
Northen Region,85.0,7.0
Southern Region,93.0,7.0
Western Region,93.0,7.0
National,93.0,7.0
Eastern Region,88.0,7.0
North-Eastern Region,80.0,7.0
Northen Region,84.0,7.0
Southern Region,93.0,7.0
Western Region,93.0,7.0
National,93.0,7.0
Eastern Region,88.0,7.0
North-Eastern Region,80.0,7.0
Northen Region,84.0,7.0
Southern Region,93.0,7.0
Western Region,93.0,7.0
National,93.0,7.0
Eastern Region,88.0,7.0
North-Eastern Region,80.0,7.0
Northen Region,84.0,7.0
Southern Region,93.0,7.0
Western Region,93.0,7.0
National,93.0,7.0
Eastern Region,88.0,7.0
North-Eastern Region,80.0,7.0
Northen Region,84.0,7.0
Southern Region,93.0,7.0
Western Region,93.0,7.0
National,93.0,7.0
Eastern Region,88.0,7.0
North-Eastern Region,80.0,7.0
Northen Region,84.0,7.0
Southern Region,93.0,7.0
Western Region,93.0,7.0
National,93.0,7.0
Eastern Region,88.0,7.0
North-Eastern Region,80.0,7.0
Northen Region,84.0,7.0
Southern Region,93.0,7.0
Western Region,93.0,7.0
National,93.0,7.0
Eastern Region,88.0,7.0
North-Eastern Region,80.0,7.0
Northen Region,84.0,7.0
Southern Region,93.0,7.0
Western Region,93.0,7.0
National,93.0,7.0
Eastern Region,88.0,7.0
North-Eastern Region,80.0,7.0
Northen Region,84.0,7.0
Southern Region,93.0,7.0
Western Region,93.0,7.0
National,93.0,7.0
Eastern Region,88.0,7.0
North-Eastern Region,80.0,7.0
Northen Region,84.0,7.0
Southern Region,93.0,7.0
Western Region,93.0,7.0
National,93.0,7.0
Eastern Region,88.0,7.0
North-Eastern Region,80.0,7.0
Northen Region,84.0,7.0
Southern Region,93.0,7.0
Western Region,93.0,7.0
National,93.0,7.0
Eastern Region,88.0,7.0
North-Eastern Region,80.0,7.0
Northen Region,84.0,7.0
Southern Region,93.0,7.0
Western Region,93.0,7.0
National,93.0,7.0
Eastern Region,88.0,7.0
North-Eastern Region,80.0,7.0
Northen Region,84.0,7.0
Southern Region,93.0,7.0
Western Region,93.0,7.0
National,93.0,7.0
Eastern Region,88.0,7.0
North-Eastern Region,80.0,7.0
Northen Region,84.0,7.0
Southern Region,93.0,7.0
Western Region,93.0,7.0
National,93.0,7.0
Eastern Region,88.0,7.0
North-Eastern Region,80.0,7.0
Northen Region,84.0,7.0
Southern Region,93.0,7.0
Western Region,93.0,7.0
National,93.0,7.0
Eastern Region,88.0,7.0
North-Eastern Region,80.0,7.0
Northen Region,84.0,7.0
Southern Region,93.0,7.0
Western Region,93.0,7.0
National,93.0,7.0
Eastern Region,87.0,7.0
North-Eastern Region,79.0,7.0
Northen Region,84.0,7.0
Southern Region,93.0,7.0
Western Region,93.0,7.0
National,93.0,7.0
Eastern Region,87.0,7.0
North-Eastern Region,79.0,7.0
Northen Region,84.0,7.0
Southern Region,93.0,7.0
Western Region,93.0,7.0
National,93.0,7.0
Eastern Region,87.0,7.0
North-Eastern Region,79.0,7.0
Northen Region,84.0,7.0
Southern Region,93.0,7.0
Western Region,93.0,7.0
National,93.0,7.0
Eastern Region,87.0,7.0
North-Eastern Region,79.0,7.0
Northen Region,84.0,7.0
Southern Region,93.0,7.0
Western Region,93.0,7.0
National,93.0,7.0
Eastern Region,87.0,7.0
North-Eastern Region,79.0,7.0
Northen Region,84.0,7.0
Southern Region,93.0,7.0
Western Region,93.0,7.0
National,93.0,7.0
Eastern Region,87.0,7.0
North-Eastern Region,79.0,7.0
Northen Region,84.0,7.0
Southern Region,93.0,7.0
Western Region,93.0,7.0
National,93.0,8.0
Eastern Region,87.0,8.0
North-Eastern Region,79.0,8.0
Northen Region,84.0,8.0
Southern Region,93.0,8.0
Western Region,93.0,8.0
National,93.0,8.0
Eastern Region,87.0,8.0
North-Eastern Region,79.0,8.0
Northen Region,84.0,8.0
Southern Region,93.0,8.0
Western Region,93.0,8.0
National,93.0,8.0
Eastern Region,87.0,8.0
North-Eastern Region,79.0,8.0
Northen Region,84.0,8.0
Southern Region,93.0,8.0
Western Region,93.0,8.0
National,93.0,8.0
Eastern Region,87.0,8.0
North-Eastern Region,79.0,8.0
Northen Region,84.0,8.0
Southern Region,93.0,8.0
Western Region,93.0,8.0
National,93.0,8.0
Eastern Region,87.0,8.0
North-Eastern Region,79.0,8.0
Northen Region,84.0,8.0
Southern Region,93.0,8.0
Western Region,93.0,8.0
National,93.0,8.0
Eastern Region,87.0,8.0
North-Eastern Region,79.0,8.0
Northen Region,84.0,8.0
Southern Region,93.0,8.0
Western Region,93.0,8.0
National,93.0,8.0
Eastern Region,87.0,8.0
North-Eastern Region,79.0,8.0
Northen Region,84.0,8.0
Southern Region,93.0,8.0
Western Region,93.0,8.0
National,93.0,8.0
Eastern Region,87.0,8.0
North-Eastern Region,79.0,8.0
Northen Region,84.0,8.0
Southern Region,93.0,8.0
Western Region,93.0,8.0
National,93.0,8.0
Eastern Region,87.0,8.0
North-Eastern Region,79.0,8.0
Northen Region,84.0,8.0
Southern Region,92.0,8.0
Western Region,93.0,8.0
National,93.0,8.0
Eastern Region,87.0,8.0
North-Eastern Region,79.0,8.0
Northen Region,84.0,8.0
Southern Region,92.0,8.0
Western Region,93.0,8.0
National,93.0,8.0
Eastern Region,87.0,8.0
North-Eastern Region,79.0,8.0
Northen Region,84.0,8.0
Southern Region,92.0,8.0
Western Region,93.0,8.0
National,93.0,8.0
Eastern Region,87.0,8.0
North-Eastern Region,79.0,8.0
Northen Region,84.0,8.0
Southern Region,92.0,8.0
Western Region,93.0,8.0
National,93.0,8.0
Eastern Region,87.0,8.0
North-Eastern Region,79.0,8.0
Northen Region,84.0,8.0
Southern Region,92.0,8.0
Western Region,93.0,8.0
National,93.0,8.0
Eastern Region,87.0,8.0
North-Eastern Region,79.0,8.0
Northen Region,84.0,8.0
Southern Region,92.0,8.0
Western Region,93.0,8.0
National,93.0,8.0
Eastern Region,87.0,8.0
North-Eastern Region,79.0,8.0
Northen Region,84.0,8.0
Southern Region,92.0,8.0
Western Region,93.0,8.0
National,93.0,8.0
Eastern Region,87.0,8.0
North-Eastern Region,79.0,8.0
Northen Region,84.0,8.0
Southern Region,92.0,8.0
Western Region,93.0,8.0
National,93.0,8.0
Eastern Region,87.0,8.0
North-Eastern Region,79.0,8.0
Northen Region,84.0,8.0
Southern Region,92.0,8.0
Western Region,93.0,8.0
National,93.0,8.0
Eastern Region,87.0,8.0
North-Eastern Region,79.0,8.0
Northen Region,84.0,8.0
Southern Region,92.0,8.0
Western Region,93.0,8.0
National,93.0,8.0
Eastern Region,87.0,8.0
North-Eastern Region,79.0,8.0
Northen Region,84.0,8.0
Southern Region,92.0,8.0
Western Region,93.0,8.0
National,93.0,8.0
Eastern Region,87.0,8.0
North-Eastern Region,79.0,8.0
Northen Region,83.0,8.0
Southern Region,92.0,8.0
Western Region,93.0,8.0
National,93.0,8.0
Eastern Region,87.0,8.0
North-Eastern Region,79.0,8.0
Northen Region,83.0,8.0
Southern Region,92.0,8.0
Western Region,93.0,8.0
National,92.0,8.0
Eastern Region,87.0,8.0
North-Eastern Region,79.0,8.0
Northen Region,83.0,8.0
Southern Region,92.0,8.0
Western Region,93.0,8.0
National,92.0,8.0
Eastern Region,87.0,8.0
North-Eastern Region,79.0,8.0
Northen Region,83.0,8.0
Southern Region,92.0,8.0
Western Region,93.0,8.0
National,92.0,8.0
Eastern Region,87.0,8.0
North-Eastern Region,79.0,8.0
Northen Region,83.0,8.0
Southern Region,92.0,8.0
Western Region,93.0,8.0
National,92.0,8.0
Eastern Region,87.0,8.0
North-Eastern Region,79.0,8.0
Northen Region,83.0,8.0
Southern Region,92.0,8.0
Western Region,93.0,8.0
National,92.0,8.0
Eastern Region,87.0,8.0
North-Eastern Region,79.0,8.0
Northen Region,83.0,8.0
Southern Region,92.0,8.0
Western Region,93.0,8.0
National,92.0,8.0
Eastern Region,87.0,8.0
North-Eastern Region,78.0,8.0
Northen Region,83.0,8.0
Southern Region,92.0,8.0
Western Region,93.0,8.0
National,92.0,8.0
Eastern Region,87.0,8.0
North-Eastern Region,78.0,8.0
Northen Region,83.0,8.0
Southern Region,92.0,8.0
Western Region,93.0,8.0
National,92.0,8.0
Eastern Region,87.0,8.0
North-Eastern Region,78.0,8.0
Northen Region,83.0,8.0
Southern Region,92.0,8.0
Western Region,93.0,8.0
National,92.0,8.0
Eastern Region,87.0,8.0
North-Eastern Region,78.0,8.0
Northen Region,83.0,8.0
Southern Region,92.0,8.0
Western Region,93.0,8.0
National,92.0,8.0
Eastern Region,87.0,8.0
North-Eastern Region,78.0,8.0
Northen Region,83.0,8.0
Southern Region,92.0,8.0
Western Region,93.0,8.0
National,92.0,8.0
Eastern Region,87.0,8.0
North-Eastern Region,78.0,8.0
Northen Region,83.0,8.0
Southern Region,92.0,8.0
Western Region,93.0,8.0
National,92.0,8.0
Eastern Region,87.0,8.0
North-Eastern Region,78.0,8.0
Northen Region,83.0,8.0
Southern Region,92.0,8.0
Western Region,93.0,8.0
National,92.0,8.0
Eastern Region,87.0,8.0
North-Eastern Region,78.0,8.0
Northen Region,83.0,8.0
Southern Region,92.0,8.0
Western Region,93.0,8.0
National,92.0,8.0
Eastern Region,87.0,8.0
North-Eastern Region,78.0,8.0
Northen Region,83.0,8.0
Southern Region,92.0,8.0
Western Region,93.0,8.0
National,92.0,8.0
Eastern Region,87.0,8.0
North-Eastern Region,78.0,8.0
Northen Region,83.0,8.0
Southern Region,92.0,8.0
Western Region,93.0,8.0
National,92.0,8.0
Eastern Region,87.0,8.0
North-Eastern Region,78.0,8.0
Northen Region,83.0,8.0
Southern Region,92.0,8.0
Western Region,93.0,8.0
National,92.0,8.0
Eastern Region,87.0,8.0
North-Eastern Region,78.0,8.0
Northen Region,83.0,8.0
Southern Region,92.0,8.0
Western Region,93.0,8.0
National,92.0,8.0
Eastern Region,87.0,8.0
North-Eastern Region,78.0,8.0
Northen Region,83.0,8.0
Southern Region,92.0,8.0
Western Region,93.0,8.0
National,92.0,8.0
Eastern Region,87.0,8.0
North-Eastern Region,78.0,8.0
Northen Region,83.0,8.0
Southern Region,92.0,8.0
Western Region,93.0,8.0
National,92.0,8.0
Eastern Region,87.0,8.0
North-Eastern Region,78.0,8.0
Northen Region,83.0,8.0
Southern Region,92.0,8.0
Western Region,93.0,8.0
National,92.0,8.0
Eastern Region,87.0,8.0
North-Eastern Region,78.0,8.0
Northen Region,83.0,8.0
Southern Region,92.0,8.0
Western Region,93.0,8.0
National,92.0,8.0
Eastern Region,87.0,8.0
North-Eastern Region,78.0,8.0
Northen Region,83.0,8.0
Southern Region,92.0,8.0
Western Region,93.0,8.0
National,92.0,8.0
Eastern Region,87.0,8.0
North-Eastern Region,78.0,8.0
Northen Region,83.0,8.0
Southern Region,92.0,8.0
Western Region,93.0,8.0
National,92.0,9.0
Eastern Region,87.0,9.0
North-Eastern Region,78.0,9.0
Northen Region,83.0,9.0
Southern Region,92.0,9.0
Western Region,93.0,9.0
National,92.0,9.0
Eastern Region,87.0,9.0
North-Eastern Region,78.0,9.0
Northen Region,83.0,9.0
Southern Region,92.0,9.0
Western Region,93.0,9.0
National,92.0,9.0
Eastern Region,87.0,9.0
North-Eastern Region,78.0,9.0
Northen Region,83.0,9.0
Southern Region,92.0,9.0
Western Region,93.0,9.0
National,92.0,9.0
Eastern Region,87.0,9.0
North-Eastern Region,78.0,9.0
Northen Region,83.0,9.0
Southern Region,92.0,9.0
Western Region,93.0,9.0
National,92.0,9.0
Eastern Region,87.0,9.0
North-Eastern Region,78.0,9.0
Northen Region,83.0,9.0
Southern Region,92.0,9.0
Western Region,93.0,9.0
National,92.0,9.0
Eastern Region,87.0,9.0
North-Eastern Region,78.0,9.0
Northen Region,83.0,9.0
Southern Region,92.0,9.0
Western Region,93.0,9.0
National,92.0,9.0
Eastern Region,87.0,9.0
North-Eastern Region,78.0,9.0
Northen Region,83.0,9.0
Southern Region,92.0,9.0
Western Region,93.0,9.0
National,92.0,9.0
Eastern Region,87.0,9.0
North-Eastern Region,78.0,9.0
Northen Region,83.0,9.0
Southern Region,92.0,9.0
Western Region,93.0,9.0
National,92.0,9.0
Eastern Region,87.0,9.0
North-Eastern Region,78.0,9.0
Northen Region,83.0,9.0
Southern Region,92.0,9.0
Western Region,93.0,9.0
National,92.0,9.0
Eastern Region,87.0,9.0
North-Eastern Region,78.0,9.0
Northen Region,83.0,9.0
Southern Region,92.0,9.0
Western Region,93.0,9.0
National,92.0,9.0
Eastern Region,87.0,9.0
North-Eastern Region,78.0,9.0
Northen Region,83.0,9.0
Southern Region,92.0,9.0
Western Region,93.0,9.0
National,92.0,9.0
Eastern Region,87.0,9.0
North-Eastern Region,78.0,9.0
Northen Region,83.0,9.0
Southern Region,92.0,9.0
Western Region,93.0,9.0
National,92.0,9.0
Eastern Region,87.0,9.0
North-Eastern Region,78.0,9.0
Northen Region,83.0,9.0
Southern Region,92.0,9.0
Western Region,93.0,9.0
National,92.0,9.0
Eastern Region,87.0,9.0
North-Eastern Region,78.0,9.0
Northen Region,83.0,9.0
Southern Region,92.0,9.0
Western Region,93.0,9.0
National,92.0,9.0
Eastern Region,87.0,9.0
North-Eastern Region,78.0,9.0
Northen Region,82.0,9.0
Southern Region,92.0,9.0
Western Region,93.0,9.0
National,92.0,9.0
Eastern Region,87.0,9.0
North-Eastern Region,78.0,9.0
Northen Region,82.0,9.0
Southern Region,92.0,9.0
Western Region,93.0,9.0
National,92.0,9.0
Eastern Region,87.0,9.0
North-Eastern Region,78.0,9.0
Northen Region,82.0,9.0
Southern Region,92.0,9.0
Western Region,92.0,9.0
National,92.0,9.0
Eastern Region,87.0,9.0
North-Eastern Region,78.0,9.0
Northen Region,82.0,9.0
Southern Region,92.0,9.0
Western Region,92.0,9.0
National,92.0,9.0
Eastern Region,87.0,9.0
North-Eastern Region,78.0,9.0
Northen Region,82.0,9.0
Southern Region,92.0,9.0
Western Region,92.0,9.0
National,92.0,9.0
Eastern Region,87.0,9.0
North-Eastern Region,78.0,9.0
Northen Region,82.0,9.0
Southern Region,92.0,9.0
Western Region,92.0,9.0
National,92.0,9.0
Eastern Region,87.0,9.0
North-Eastern Region,78.0,9.0
Northen Region,82.0,9.0
Southern Region,92.0,9.0
Western Region,92.0,9.0
National,92.0,9.0
Eastern Region,87.0,9.0
North-Eastern Region,78.0,9.0
Northen Region,82.0,9.0
Southern Region,92.0,9.0
Western Region,92.0,9.0
National,92.0,9.0
Eastern Region,87.0,9.0
North-Eastern Region,78.0,9.0
Northen Region,82.0,9.0
Southern Region,92.0,9.0
Western Region,92.0,9.0
National,92.0,9.0
Eastern Region,87.0,9.0
North-Eastern Region,78.0,9.0
Northen Region,82.0,9.0
Southern Region,92.0,9.0
Western Region,92.0,9.0
National,92.0,9.0
Eastern Region,86.0,9.0
North-Eastern Region,78.0,9.0
Northen Region,82.0,9.0
Southern Region,92.0,9.0
Western Region,92.0,9.0
National,92.0,9.0
Eastern Region,86.0,9.0
North-Eastern Region,78.0,9.0
Northen Region,82.0,9.0
Southern Region,91.0,9.0
Western Region,92.0,9.0
National,92.0,9.0
Eastern Region,86.0,9.0
North-Eastern Region,78.0,9.0
Northen Region,82.0,9.0
Southern Region,91.0,9.0
Western Region,92.0,9.0
National,92.0,9.0
Eastern Region,86.0,9.0
North-Eastern Region,78.0,9.0
Northen Region,82.0,9.0
Southern Region,91.0,9.0
Western Region,92.0,9.0
National,92.0,9.0
Eastern Region,86.0,9.0
North-Eastern Region,78.0,9.0
Northen Region,82.0,9.0
Southern Region,91.0,9.0
Western Region,92.0,9.0
National,92.0,9.0
Eastern Region,86.0,9.0
North-Eastern Region,78.0,9.0
Northen Region,82.0,9.0
Southern Region,91.0,9.0
Western Region,92.0,9.0
National,92.0,9.0
Eastern Region,86.0,9.0
North-Eastern Region,78.0,9.0
Northen Region,82.0,9.0
Southern Region,91.0,9.0
Western Region,92.0,9.0
National,92.0,9.0
Eastern Region,86.0,9.0
North-Eastern Region,78.0,9.0
Northen Region,82.0,9.0
Southern Region,91.0,9.0
Western Region,92.0,9.0
National,92.0,9.0
Eastern Region,86.0,9.0
North-Eastern Region,78.0,9.0
Northen Region,82.0,9.0
Southern Region,91.0,9.0
Western Region,92.0,9.0
National,92.0,9.0
Eastern Region,86.0,9.0
North-Eastern Region,78.0,9.0
Northen Region,82.0,9.0
Southern Region,91.0,9.0
Western Region,92.0,9.0
National,92.0,9.0
Eastern Region,86.0,9.0
North-Eastern Region,78.0,9.0
Northen Region,82.0,9.0
Southern Region,91.0,9.0
Western Region,92.0,9.0
National,92.0,9.0
Eastern Region,86.0,9.0
North-Eastern Region,78.0,9.0
Northen Region,82.0,9.0
Southern Region,91.0,9.0
Western Region,92.0,9.0
National,92.0,9.0
Eastern Region,86.0,9.0
North-Eastern Region,78.0,9.0
Northen Region,82.0,9.0
Southern Region,91.0,9.0
Western Region,92.0,9.0
National,92.0,9.0
Eastern Region,86.0,9.0
North-Eastern Region,78.0,9.0
Northen Region,82.0,9.0
Southern Region,91.0,9.0
Western Region,92.0,9.0
National,92.0,9.0
Eastern Region,86.0,9.0
North-Eastern Region,77.0,9.0
Northen Region,82.0,9.0
Southern Region,91.0,9.0
Western Region,92.0,9.0
National,92.0,9.0
Eastern Region,86.0,9.0
North-Eastern Region,77.0,9.0
Northen Region,82.0,9.0
Southern Region,91.0,9.0
Western Region,92.0,9.0
National,92.0,9.0
Eastern Region,86.0,9.0
North-Eastern Region,77.0,9.0
Northen Region,82.0,9.0
Southern Region,91.0,9.0
Western Region,92.0,9.0
National,92.0,9.0
Eastern Region,86.0,9.0
North-Eastern Region,77.0,9.0
Northen Region,82.0,9.0
Southern Region,91.0,9.0
Western Region,92.0,9.0
National,92.0,9.0
Eastern Region,86.0,9.0
North-Eastern Region,77.0,9.0
Northen Region,82.0,9.0
Southern Region,91.0,9.0
Western Region,92.0,9.0
National,92.0,10.0
Eastern Region,86.0,10.0
North-Eastern Region,77.0,10.0
Northen Region,82.0,10.0
Southern Region,91.0,10.0
Western Region,92.0,10.0
National,92.0,10.0
Eastern Region,86.0,10.0
North-Eastern Region,77.0,10.0
Northen Region,82.0,10.0
Southern Region,91.0,10.0
Western Region,92.0,10.0
National,92.0,10.0
Eastern Region,86.0,10.0
North-Eastern Region,77.0,10.0
Northen Region,82.0,10.0
Southern Region,91.0,10.0
Western Region,92.0,10.0
National,92.0,10.0
Eastern Region,86.0,10.0
North-Eastern Region,77.0,10.0
Northen Region,82.0,10.0
Southern Region,91.0,10.0
Western Region,92.0,10.0
National,92.0,10.0
Eastern Region,86.0,10.0
North-Eastern Region,77.0,10.0
Northen Region,82.0,10.0
Southern Region,91.0,10.0
Western Region,92.0,10.0
National,92.0,10.0
Eastern Region,86.0,10.0
North-Eastern Region,77.0,10.0
Northen Region,82.0,10.0
Southern Region,91.0,10.0
Western Region,92.0,10.0
National,92.0,10.0
Eastern Region,86.0,10.0
North-Eastern Region,77.0,10.0
Northen Region,81.0,10.0
Southern Region,91.0,10.0
Western Region,92.0,10.0
National,92.0,10.0
Eastern Region,86.0,10.0
North-Eastern Region,77.0,10.0
Northen Region,81.0,10.0
Southern Region,91.0,10.0
Western Region,92.0,10.0
National,92.0,10.0
Eastern Region,86.0,10.0
North-Eastern Region,77.0,10.0
Northen Region,81.0,10.0
Southern Region,91.0,10.0
Western Region,92.0,10.0
National,92.0,10.0
Eastern Region,86.0,10.0
North-Eastern Region,77.0,10.0
Northen Region,81.0,10.0
Southern Region,91.0,10.0
Western Region,92.0,10.0
National,92.0,10.0
Eastern Region,86.0,10.0
North-Eastern Region,77.0,10.0
Northen Region,81.0,10.0
Southern Region,91.0,10.0
Western Region,92.0,10.0
National,92.0,10.0
Eastern Region,86.0,10.0
North-Eastern Region,77.0,10.0
Northen Region,81.0,10.0
Southern Region,91.0,10.0
Western Region,92.0,10.0
National,92.0,10.0
Eastern Region,86.0,10.0
North-Eastern Region,77.0,10.0
Northen Region,81.0,10.0
Southern Region,91.0,10.0
Western Region,92.0,10.0
National,92.0,10.0
Eastern Region,86.0,10.0
North-Eastern Region,77.0,10.0
Northen Region,81.0,10.0
Southern Region,91.0,10.0
Western Region,92.0,10.0
National,92.0,10.0
Eastern Region,86.0,10.0
North-Eastern Region,77.0,10.0
Northen Region,81.0,10.0
Southern Region,91.0,10.0
Western Region,92.0,10.0
National,92.0,10.0
Eastern Region,86.0,10.0
North-Eastern Region,77.0,10.0
Northen Region,81.0,10.0
Southern Region,91.0,10.0
Western Region,92.0,10.0
National,92.0,10.0
Eastern Region,86.0,10.0
North-Eastern Region,77.0,10.0
Northen Region,81.0,10.0
Southern Region,91.0,10.0
Western Region,92.0,10.0
National,92.0,10.0
Eastern Region,86.0,10.0
North-Eastern Region,77.0,10.0
Northen Region,81.0,10.0
Southern Region,91.0,10.0
Western Region,92.0,10.0
National,92.0,10.0
Eastern Region,86.0,10.0
North-Eastern Region,77.0,10.0
Northen Region,81.0,10.0
Southern Region,91.0,10.0
Western Region,92.0,10.0
National,92.0,10.0
Eastern Region,86.0,10.0
North-Eastern Region,77.0,10.0
Northen Region,81.0,10.0
Southern Region,91.0,10.0
Western Region,92.0,10.0
National,92.0,10.0
Eastern Region,86.0,10.0
North-Eastern Region,77.0,10.0
Northen Region,81.0,10.0
Southern Region,91.0,10.0
Western Region,92.0,10.0
National,92.0,10.0
Eastern Region,86.0,10.0
North-Eastern Region,77.0,10.0
Northen Region,81.0,10.0
Southern Region,91.0,10.0
Western Region,92.0,10.0
National,92.0,10.0
Eastern Region,86.0,10.0
North-Eastern Region,77.0,10.0
Northen Region,81.0,10.0
Southern Region,91.0,10.0
Western Region,92.0,10.0
National,92.0,10.0
Eastern Region,86.0,10.0
North-Eastern Region,77.0,10.0
Northen Region,81.0,10.0
Southern Region,91.0,10.0
Western Region,92.0,10.0
National,92.0,10.0
Eastern Region,86.0,10.0
North-Eastern Region,77.0,10.0
Northen Region,81.0,10.0
Southern Region,91.0,10.0
Western Region,92.0,10.0
National,92.0,10.0
Eastern Region,86.0,10.0
North-Eastern Region,77.0,10.0
Northen Region,81.0,10.0
Southern Region,91.0,10.0
Western Region,92.0,10.0
National,92.0,10.0
Eastern Region,86.0,10.0
North-Eastern Region,77.0,10.0
Northen Region,81.0,10.0
Southern Region,91.0,10.0
Western Region,92.0,10.0
National,92.0,10.0
Eastern Region,86.0,10.0
North-Eastern Region,77.0,10.0
Northen Region,81.0,10.0
Southern Region,91.0,10.0
Western Region,92.0,10.0
National,92.0,10.0
Eastern Region,86.0,10.0
North-Eastern Region,77.0,10.0
Northen Region,81.0,10.0
Southern Region,91.0,10.0
Western Region,92.0,10.0
National,92.0,10.0
Eastern Region,86.0,10.0
North-Eastern Region,77.0,10.0
Northen Region,81.0,10.0
Southern Region,91.0,10.0
Western Region,92.0,10.0
National,92.0,10.0
Eastern Region,86.0,10.0
North-Eastern Region,77.0,10.0
Northen Region,81.0,10.0
Southern Region,91.0,10.0
Western Region,92.0,10.0
National,92.0,10.0
Eastern Region,86.0,10.0
North-Eastern Region,77.0,10.0
Northen Region,81.0,10.0
Southern Region,91.0,10.0
Western Region,92.0,10.0
National,92.0,10.0
Eastern Region,86.0,10.0
North-Eastern Region,77.0,10.0
Northen Region,81.0,10.0
Southern Region,91.0,10.0
Western Region,92.0,10.0
National,92.0,10.0
Eastern Region,86.0,10.0
North-Eastern Region,77.0,10.0
Northen Region,81.0,10.0
Southern Region,91.0,10.0
Western Region,92.0,10.0
National,92.0,10.0
Eastern Region,86.0,10.0
North-Eastern Region,77.0,10.0
Northen Region,81.0,10.0
Southern Region,91.0,10.0
Western Region,92.0,10.0
National,92.0,10.0
Eastern Region,86.0,10.0
North-Eastern Region,77.0,10.0
Northen Region,81.0,10.0
Southern Region,91.0,10.0
Western Region,92.0,10.0
National,92.0,10.0
Eastern Region,86.0,10.0
North-Eastern Region,77.0,10.0
Northen Region,81.0,10.0
Southern Region,91.0,10.0
Western Region,92.0,10.0
National,92.0,10.0
Eastern Region,86.0,10.0
North-Eastern Region,77.0,10.0
Northen Region,81.0,10.0
Southern Region,91.0,10.0
Western Region,92.0,10.0
National,92.0,10.0
Eastern Region,86.0,10.0
North-Eastern Region,77.0,10.0
Northen Region,81.0,10.0
Southern Region,91.0,10.0
Western Region,92.0,10.0
National,92.0,10.0
Eastern Region,86.0,10.0
North-Eastern Region,77.0,10.0
Northen Region,81.0,10.0
Southern Region,91.0,10.0
Western Region,92.0,10.0
National,92.0,10.0
Eastern Region,86.0,10.0
North-Eastern Region,77.0,10.0
Northen Region,81.0,10.0
Southern Region,91.0,10.0
Western Region,92.0,10.0
National,92.0,10.0
Eastern Region,86.0,10.0
North-Eastern Region,77.0,10.0
Northen Region,81.0,10.0
Southern Region,91.0,10.0
Western Region,92.0,10.0
National,92.0,10.0
Eastern Region,86.0,10.0
North-Eastern Region,77.0,10.0
Northen Region,81.0,10.0
Southern Region,91.0,10.0
Western Region,92.0,10.0
National,92.0,10.0
Eastern Region,86.0,10.0
North-Eastern Region,77.0,10.0
Northen Region,81.0,10.0
Southern Region,90.0,10.0
Western Region,92.0,10.0
National,92.0,11.0
Eastern Region,86.0,11.0
North-Eastern Region,77.0,11.0
Northen Region,81.0,11.0
Southern Region,90.0,11.0
Western Region,92.0,11.0
National,91.0,11.0
Eastern Region,86.0,11.0
North-Eastern Region,77.0,11.0
Northen Region,81.0,11.0
Southern Region,90.0,11.0
Western Region,92.0,11.0
National,91.0,11.0
Eastern Region,86.0,11.0
North-Eastern Region,77.0,11.0
Northen Region,81.0,11.0
Southern Region,90.0,11.0
Western Region,92.0,11.0
National,91.0,11.0
Eastern Region,86.0,11.0
North-Eastern Region,77.0,11.0
Northen Region,81.0,11.0
Southern Region,90.0,11.0
Western Region,92.0,11.0
National,91.0,11.0
Eastern Region,86.0,11.0
North-Eastern Region,77.0,11.0
Northen Region,81.0,11.0
Southern Region,90.0,11.0
Western Region,92.0,11.0
National,91.0,11.0
Eastern Region,86.0,11.0
North-Eastern Region,77.0,11.0
Northen Region,81.0,11.0
Southern Region,90.0,11.0
Western Region,92.0,11.0
National,91.0,11.0
Eastern Region,85.0,11.0
North-Eastern Region,76.0,11.0
Northen Region,81.0,11.0
Southern Region,90.0,11.0
Western Region,92.0,11.0
National,91.0,11.0
Eastern Region,85.0,11.0
North-Eastern Region,76.0,11.0
Northen Region,81.0,11.0
Southern Region,90.0,11.0
Western Region,92.0,11.0
National,91.0,11.0
Eastern Region,85.0,11.0
North-Eastern Region,76.0,11.0
Northen Region,81.0,11.0
Southern Region,90.0,11.0
Western Region,92.0,11.0
National,91.0,11.0
Eastern Region,85.0,11.0
North-Eastern Region,76.0,11.0
Northen Region,81.0,11.0
Southern Region,90.0,11.0
Western Region,92.0,11.0
National,91.0,11.0
Eastern Region,85.0,11.0
North-Eastern Region,76.0,11.0
Northen Region,81.0,11.0
Southern Region,90.0,11.0
Western Region,92.0,11.0
National,91.0,11.0
Eastern Region,85.0,11.0
North-Eastern Region,76.0,11.0
Northen Region,81.0,11.0
Southern Region,90.0,11.0
Western Region,92.0,11.0
National,91.0,11.0
Eastern Region,85.0,11.0
North-Eastern Region,76.0,11.0
Northen Region,81.0,11.0
Southern Region,90.0,11.0
Western Region,92.0,11.0
National,91.0,11.0
Eastern Region,85.0,11.0
North-Eastern Region,76.0,11.0
Northen Region,81.0,11.0
Southern Region,90.0,11.0
Western Region,92.0,11.0
National,91.0,11.0
Eastern Region,85.0,11.0
North-Eastern Region,76.0,11.0
Northen Region,81.0,11.0
Southern Region,90.0,11.0
Western Region,92.0,11.0
National,91.0,11.0
Eastern Region,85.0,11.0
North-Eastern Region,76.0,11.0
Northen Region,81.0,11.0
Southern Region,90.0,11.0
Western Region,92.0,11.0
National,91.0,11.0
Eastern Region,85.0,11.0
North-Eastern Region,76.0,11.0
Northen Region,81.0,11.0
Southern Region,90.0,11.0
Western Region,92.0,11.0
National,91.0,11.0
Eastern Region,85.0,11.0
North-Eastern Region,76.0,11.0
Northen Region,81.0,11.0
Southern Region,90.0,11.0
Western Region,92.0,11.0
National,91.0,11.0
Eastern Region,85.0,11.0
North-Eastern Region,76.0,11.0
Northen Region,81.0,11.0
Southern Region,90.0,11.0
Western Region,92.0,11.0
National,91.0,11.0
Eastern Region,85.0,11.0
North-Eastern Region,76.0,11.0
Northen Region,81.0,11.0
Southern Region,90.0,11.0
Western Region,92.0,11.0
National,91.0,11.0
Eastern Region,85.0,11.0
North-Eastern Region,76.0,11.0
Northen Region,81.0,11.0
Southern Region,90.0,11.0
Western Region,92.0,11.0
National,91.0,11.0
Eastern Region,85.0,11.0
North-Eastern Region,76.0,11.0
Northen Region,81.0,11.0
Southern Region,90.0,11.0
Western Region,92.0,11.0
National,91.0,11.0
Eastern Region,85.0,11.0
North-Eastern Region,76.0,11.0
Northen Region,81.0,11.0
Southern Region,90.0,11.0
Western Region,92.0,11.0
National,91.0,11.0
Eastern Region,85.0,11.0
North-Eastern Region,76.0,11.0
Northen Region,81.0,11.0
Southern Region,90.0,11.0
Western Region,92.0,11.0
National,91.0,11.0
Eastern Region,85.0,11.0
North-Eastern Region,76.0,11.0
Northen Region,81.0,11.0
Southern Region,90.0,11.0
Western Region,92.0,11.0
National,91.0,11.0
Eastern Region,85.0,11.0
North-Eastern Region,76.0,11.0
Northen Region,80.0,11.0
Southern Region,90.0,11.0
Western Region,92.0,11.0
National,91.0,11.0
Eastern Region,85.0,11.0
North-Eastern Region,76.0,11.0
Northen Region,80.0,11.0
Southern Region,90.0,11.0
Western Region,92.0,11.0
National,91.0,11.0
Eastern Region,85.0,11.0
North-Eastern Region,76.0,11.0
Northen Region,80.0,11.0
Southern Region,90.0,11.0
Western Region,92.0,11.0
National,91.0,11.0
Eastern Region,85.0,11.0
North-Eastern Region,76.0,11.0
Northen Region,80.0,11.0
Southern Region,90.0,11.0
Western Region,92.0,11.0
National,91.0,11.0
Eastern Region,85.0,11.0
North-Eastern Region,76.0,11.0
Northen Region,80.0,11.0
Southern Region,90.0,11.0
Western Region,92.0,11.0
National,91.0,11.0
Eastern Region,85.0,11.0
North-Eastern Region,76.0,11.0
Northen Region,80.0,11.0
Southern Region,90.0,11.0
Western Region,92.0,11.0
National,91.0,11.0
Eastern Region,85.0,11.0
North-Eastern Region,76.0,11.0
Northen Region,80.0,11.0
Southern Region,90.0,11.0
Western Region,92.0,11.0
National,91.0,11.0
Eastern Region,85.0,11.0
North-Eastern Region,76.0,11.0
Northen Region,80.0,11.0
Southern Region,90.0,11.0
Western Region,92.0,11.0
National,91.0,11.0
Eastern Region,85.0,11.0
North-Eastern Region,76.0,11.0
Northen Region,80.0,11.0
Southern Region,90.0,11.0
Western Region,92.0,11.0
National,91.0,11.0
Eastern Region,85.0,11.0
North-Eastern Region,76.0,11.0
Northen Region,80.0,11.0
Southern Region,90.0,11.0
Western Region,92.0,11.0
National,91.0,11.0
Eastern Region,85.0,11.0
North-Eastern Region,76.0,11.0
Northen Region,80.0,11.0
Southern Region,90.0,11.0
Western Region,92.0,11.0
National,91.0,11.0
Eastern Region,85.0,11.0
North-Eastern Region,76.0,11.0
Northen Region,80.0,11.0
Southern Region,90.0,11.0
Western Region,92.0,11.0
National,91.0,11.0
Eastern Region,85.0,11.0
North-Eastern Region,76.0,11.0
Northen Region,80.0,11.0
Southern Region,90.0,11.0
Western Region,92.0,11.0
National,91.0,11.0
Eastern Region,85.0,11.0
North-Eastern Region,76.0,11.0
Northen Region,80.0,11.0
Southern Region,90.0,11.0
Western Region,92.0,11.0
National,91.0,11.0
Eastern Region,85.0,11.0
North-Eastern Region,76.0,11.0
Northen Region,80.0,11.0
Southern Region,90.0,11.0
Western Region,92.0,11.0
National,91.0,11.0
Eastern Region,85.0,11.0
North-Eastern Region,76.0,11.0
Northen Region,80.0,11.0
Southern Region,90.0,11.0
Western Region,92.0,11.0
National,91.0,11.0
Eastern Region,85.0,11.0
North-Eastern Region,76.0,11.0
Northen Region,80.0,11.0
Southern Region,90.0,11.0
Western Region,92.0,11.0
National,91.0,11.0
Eastern Region,85.0,11.0
North-Eastern Region,76.0,11.0
Northen Region,80.0,11.0
Southern Region,90.0,11.0
Western Region,92.0,11.0
National,91.0,12.0
Eastern Region,85.0,12.0
North-Eastern Region,76.0,12.0
Northen Region,80.0,12.0
Southern Region,90.0,12.0
Western Region,92.0,12.0
National,91.0,12.0
Eastern Region,85.0,12.0
North-Eastern Region,76.0,12.0
Northen Region,80.0,12.0
Southern Region,90.0,12.0
Western Region,91.0,12.0
National,91.0,12.0
Eastern Region,85.0,12.0
North-Eastern Region,76.0,12.0
Northen Region,80.0,12.0
Southern Region,90.0,12.0
Western Region,91.0,12.0
National,91.0,12.0
Eastern Region,85.0,12.0
North-Eastern Region,76.0,12.0
Northen Region,80.0,12.0
Southern Region,90.0,12.0
Western Region,91.0,12.0
National,91.0,12.0
Eastern Region,85.0,12.0
North-Eastern Region,76.0,12.0
Northen Region,80.0,12.0
Southern Region,90.0,12.0
Western Region,91.0,12.0
National,91.0,12.0
Eastern Region,85.0,12.0
North-Eastern Region,76.0,12.0
Northen Region,80.0,12.0
Southern Region,90.0,12.0
Western Region,91.0,12.0
National,91.0,12.0
Eastern Region,85.0,12.0
North-Eastern Region,76.0,12.0
Northen Region,80.0,12.0
Southern Region,90.0,12.0
Western Region,91.0,12.0
National,91.0,12.0
Eastern Region,85.0,12.0
North-Eastern Region,76.0,12.0
Northen Region,80.0,12.0
Southern Region,90.0,12.0
Western Region,91.0,12.0
National,91.0,12.0
Eastern Region,85.0,12.0
North-Eastern Region,76.0,12.0
Northen Region,80.0,12.0
Southern Region,90.0,12.0
Western Region,91.0,12.0
National,91.0,12.0
Eastern Region,85.0,12.0
North-Eastern Region,76.0,12.0
Northen Region,80.0,12.0
Southern Region,90.0,12.0
Western Region,91.0,12.0
National,91.0,12.0
Eastern Region,85.0,12.0
North-Eastern Region,76.0,12.0
Northen Region,80.0,12.0
Southern Region,89.0,12.0
Western Region,91.0,12.0
National,91.0,12.0
Eastern Region,85.0,12.0
North-Eastern Region,76.0,12.0
Northen Region,80.0,12.0
Southern Region,89.0,12.0
Western Region,91.0,12.0
National,91.0,12.0
Eastern Region,85.0,12.0
North-Eastern Region,76.0,12.0
Northen Region,80.0,12.0
Southern Region,89.0,12.0
Western Region,91.0,12.0
National,91.0,12.0
Eastern Region,85.0,12.0
North-Eastern Region,76.0,12.0
Northen Region,80.0,12.0
Southern Region,89.0,12.0
Western Region,91.0,12.0
National,91.0,12.0
Eastern Region,85.0,12.0
North-Eastern Region,75.0,12.0
Northen Region,80.0,12.0
Southern Region,89.0,12.0
Western Region,91.0,12.0
National,91.0,12.0
Eastern Region,85.0,12.0
North-Eastern Region,75.0,12.0
Northen Region,80.0,12.0
Southern Region,89.0,12.0
Western Region,91.0,12.0
National,91.0,12.0
Eastern Region,85.0,12.0
North-Eastern Region,75.0,12.0
Northen Region,80.0,12.0
Southern Region,89.0,12.0
Western Region,91.0,12.0
National,91.0,12.0
Eastern Region,85.0,12.0
North-Eastern Region,75.0,12.0
Northen Region,80.0,12.0
Southern Region,89.0,12.0
Western Region,91.0,12.0
National,91.0,12.0
Eastern Region,85.0,12.0
North-Eastern Region,75.0,12.0
Northen Region,80.0,12.0
Southern Region,89.0,12.0
Western Region,91.0,12.0
National,91.0,12.0
Eastern Region,85.0,12.0
North-Eastern Region,75.0,12.0
Northen Region,80.0,12.0
Southern Region,89.0,12.0
Western Region,91.0,12.0
National,91.0,12.0
Eastern Region,85.0,12.0
North-Eastern Region,75.0,12.0
Northen Region,80.0,12.0
Southern Region,89.0,12.0
Western Region,91.0,12.0
National,91.0,12.0
Eastern Region,85.0,12.0
North-Eastern Region,75.0,12.0
Northen Region,80.0,12.0
Southern Region,89.0,12.0
Western Region,91.0,12.0
National,91.0,12.0
Eastern Region,85.0,12.0
North-Eastern Region,75.0,12.0
Northen Region,80.0,12.0
Southern Region,89.0,12.0
Western Region,91.0,12.0
National,91.0,12.0
Eastern Region,85.0,12.0
North-Eastern Region,75.0,12.0
Northen Region,80.0,12.0
Southern Region,89.0,12.0
Western Region,91.0,12.0
National,91.0,12.0
Eastern Region,85.0,12.0
North-Eastern Region,75.0,12.0
Northen Region,80.0,12.0
Southern Region,89.0,12.0
Western Region,91.0,12.0
National,91.0,12.0
Eastern Region,85.0,12.0
North-Eastern Region,75.0,12.0
Northen Region,80.0,12.0
Southern Region,89.0,12.0
Western Region,91.0,12.0
National,91.0,12.0
Eastern Region,85.0,12.0
North-Eastern Region,75.0,12.0
Northen Region,80.0,12.0
Southern Region,89.0,12.0
Western Region,91.0,12.0
National,91.0,12.0
Eastern Region,85.0,12.0
North-Eastern Region,75.0,12.0
Northen Region,80.0,12.0
Southern Region,89.0,12.0
Western Region,91.0,12.0
National,91.0,12.0
Eastern Region,85.0,12.0
North-Eastern Region,75.0,12.0
Northen Region,80.0,12.0
Southern Region,89.0,12.0
Western Region,91.0,12.0
National,91.0,12.0
Eastern Region,85.0,12.0
North-Eastern Region,75.0,12.0
Northen Region,80.0,12.0
Southern Region,89.0,12.0
Western Region,91.0,12.0
National,91.0,12.0
Eastern Region,85.0,12.0
North-Eastern Region,75.0,12.0
Northen Region,80.0,12.0
Southern Region,89.0,12.0
Western Region,91.0,12.0
National,91.0,12.0
Eastern Region,85.0,12.0
North-Eastern Region,75.0,12.0
Northen Region,80.0,12.0
Southern Region,89.0,12.0
Western Region,91.0,12.0
National,91.0,12.0
Eastern Region,85.0,12.0
North-Eastern Region,75.0,12.0
Northen Region,80.0,12.0
Southern Region,89.0,12.0
Western Region,91.0,12.0
National,91.0,12.0
Eastern Region,85.0,12.0
North-Eastern Region,75.0,12.0
Northen Region,80.0,12.0
Southern Region,89.0,12.0
Western Region,91.0,12.0
National,91.0,12.0
Eastern Region,85.0,12.0
North-Eastern Region,75.0,12.0
Northen Region,80.0,12.0
Southern Region,89.0,12.0
Western Region,91.0,12.0
National,91.0,12.0
Eastern Region,85.0,12.0
North-Eastern Region,75.0,12.0
Northen Region,80.0,12.0
Southern Region,89.0,12.0
Western Region,91.0,12.0
National,91.0,12.0
Eastern Region,85.0,12.0
North-Eastern Region,75.0,12.0
Northen Region,80.0,12.0
Southern Region,89.0,12.0
Western Region,91.0,12.0
National,91.0,12.0
Eastern Region,85.0,12.0
North-Eastern Region,75.0,12.0
Northen Region,80.0,12.0
Southern Region,89.0,12.0
Western Region,91.0,12.0
National,91.0,12.0
Eastern Region,85.0,12.0
North-Eastern Region,75.0,12.0
Northen Region,80.0,12.0
Southern Region,89.0,12.0
Western Region,91.0,12.0
National,91.0,12.0
Eastern Region,85.0,12.0
North-Eastern Region,75.0,12.0
Northen Region,79.0,12.0
Southern Region,89.0,12.0
Western Region,91.0,12.0
National,91.0,12.0
Eastern Region,85.0,12.0
North-Eastern Region,75.0,12.0
Northen Region,79.0,12.0
Southern Region,89.0,12.0
Western Region,91.0,12.0
National,91.0,12.0
Eastern Region,85.0,12.0
North-Eastern Region,75.0,12.0
Northen Region,79.0,12.0
Southern Region,89.0,12.0
Western Region,91.0,12.0
National,91.0,12.0
Eastern Region,85.0,12.0
North-Eastern Region,75.0,12.0
Northen Region,79.0,12.0
Southern Region,89.0,12.0
Western Region,91.0,12.0
National,91.0,13.0
Eastern Region,85.0,13.0
North-Eastern Region,75.0,13.0
Northen Region,79.0,13.0
Southern Region,89.0,13.0
Western Region,91.0,13.0
National,91.0,13.0
Eastern Region,85.0,13.0
North-Eastern Region,75.0,13.0
Northen Region,79.0,13.0
Southern Region,89.0,13.0
Western Region,91.0,13.0
National,91.0,13.0
Eastern Region,85.0,13.0
North-Eastern Region,75.0,13.0
Northen Region,79.0,13.0
Southern Region,89.0,13.0
Western Region,91.0,13.0
National,91.0,13.0
Eastern Region,85.0,13.0
North-Eastern Region,75.0,13.0
Northen Region,79.0,13.0
Southern Region,89.0,13.0
Western Region,91.0,13.0
National,91.0,13.0
Eastern Region,85.0,13.0
North-Eastern Region,75.0,13.0
Northen Region,79.0,13.0
Southern Region,89.0,13.0
Western Region,91.0,13.0
National,91.0,13.0
Eastern Region,85.0,13.0
North-Eastern Region,75.0,13.0
Northen Region,79.0,13.0
Southern Region,89.0,13.0
Western Region,91.0,13.0
National,91.0,13.0
Eastern Region,85.0,13.0
North-Eastern Region,75.0,13.0
Northen Region,79.0,13.0
Southern Region,89.0,13.0
Western Region,91.0,13.0
National,91.0,13.0
Eastern Region,84.0,13.0
North-Eastern Region,75.0,13.0
Northen Region,79.0,13.0
Southern Region,89.0,13.0
Western Region,91.0,13.0
National,91.0,13.0
Eastern Region,84.0,13.0
North-Eastern Region,75.0,13.0
Northen Region,79.0,13.0
Southern Region,89.0,13.0
Western Region,91.0,13.0
National,91.0,13.0
Eastern Region,84.0,13.0
North-Eastern Region,75.0,13.0
Northen Region,79.0,13.0
Southern Region,89.0,13.0
Western Region,91.0,13.0
National,91.0,13.0
Eastern Region,84.0,13.0
North-Eastern Region,75.0,13.0
Northen Region,79.0,13.0
Southern Region,89.0,13.0
Western Region,91.0,13.0
National,91.0,13.0
Eastern Region,84.0,13.0
North-Eastern Region,75.0,13.0
Northen Region,79.0,13.0
Southern Region,89.0,13.0
Western Region,91.0,13.0
National,91.0,13.0
Eastern Region,84.0,13.0
North-Eastern Region,75.0,13.0
Northen Region,79.0,13.0
Southern Region,89.0,13.0
Western Region,91.0,13.0
National,91.0,13.0
Eastern Region,84.0,13.0
North-Eastern Region,75.0,13.0
Northen Region,79.0,13.0
Southern Region,89.0,13.0
Western Region,91.0,13.0
National,91.0,13.0
Eastern Region,84.0,13.0
North-Eastern Region,75.0,13.0
Northen Region,79.0,13.0
Southern Region,89.0,13.0
Western Region,91.0,13.0
National,91.0,13.0
Eastern Region,84.0,13.0
North-Eastern Region,75.0,13.0
Northen Region,79.0,13.0
Southern Region,89.0,13.0
Western Region,91.0,13.0
National,91.0,13.0
Eastern Region,84.0,13.0
North-Eastern Region,75.0,13.0
Northen Region,79.0,13.0
Southern Region,89.0,13.0
Western Region,91.0,13.0
National,91.0,13.0
Eastern Region,84.0,13.0
North-Eastern Region,75.0,13.0
Northen Region,79.0,13.0
Southern Region,89.0,13.0
Western Region,91.0,13.0
National,91.0,13.0
Eastern Region,84.0,13.0
North-Eastern Region,75.0,13.0
Northen Region,79.0,13.0
Southern Region,89.0,13.0
Western Region,91.0,13.0
National,91.0,13.0
Eastern Region,84.0,13.0
North-Eastern Region,75.0,13.0
Northen Region,79.0,13.0
Southern Region,89.0,13.0
Western Region,91.0,13.0
National,91.0,13.0
Eastern Region,84.0,13.0
North-Eastern Region,75.0,13.0
Northen Region,79.0,13.0
Southern Region,89.0,13.0
Western Region,91.0,13.0
National,91.0,13.0
Eastern Region,84.0,13.0
North-Eastern Region,75.0,13.0
Northen Region,79.0,13.0
Southern Region,89.0,13.0
Western Region,91.0,13.0
National,91.0,13.0
Eastern Region,84.0,13.0
North-Eastern Region,75.0,13.0
Northen Region,79.0,13.0
Southern Region,89.0,13.0
Western Region,91.0,13.0
National,91.0,13.0
Eastern Region,84.0,13.0
North-Eastern Region,75.0,13.0
Northen Region,79.0,13.0
Southern Region,89.0,13.0
Western Region,91.0,13.0
National,91.0,13.0
Eastern Region,84.0,13.0
North-Eastern Region,75.0,13.0
Northen Region,79.0,13.0
Southern Region,89.0,13.0
Western Region,91.0,13.0
National,91.0,13.0
Eastern Region,84.0,13.0
North-Eastern Region,75.0,13.0
Northen Region,79.0,13.0
Southern Region,89.0,13.0
Western Region,91.0,13.0
National,91.0,13.0
Eastern Region,84.0,13.0
North-Eastern Region,75.0,13.0
Northen Region,79.0,13.0
Southern Region,89.0,13.0
Western Region,91.0,13.0
National,91.0,13.0
Eastern Region,84.0,13.0
North-Eastern Region,75.0,13.0
Northen Region,79.0,13.0
Southern Region,89.0,13.0
Western Region,91.0,13.0
National,91.0,13.0
Eastern Region,84.0,13.0
North-Eastern Region,75.0,13.0
Northen Region,79.0,13.0
Southern Region,89.0,13.0
Western Region,91.0,13.0
National,91.0,13.0
Eastern Region,84.0,13.0
North-Eastern Region,75.0,13.0
Northen Region,79.0,13.0
Southern Region,89.0,13.0
Western Region,91.0,13.0
National,91.0,13.0
Eastern Region,84.0,13.0
North-Eastern Region,75.0,13.0
Northen Region,79.0,13.0
Southern Region,89.0,13.0
Western Region,91.0,13.0
National,91.0,13.0
Eastern Region,84.0,13.0
North-Eastern Region,75.0,13.0
Northen Region,79.0,13.0
Southern Region,89.0,13.0
Western Region,91.0,13.0
National,91.0,13.0
Eastern Region,84.0,13.0
North-Eastern Region,75.0,13.0
Northen Region,79.0,13.0
Southern Region,88.0,13.0
Western Region,91.0,13.0
National,91.0,13.0
Eastern Region,84.0,13.0
North-Eastern Region,75.0,13.0
Northen Region,79.0,13.0
Southern Region,88.0,13.0
Western Region,91.0,13.0
National,91.0,13.0
Eastern Region,84.0,13.0
North-Eastern Region,75.0,13.0
Northen Region,79.0,13.0
Southern Region,88.0,13.0
Western Region,91.0,13.0
National,91.0,13.0
Eastern Region,84.0,13.0
North-Eastern Region,75.0,13.0
Northen Region,79.0,13.0
Southern Region,88.0,13.0
Western Region,91.0,13.0
National,91.0,13.0
Eastern Region,84.0,13.0
North-Eastern Region,75.0,13.0
Northen Region,79.0,13.0
Southern Region,88.0,13.0
Western Region,91.0,13.0
National,91.0,13.0
Eastern Region,84.0,13.0
North-Eastern Region,75.0,13.0
Northen Region,79.0,13.0
Southern Region,88.0,13.0
Western Region,91.0,13.0
National,91.0,13.0
Eastern Region,84.0,13.0
North-Eastern Region,74.0,13.0
Northen Region,78.0,13.0
Southern Region,88.0,13.0
Western Region,91.0,13.0
National,91.0,13.0
Eastern Region,84.0,13.0
North-Eastern Region,74.0,13.0
Northen Region,78.0,13.0
Southern Region,88.0,13.0
Western Region,91.0,13.0
National,91.0,13.0
Eastern Region,84.0,13.0
North-Eastern Region,74.0,13.0
Northen Region,78.0,13.0
Southern Region,88.0,13.0
Western Region,91.0,13.0
National,90.0,13.0
Eastern Region,84.0,13.0
North-Eastern Region,74.0,13.0
Northen Region,78.0,13.0
Southern Region,88.0,13.0
Western Region,91.0,13.0
National,90.0,13.0
Eastern Region,84.0,13.0
North-Eastern Region,74.0,13.0
Northen Region,78.0,13.0
Southern Region,88.0,13.0
Western Region,91.0,13.0
National,90.0,13.0
Eastern Region,84.0,13.0
North-Eastern Region,74.0,13.0
Northen Region,78.0,13.0
Southern Region,88.0,13.0
Western Region,91.0,13.0
National,90.0,14.0
Eastern Region,84.0,14.0
North-Eastern Region,74.0,14.0
Northen Region,78.0,14.0
Southern Region,88.0,14.0
Western Region,91.0,14.0
National,90.0,14.0
Eastern Region,84.0,14.0
North-Eastern Region,74.0,14.0
Northen Region,78.0,14.0
Southern Region,88.0,14.0
Western Region,91.0,14.0
National,90.0,14.0
Eastern Region,84.0,14.0
North-Eastern Region,74.0,14.0
Northen Region,78.0,14.0
Southern Region,88.0,14.0
Western Region,91.0,14.0
National,90.0,14.0
Eastern Region,84.0,14.0
North-Eastern Region,74.0,14.0
Northen Region,78.0,14.0
Southern Region,88.0,14.0
Western Region,91.0,14.0
National,90.0,14.0
Eastern Region,84.0,14.0
North-Eastern Region,74.0,14.0
Northen Region,78.0,14.0
Southern Region,88.0,14.0
Western Region,91.0,14.0
National,90.0,14.0
Eastern Region,84.0,14.0
North-Eastern Region,74.0,14.0
Northen Region,78.0,14.0
Southern Region,88.0,14.0
Western Region,91.0,14.0
National,90.0,14.0
Eastern Region,84.0,14.0
North-Eastern Region,74.0,14.0
Northen Region,78.0,14.0
Southern Region,88.0,14.0
Western Region,91.0,14.0
National,90.0,14.0
Eastern Region,84.0,14.0
North-Eastern Region,74.0,14.0
Northen Region,78.0,14.0
Southern Region,88.0,14.0
Western Region,91.0,14.0
National,90.0,14.0
Eastern Region,84.0,14.0
North-Eastern Region,74.0,14.0
Northen Region,78.0,14.0
Southern Region,88.0,14.0
Western Region,91.0,14.0
National,90.0,14.0
Eastern Region,84.0,14.0
North-Eastern Region,74.0,14.0
Northen Region,78.0,14.0
Southern Region,88.0,14.0
Western Region,91.0,14.0
National,90.0,14.0
Eastern Region,84.0,14.0
North-Eastern Region,74.0,14.0
Northen Region,78.0,14.0
Southern Region,88.0,14.0
Western Region,91.0,14.0
National,90.0,14.0
Eastern Region,84.0,14.0
North-Eastern Region,74.0,14.0
Northen Region,78.0,14.0
Southern Region,88.0,14.0
Western Region,91.0,14.0
National,90.0,14.0
Eastern Region,84.0,14.0
North-Eastern Region,74.0,14.0
Northen Region,78.0,14.0
Southern Region,88.0,14.0
Western Region,91.0,14.0
National,90.0,14.0
Eastern Region,84.0,14.0
North-Eastern Region,74.0,14.0
Northen Region,78.0,14.0
Southern Region,88.0,14.0
Western Region,91.0,14.0
National,90.0,14.0
Eastern Region,84.0,14.0
North-Eastern Region,74.0,14.0
Northen Region,78.0,14.0
Southern Region,88.0,14.0
Western Region,91.0,14.0
National,90.0,14.0
Eastern Region,84.0,14.0
North-Eastern Region,74.0,14.0
Northen Region,78.0,14.0
Southern Region,88.0,14.0
Western Region,91.0,14.0
National,90.0,14.0
Eastern Region,84.0,14.0
North-Eastern Region,74.0,14.0
Northen Region,78.0,14.0
Southern Region,88.0,14.0
Western Region,91.0,14.0
National,90.0,14.0
Eastern Region,84.0,14.0
North-Eastern Region,74.0,14.0
Northen Region,78.0,14.0
Southern Region,88.0,14.0
Western Region,91.0,14.0
National,90.0,14.0
Eastern Region,84.0,14.0
North-Eastern Region,74.0,14.0
Northen Region,78.0,14.0
Southern Region,88.0,14.0
Western Region,91.0,14.0
National,90.0,14.0
Eastern Region,84.0,14.0
North-Eastern Region,74.0,14.0
Northen Region,78.0,14.0
Southern Region,88.0,14.0
Western Region,91.0,14.0
National,90.0,14.0
Eastern Region,84.0,14.0
North-Eastern Region,74.0,14.0
Northen Region,78.0,14.0
Southern Region,88.0,14.0
Western Region,91.0,14.0
National,90.0,14.0
Eastern Region,84.0,14.0
North-Eastern Region,74.0,14.0
Northen Region,78.0,14.0
Southern Region,88.0,14.0
Western Region,91.0,14.0
National,90.0,14.0
Eastern Region,84.0,14.0
North-Eastern Region,74.0,14.0
Northen Region,78.0,14.0
Southern Region,88.0,14.0
Western Region,90.0,14.0
National,90.0,14.0
Eastern Region,84.0,14.0
North-Eastern Region,74.0,14.0
Northen Region,78.0,14.0
Southern Region,88.0,14.0
Western Region,90.0,14.0
National,90.0,14.0
Eastern Region,84.0,14.0
North-Eastern Region,74.0,14.0
Northen Region,78.0,14.0
Southern Region,88.0,14.0
Western Region,90.0,14.0
National,90.0,14.0
Eastern Region,84.0,14.0
North-Eastern Region,74.0,14.0
Northen Region,78.0,14.0
Southern Region,88.0,14.0
Western Region,90.0,14.0
National,90.0,14.0
Eastern Region,84.0,14.0
North-Eastern Region,74.0,14.0
Northen Region,78.0,14.0
Southern Region,88.0,14.0
Western Region,90.0,14.0
National,90.0,14.0
Eastern Region,84.0,14.0
North-Eastern Region,74.0,14.0
Northen Region,78.0,14.0
Southern Region,88.0,14.0
Western Region,90.0,14.0
National,90.0,14.0
Eastern Region,84.0,14.0
North-Eastern Region,74.0,14.0
Northen Region,78.0,14.0
Southern Region,88.0,14.0
Western Region,90.0,14.0
National,90.0,14.0
Eastern Region,84.0,14.0
North-Eastern Region,74.0,14.0
Northen Region,78.0,14.0
Southern Region,88.0,14.0
Western Region,90.0,14.0
National,90.0,14.0
Eastern Region,84.0,14.0
North-Eastern Region,74.0,14.0
Northen Region,78.0,14.0
Southern Region,88.0,14.0
Western Region,90.0,14.0
National,90.0,14.0
Eastern Region,84.0,14.0
North-Eastern Region,74.0,14.0
Northen Region,78.0,14.0
Southern Region,88.0,14.0
Western Region,90.0,14.0
National,90.0,14.0
Eastern Region,84.0,14.0
North-Eastern Region,74.0,14.0
Northen Region,78.0,14.0
Southern Region,88.0,14.0
Western Region,90.0,14.0
National,90.0,14.0
Eastern Region,84.0,14.0
North-Eastern Region,74.0,14.0
Northen Region,78.0,14.0
Southern Region,88.0,14.0
Western Region,90.0,14.0
National,90.0,14.0
Eastern Region,84.0,14.0
North-Eastern Region,74.0,14.0
Northen Region,78.0,14.0
Southern Region,88.0,14.0
Western Region,90.0,14.0
National,90.0,14.0
Eastern Region,84.0,14.0
North-Eastern Region,74.0,14.0
Northen Region,78.0,14.0
Southern Region,88.0,14.0
Western Region,90.0,14.0
National,90.0,14.0
Eastern Region,84.0,14.0
North-Eastern Region,74.0,14.0
Northen Region,78.0,14.0
Southern Region,88.0,14.0
Western Region,90.0,14.0
National,90.0,14.0
Eastern Region,84.0,14.0
North-Eastern Region,74.0,14.0
Northen Region,78.0,14.0
Southern Region,88.0,14.0
Western Region,90.0,14.0
National,90.0,14.0
Eastern Region,84.0,14.0
North-Eastern Region,74.0,14.0
Northen Region,78.0,14.0
Southern Region,88.0,14.0
Western Region,90.0,14.0
National,90.0,14.0
Eastern Region,84.0,14.0
North-Eastern Region,74.0,14.0
Northen Region,78.0,14.0
Southern Region,88.0,14.0
Western Region,90.0,14.0
National,90.0,14.0
Eastern Region,84.0,14.0
North-Eastern Region,74.0,14.0
Northen Region,78.0,14.0
Southern Region,88.0,14.0
Western Region,90.0,14.0
National,90.0,14.0
Eastern Region,84.0,14.0
North-Eastern Region,74.0,14.0
Northen Region,78.0,14.0
Southern Region,88.0,14.0
Western Region,90.0,14.0
National,90.0,14.0
Eastern Region,84.0,14.0
North-Eastern Region,74.0,14.0
Northen Region,78.0,14.0
Southern Region,88.0,14.0
Western Region,90.0,14.0
National,90.0,15.0
Eastern Region,84.0,15.0
North-Eastern Region,74.0,15.0
Northen Region,78.0,15.0
Southern Region,88.0,15.0
Western Region,90.0,15.0
National,90.0,15.0
Eastern Region,84.0,15.0
North-Eastern Region,74.0,15.0
Northen Region,78.0,15.0
Southern Region,88.0,15.0
Western Region,90.0,15.0
National,90.0,15.0
Eastern Region,84.0,15.0
North-Eastern Region,74.0,15.0
Northen Region,78.0,15.0
Southern Region,87.0,15.0
Western Region,90.0,15.0
National,90.0,15.0
Eastern Region,83.0,15.0
North-Eastern Region,74.0,15.0
Northen Region,78.0,15.0
Southern Region,87.0,15.0
Western Region,90.0,15.0
National,90.0,15.0
Eastern Region,83.0,15.0
North-Eastern Region,74.0,15.0
Northen Region,78.0,15.0
Southern Region,87.0,15.0
Western Region,90.0,15.0
National,90.0,15.0
Eastern Region,83.0,15.0
North-Eastern Region,74.0,15.0
Northen Region,78.0,15.0
Southern Region,87.0,15.0
Western Region,90.0,15.0
National,90.0,15.0
Eastern Region,83.0,15.0
North-Eastern Region,74.0,15.0
Northen Region,77.0,15.0
Southern Region,87.0,15.0
Western Region,90.0,15.0
National,90.0,15.0
Eastern Region,83.0,15.0
North-Eastern Region,74.0,15.0
Northen Region,77.0,15.0
Southern Region,87.0,15.0
Western Region,90.0,15.0
National,90.0,15.0
Eastern Region,83.0,15.0
North-Eastern Region,74.0,15.0
Northen Region,77.0,15.0
Southern Region,87.0,15.0
Western Region,90.0,15.0
National,90.0,15.0
Eastern Region,83.0,15.0
North-Eastern Region,74.0,15.0
Northen Region,77.0,15.0
Southern Region,87.0,15.0
Western Region,90.0,15.0
National,90.0,15.0
Eastern Region,83.0,15.0
North-Eastern Region,74.0,15.0
Northen Region,77.0,15.0
Southern Region,87.0,15.0
Western Region,90.0,15.0
National,90.0,15.0
Eastern Region,83.0,15.0
North-Eastern Region,74.0,15.0
Northen Region,77.0,15.0
Southern Region,87.0,15.0
Western Region,90.0,15.0
National,90.0,15.0
Eastern Region,83.0,15.0
North-Eastern Region,74.0,15.0
Northen Region,77.0,15.0
Southern Region,87.0,15.0
Western Region,90.0,15.0
National,90.0,15.0
Eastern Region,83.0,15.0
North-Eastern Region,74.0,15.0
Northen Region,77.0,15.0
Southern Region,87.0,15.0
Western Region,90.0,15.0
National,90.0,15.0
Eastern Region,83.0,15.0
North-Eastern Region,74.0,15.0
Northen Region,77.0,15.0
Southern Region,87.0,15.0
Western Region,90.0,15.0
National,90.0,15.0
Eastern Region,83.0,15.0
North-Eastern Region,74.0,15.0
Northen Region,77.0,15.0
Southern Region,87.0,15.0
Western Region,90.0,15.0
National,90.0,15.0
Eastern Region,83.0,15.0
North-Eastern Region,74.0,15.0
Northen Region,77.0,15.0
Southern Region,87.0,15.0
Western Region,90.0,15.0
National,90.0,15.0
Eastern Region,83.0,15.0
North-Eastern Region,73.0,15.0
Northen Region,77.0,15.0
Southern Region,87.0,15.0
Western Region,90.0,15.0
National,90.0,15.0
Eastern Region,83.0,15.0
North-Eastern Region,73.0,15.0
Northen Region,77.0,15.0
Southern Region,87.0,15.0
Western Region,90.0,15.0
National,90.0,15.0
Eastern Region,83.0,15.0
North-Eastern Region,73.0,15.0
Northen Region,77.0,15.0
Southern Region,87.0,15.0
Western Region,90.0,15.0
National,90.0,15.0
Eastern Region,83.0,15.0
North-Eastern Region,73.0,15.0
Northen Region,77.0,15.0
Southern Region,87.0,15.0
Western Region,90.0,15.0
National,90.0,15.0
Eastern Region,83.0,15.0
North-Eastern Region,73.0,15.0
Northen Region,77.0,15.0
Southern Region,87.0,15.0
Western Region,90.0,15.0
National,90.0,15.0
Eastern Region,83.0,15.0
North-Eastern Region,73.0,15.0
Northen Region,77.0,15.0
Southern Region,87.0,15.0
Western Region,90.0,15.0
National,90.0,15.0
Eastern Region,83.0,15.0
North-Eastern Region,73.0,15.0
Northen Region,77.0,15.0
Southern Region,87.0,15.0
Western Region,90.0,15.0
National,90.0,15.0
Eastern Region,83.0,15.0
North-Eastern Region,73.0,15.0
Northen Region,77.0,15.0
Southern Region,87.0,15.0
Western Region,90.0,15.0
National,90.0,15.0
Eastern Region,83.0,15.0
North-Eastern Region,73.0,15.0
Northen Region,77.0,15.0
Southern Region,87.0,15.0
Western Region,90.0,15.0
National,90.0,15.0
Eastern Region,83.0,15.0
North-Eastern Region,73.0,15.0
Northen Region,77.0,15.0
Southern Region,87.0,15.0
Western Region,90.0,15.0
National,90.0,15.0
Eastern Region,83.0,15.0
North-Eastern Region,73.0,15.0
Northen Region,77.0,15.0
Southern Region,87.0,15.0
Western Region,90.0,15.0
National,90.0,15.0
Eastern Region,83.0,15.0
North-Eastern Region,73.0,15.0
Northen Region,77.0,15.0
Southern Region,87.0,15.0
Western Region,90.0,15.0
National,90.0,15.0
Eastern Region,83.0,15.0
North-Eastern Region,73.0,15.0
Northen Region,77.0,15.0
Southern Region,87.0,15.0
Western Region,90.0,15.0
National,90.0,15.0
Eastern Region,83.0,15.0
North-Eastern Region,73.0,15.0
Northen Region,77.0,15.0
Southern Region,87.0,15.0
Western Region,90.0,15.0
National,90.0,15.0
Eastern Region,83.0,15.0
North-Eastern Region,73.0,15.0
Northen Region,77.0,15.0
Southern Region,87.0,15.0
Western Region,90.0,15.0
National,90.0,15.0
Eastern Region,83.0,15.0
North-Eastern Region,73.0,15.0
Northen Region,77.0,15.0
Southern Region,87.0,15.0
Western Region,90.0,15.0
National,90.0,15.0
Eastern Region,83.0,15.0
North-Eastern Region,73.0,15.0
Northen Region,77.0,15.0
Southern Region,87.0,15.0
Western Region,90.0,15.0
National,90.0,15.0
Eastern Region,83.0,15.0
North-Eastern Region,73.0,15.0
Northen Region,77.0,15.0
Southern Region,87.0,15.0
Western Region,90.0,15.0
National,90.0,15.0
Eastern Region,83.0,15.0
North-Eastern Region,73.0,15.0
Northen Region,77.0,15.0
Southern Region,87.0,15.0
Western Region,90.0,15.0
National,90.0,15.0
Eastern Region,83.0,15.0
North-Eastern Region,73.0,15.0
Northen Region,77.0,15.0
Southern Region,87.0,15.0
Western Region,90.0,15.0
National,90.0,15.0
Eastern Region,83.0,15.0
North-Eastern Region,73.0,15.0
Northen Region,77.0,15.0
Southern Region,87.0,15.0
Western Region,90.0,15.0
National,90.0,15.0
Eastern Region,83.0,15.0
North-Eastern Region,73.0,15.0
Northen Region,77.0,15.0
Southern Region,87.0,15.0
Western Region,90.0,15.0
National,90.0,15.0
Eastern Region,83.0,15.0
North-Eastern Region,73.0,15.0
Northen Region,77.0,15.0
Southern Region,87.0,15.0
Western Region,90.0,15.0
National,90.0,15.0
Eastern Region,83.0,15.0
North-Eastern Region,73.0,15.0
Northen Region,77.0,15.0
Southern Region,87.0,15.0
Western Region,90.0,15.0
National,90.0,15.0
Eastern Region,83.0,15.0
North-Eastern Region,73.0,15.0
Northen Region,77.0,15.0
Southern Region,87.0,15.0
Western Region,90.0,15.0
National,90.0,15.0
Eastern Region,83.0,15.0
North-Eastern Region,73.0,15.0
Northen Region,77.0,15.0
Southern Region,87.0,15.0
Western Region,90.0,15.0
National,90.0,15.0
Eastern Region,83.0,15.0
North-Eastern Region,73.0,15.0
Northen Region,77.0,15.0
Southern Region,87.0,15.0
Western Region,90.0,15.0
National,90.0,16.0
Eastern Region,83.0,16.0
North-Eastern Region,73.0,16.0
Northen Region,77.0,16.0
Southern Region,87.0,16.0
Western Region,90.0,16.0
National,90.0,16.0
Eastern Region,83.0,16.0
North-Eastern Region,73.0,16.0
Northen Region,77.0,16.0
Southern Region,87.0,16.0
Western Region,90.0,16.0
National,90.0,16.0
Eastern Region,83.0,16.0
North-Eastern Region,73.0,16.0
Northen Region,77.0,16.0
Southern Region,87.0,16.0
Western Region,90.0,16.0
National,90.0,16.0
Eastern Region,83.0,16.0
North-Eastern Region,73.0,16.0
Northen Region,77.0,16.0
Southern Region,87.0,16.0
Western Region,90.0,16.0
National,90.0,16.0
Eastern Region,83.0,16.0
North-Eastern Region,73.0,16.0
Northen Region,77.0,16.0
Southern Region,87.0,16.0
Western Region,90.0,16.0
National,90.0,16.0
Eastern Region,83.0,16.0
North-Eastern Region,73.0,16.0
Northen Region,77.0,16.0
Southern Region,87.0,16.0
Western Region,90.0,16.0
National,90.0,16.0
Eastern Region,83.0,16.0
North-Eastern Region,73.0,16.0
Northen Region,77.0,16.0
Southern Region,87.0,16.0
Western Region,90.0,16.0
National,90.0,16.0
Eastern Region,83.0,16.0
North-Eastern Region,73.0,16.0
Northen Region,77.0,16.0
Southern Region,87.0,16.0
Western Region,90.0,16.0
National,90.0,16.0
Eastern Region,83.0,16.0
North-Eastern Region,73.0,16.0
Northen Region,77.0,16.0
Southern Region,87.0,16.0
Western Region,90.0,16.0
National,90.0,16.0
Eastern Region,83.0,16.0
North-Eastern Region,73.0,16.0
Northen Region,77.0,16.0
Southern Region,87.0,16.0
Western Region,90.0,16.0
National,90.0,16.0
Eastern Region,83.0,16.0
North-Eastern Region,73.0,16.0
Northen Region,77.0,16.0
Southern Region,87.0,16.0
Western Region,90.0,16.0
National,90.0,16.0
Eastern Region,83.0,16.0
North-Eastern Region,73.0,16.0
Northen Region,77.0,16.0
Southern Region,87.0,16.0
Western Region,90.0,16.0
National,90.0,16.0
Eastern Region,83.0,16.0
North-Eastern Region,73.0,16.0
Northen Region,77.0,16.0
Southern Region,87.0,16.0
Western Region,90.0,16.0
National,90.0,16.0
Eastern Region,83.0,16.0
North-Eastern Region,73.0,16.0
Northen Region,77.0,16.0
Southern Region,87.0,16.0
Western Region,90.0,16.0
National,90.0,16.0
Eastern Region,83.0,16.0
North-Eastern Region,73.0,16.0
Northen Region,77.0,16.0
Southern Region,87.0,16.0
Western Region,90.0,16.0
National,90.0,16.0
Eastern Region,83.0,16.0
North-Eastern Region,73.0,16.0
Northen Region,77.0,16.0
Southern Region,87.0,16.0
Western Region,90.0,16.0
National,90.0,16.0
Eastern Region,83.0,16.0
North-Eastern Region,73.0,16.0
Northen Region,77.0,16.0
Southern Region,87.0,16.0
Western Region,90.0,16.0
National,90.0,16.0
Eastern Region,83.0,16.0
North-Eastern Region,73.0,16.0
Northen Region,77.0,16.0
Southern Region,87.0,16.0
Western Region,90.0,16.0
National,90.0,16.0
Eastern Region,83.0,16.0
North-Eastern Region,73.0,16.0
Northen Region,77.0,16.0
Southern Region,87.0,16.0
Western Region,90.0,16.0
National,90.0,16.0
Eastern Region,83.0,16.0
North-Eastern Region,73.0,16.0
Northen Region,77.0,16.0
Southern Region,87.0,16.0
Western Region,90.0,16.0
National,90.0,16.0
Eastern Region,83.0,16.0
North-Eastern Region,73.0,16.0
Northen Region,77.0,16.0
Southern Region,87.0,16.0
Western Region,90.0,16.0
National,90.0,16.0
Eastern Region,83.0,16.0
North-Eastern Region,73.0,16.0
Northen Region,77.0,16.0
Southern Region,87.0,16.0
Western Region,90.0,16.0
National,90.0,16.0
Eastern Region,83.0,16.0
North-Eastern Region,73.0,16.0
Northen Region,77.0,16.0
Southern Region,87.0,16.0
Western Region,90.0,16.0
National,90.0,16.0
Eastern Region,83.0,16.0
North-Eastern Region,73.0,16.0
Northen Region,77.0,16.0
Southern Region,87.0,16.0
Western Region,90.0,16.0
National,90.0,16.0
Eastern Region,83.0,16.0
North-Eastern Region,73.0,16.0
Northen Region,77.0,16.0
Southern Region,87.0,16.0
Western Region,90.0,16.0
National,90.0,16.0
Eastern Region,83.0,16.0
North-Eastern Region,73.0,16.0
Northen Region,77.0,16.0
Southern Region,87.0,16.0
Western Region,90.0,16.0
National,90.0,16.0
Eastern Region,83.0,16.0
North-Eastern Region,73.0,16.0
Northen Region,77.0,16.0
Southern Region,87.0,16.0
Western Region,90.0,16.0
National,90.0,16.0
Eastern Region,83.0,16.0
North-Eastern Region,72.0,16.0
Northen Region,77.0,16.0
Southern Region,87.0,16.0
Western Region,90.0,16.0
National,90.0,16.0
Eastern Region,83.0,16.0
North-Eastern Region,72.0,16.0
Northen Region,77.0,16.0
Southern Region,87.0,16.0
Western Region,90.0,16.0
National,90.0,16.0
Eastern Region,83.0,16.0
North-Eastern Region,72.0,16.0
Northen Region,77.0,16.0
Southern Region,87.0,16.0
Western Region,90.0,16.0
National,90.0,16.0
Eastern Region,83.0,16.0
North-Eastern Region,72.0,16.0
Northen Region,76.0,16.0
Southern Region,86.0,16.0
Western Region,90.0,16.0
National,90.0,16.0
Eastern Region,83.0,16.0
North-Eastern Region,72.0,16.0
Northen Region,76.0,16.0
Southern Region,86.0,16.0
Western Region,90.0,16.0
National,90.0,16.0
Eastern Region,83.0,16.0
North-Eastern Region,72.0,16.0
Northen Region,76.0,16.0
Southern Region,86.0,16.0
Western Region,90.0,16.0
National,90.0,16.0
Eastern Region,83.0,16.0
North-Eastern Region,72.0,16.0
Northen Region,76.0,16.0
Southern Region,86.0,16.0
Western Region,90.0,16.0
National,90.0,16.0
Eastern Region,83.0,16.0
North-Eastern Region,72.0,16.0
Northen Region,76.0,16.0
Southern Region,86.0,16.0
Western Region,90.0,16.0
National,90.0,16.0
Eastern Region,83.0,16.0
North-Eastern Region,72.0,16.0
Northen Region,76.0,16.0
Southern Region,86.0,16.0
Western Region,90.0,16.0
National,90.0,16.0
Eastern Region,83.0,16.0
North-Eastern Region,72.0,16.0
Northen Region,76.0,16.0
Southern Region,86.0,16.0
Western Region,90.0,16.0
National,90.0,16.0
Eastern Region,83.0,16.0
North-Eastern Region,72.0,16.0
Northen Region,76.0,16.0
Southern Region,86.0,16.0
Western Region,90.0,16.0
National,90.0,16.0
Eastern Region,83.0,16.0
North-Eastern Region,72.0,16.0
Northen Region,76.0,16.0
Southern Region,86.0,16.0
Western Region,90.0,16.0
National,90.0,16.0
Eastern Region,83.0,16.0
North-Eastern Region,72.0,16.0
Northen Region,76.0,16.0
Southern Region,86.0,16.0
Western Region,90.0,16.0
National,90.0,16.0
Eastern Region,83.0,16.0
North-Eastern Region,72.0,16.0
Northen Region,76.0,16.0
Southern Region,86.0,16.0
Western Region,90.0,16.0
National,90.0,16.0
Eastern Region,83.0,16.0
North-Eastern Region,72.0,16.0
Northen Region,76.0,16.0
Southern Region,86.0,16.0
Western Region,90.0,16.0
National,90.0,16.0
Eastern Region,83.0,16.0
North-Eastern Region,72.0,16.0
Northen Region,76.0,16.0
Southern Region,86.0,16.0
Western Region,90.0,16.0
National,90.0,17.0
Eastern Region,83.0,17.0
North-Eastern Region,72.0,17.0
Northen Region,76.0,17.0
Southern Region,86.0,17.0
Western Region,90.0,17.0
National,90.0,17.0
Eastern Region,83.0,17.0
North-Eastern Region,72.0,17.0
Northen Region,76.0,17.0
Southern Region,86.0,17.0
Western Region,90.0,17.0
National,90.0,17.0
Eastern Region,83.0,17.0
North-Eastern Region,72.0,17.0
Northen Region,76.0,17.0
Southern Region,86.0,17.0
Western Region,90.0,17.0
National,90.0,17.0
Eastern Region,82.0,17.0
North-Eastern Region,72.0,17.0
Northen Region,76.0,17.0
Southern Region,86.0,17.0
Western Region,90.0,17.0
National,90.0,17.0
Eastern Region,82.0,17.0
North-Eastern Region,72.0,17.0
Northen Region,76.0,17.0
Southern Region,86.0,17.0
Western Region,90.0,17.0
National,90.0,17.0
Eastern Region,82.0,17.0
North-Eastern Region,72.0,17.0
Northen Region,76.0,17.0
Southern Region,86.0,17.0
Western Region,90.0,17.0
National,90.0,17.0
Eastern Region,82.0,17.0
North-Eastern Region,72.0,17.0
Northen Region,76.0,17.0
Southern Region,86.0,17.0
Western Region,90.0,17.0
National,90.0,17.0
Eastern Region,82.0,17.0
North-Eastern Region,72.0,17.0
Northen Region,76.0,17.0
Southern Region,86.0,17.0
Western Region,90.0,17.0
National,90.0,17.0
Eastern Region,82.0,17.0
North-Eastern Region,72.0,17.0
Northen Region,76.0,17.0
Southern Region,86.0,17.0
Western Region,90.0,17.0
National,90.0,17.0
Eastern Region,82.0,17.0
North-Eastern Region,72.0,17.0
Northen Region,76.0,17.0
Southern Region,86.0,17.0
Western Region,90.0,17.0
National,90.0,17.0
Eastern Region,82.0,17.0
North-Eastern Region,72.0,17.0
Northen Region,76.0,17.0
Southern Region,86.0,17.0
Western Region,90.0,17.0
National,90.0,17.0
Eastern Region,82.0,17.0
North-Eastern Region,72.0,17.0
Northen Region,76.0,17.0
Southern Region,86.0,17.0
Western Region,90.0,17.0
National,90.0,17.0
Eastern Region,82.0,17.0
North-Eastern Region,72.0,17.0
Northen Region,76.0,17.0
Southern Region,86.0,17.0
Western Region,90.0,17.0
National,90.0,17.0
Eastern Region,82.0,17.0
North-Eastern Region,72.0,17.0
Northen Region,76.0,17.0
Southern Region,86.0,17.0
Western Region,90.0,17.0
National,90.0,17.0
Eastern Region,82.0,17.0
North-Eastern Region,72.0,17.0
Northen Region,76.0,17.0
Southern Region,86.0,17.0
Western Region,90.0,17.0
National,90.0,17.0
Eastern Region,82.0,17.0
North-Eastern Region,72.0,17.0
Northen Region,76.0,17.0
Southern Region,86.0,17.0
Western Region,90.0,17.0
National,90.0,17.0
Eastern Region,82.0,17.0
North-Eastern Region,72.0,17.0
Northen Region,76.0,17.0
Southern Region,86.0,17.0
Western Region,90.0,17.0
National,90.0,17.0
Eastern Region,82.0,17.0
North-Eastern Region,72.0,17.0
Northen Region,76.0,17.0
Southern Region,86.0,17.0
Western Region,90.0,17.0
National,90.0,17.0
Eastern Region,82.0,17.0
North-Eastern Region,72.0,17.0
Northen Region,76.0,17.0
Southern Region,86.0,17.0
Western Region,90.0,17.0
National,90.0,17.0
Eastern Region,82.0,17.0
North-Eastern Region,72.0,17.0
Northen Region,76.0,17.0
Southern Region,86.0,17.0
Western Region,90.0,17.0
National,90.0,17.0
Eastern Region,82.0,17.0
North-Eastern Region,72.0,17.0
Northen Region,76.0,17.0
Southern Region,86.0,17.0
Western Region,90.0,17.0
National,90.0,17.0
Eastern Region,82.0,17.0
North-Eastern Region,72.0,17.0
Northen Region,76.0,17.0
Southern Region,86.0,17.0
Western Region,90.0,17.0
National,90.0,17.0
Eastern Region,82.0,17.0
North-Eastern Region,72.0,17.0
Northen Region,76.0,17.0
Southern Region,86.0,17.0
Western Region,90.0,17.0
National,90.0,17.0
Eastern Region,82.0,17.0
North-Eastern Region,72.0,17.0
Northen Region,76.0,17.0
Southern Region,86.0,17.0
Western Region,90.0,17.0
National,90.0,17.0
Eastern Region,82.0,17.0
North-Eastern Region,72.0,17.0
Northen Region,76.0,17.0
Southern Region,86.0,17.0
Western Region,90.0,17.0
National,90.0,17.0
Eastern Region,82.0,17.0
North-Eastern Region,72.0,17.0
Northen Region,76.0,17.0
Southern Region,86.0,17.0
Western Region,90.0,17.0
National,90.0,17.0
Eastern Region,82.0,17.0
North-Eastern Region,72.0,17.0
Northen Region,76.0,17.0
Southern Region,86.0,17.0
Western Region,90.0,17.0
National,90.0,17.0
Eastern Region,82.0,17.0
North-Eastern Region,72.0,17.0
Northen Region,76.0,17.0
Southern Region,86.0,17.0
Western Region,90.0,17.0
National,90.0,17.0
Eastern Region,82.0,17.0
North-Eastern Region,72.0,17.0
Northen Region,76.0,17.0
Southern Region,86.0,17.0
Western Region,90.0,17.0
National,90.0,17.0
Eastern Region,82.0,17.0
North-Eastern Region,72.0,17.0
Northen Region,76.0,17.0
Southern Region,86.0,17.0
Western Region,90.0,17.0
National,90.0,17.0
Eastern Region,82.0,17.0
North-Eastern Region,72.0,17.0
Northen Region,76.0,17.0
Southern Region,86.0,17.0
Western Region,89.0,17.0
National,90.0,17.0
Eastern Region,82.0,17.0
North-Eastern Region,72.0,17.0
Northen Region,76.0,17.0
Southern Region,86.0,17.0
Western Region,89.0,17.0
National,90.0,17.0
Eastern Region,82.0,17.0
North-Eastern Region,72.0,17.0
Northen Region,76.0,17.0
Southern Region,86.0,17.0
Western Region,89.0,17.0
National,90.0,17.0
Eastern Region,82.0,17.0
North-Eastern Region,72.0,17.0
Northen Region,76.0,17.0
Southern Region,86.0,17.0
Western Region,89.0,17.0
National,90.0,17.0
Eastern Region,82.0,17.0
North-Eastern Region,72.0,17.0
Northen Region,76.0,17.0
Southern Region,86.0,17.0
Western Region,89.0,17.0
National,90.0,17.0
Eastern Region,82.0,17.0
North-Eastern Region,72.0,17.0
Northen Region,76.0,17.0
Southern Region,86.0,17.0
Western Region,89.0,17.0
National,90.0,17.0
Eastern Region,82.0,17.0
North-Eastern Region,72.0,17.0
Northen Region,76.0,17.0
Southern Region,86.0,17.0
Western Region,89.0,17.0
National,90.0,17.0
Eastern Region,82.0,17.0
North-Eastern Region,72.0,17.0
Northen Region,76.0,17.0
Southern Region,86.0,17.0
Western Region,89.0,17.0
National,90.0,17.0
Eastern Region,82.0,17.0
North-Eastern Region,72.0,17.0
Northen Region,76.0,17.0
Southern Region,86.0,17.0
Western Region,89.0,17.0
National,90.0,17.0
Eastern Region,82.0,17.0
North-Eastern Region,72.0,17.0
Northen Region,76.0,17.0
Southern Region,86.0,17.0
Western Region,89.0,17.0
National,90.0,17.0
Eastern Region,82.0,17.0
North-Eastern Region,72.0,17.0
Northen Region,76.0,17.0
Southern Region,86.0,17.0
Western Region,89.0,17.0
National,90.0,17.0
Eastern Region,82.0,17.0
North-Eastern Region,72.0,17.0
Northen Region,76.0,17.0
Southern Region,86.0,17.0
Western Region,89.0,17.0
National,89.0,17.0
Eastern Region,82.0,17.0
North-Eastern Region,72.0,17.0
Northen Region,76.0,17.0
Southern Region,86.0,17.0
Western Region,89.0,17.0
National,89.0,17.0
Eastern Region,82.0,17.0
North-Eastern Region,72.0,17.0
Northen Region,76.0,17.0
Southern Region,86.0,17.0
Western Region,89.0,17.0
National,89.0,18.0
Eastern Region,82.0,18.0
North-Eastern Region,72.0,18.0
Northen Region,76.0,18.0
Southern Region,86.0,18.0
Western Region,89.0,18.0
National,89.0,18.0
Eastern Region,82.0,18.0
North-Eastern Region,72.0,18.0
Northen Region,76.0,18.0
Southern Region,86.0,18.0
Western Region,89.0,18.0
National,89.0,18.0
Eastern Region,82.0,18.0
North-Eastern Region,72.0,18.0
Northen Region,76.0,18.0
Southern Region,86.0,18.0
Western Region,89.0,18.0
National,89.0,18.0
Eastern Region,82.0,18.0
North-Eastern Region,72.0,18.0
Northen Region,76.0,18.0
Southern Region,86.0,18.0
Western Region,89.0,18.0
National,89.0,18.0
Eastern Region,82.0,18.0
North-Eastern Region,72.0,18.0
Northen Region,76.0,18.0
Southern Region,86.0,18.0
Western Region,89.0,18.0
National,89.0,18.0
Eastern Region,82.0,18.0
North-Eastern Region,72.0,18.0
Northen Region,76.0,18.0
Southern Region,86.0,18.0
Western Region,89.0,18.0
National,89.0,18.0
Eastern Region,82.0,18.0
North-Eastern Region,72.0,18.0
Northen Region,76.0,18.0
Southern Region,86.0,18.0
Western Region,89.0,18.0
National,89.0,18.0
Eastern Region,82.0,18.0
North-Eastern Region,72.0,18.0
Northen Region,76.0,18.0
Southern Region,86.0,18.0
Western Region,89.0,18.0
National,89.0,18.0
Eastern Region,82.0,18.0
North-Eastern Region,72.0,18.0
Northen Region,76.0,18.0
Southern Region,86.0,18.0
Western Region,89.0,18.0
National,89.0,18.0
Eastern Region,82.0,18.0
North-Eastern Region,72.0,18.0
Northen Region,75.0,18.0
Southern Region,86.0,18.0
Western Region,89.0,18.0
National,89.0,18.0
Eastern Region,82.0,18.0
North-Eastern Region,72.0,18.0
Northen Region,75.0,18.0
Southern Region,86.0,18.0
Western Region,89.0,18.0
National,89.0,18.0
Eastern Region,82.0,18.0
North-Eastern Region,72.0,18.0
Northen Region,75.0,18.0
Southern Region,86.0,18.0
Western Region,89.0,18.0
National,89.0,18.0
Eastern Region,82.0,18.0
North-Eastern Region,72.0,18.0
Northen Region,75.0,18.0
Southern Region,86.0,18.0
Western Region,89.0,18.0
National,89.0,18.0
Eastern Region,82.0,18.0
North-Eastern Region,71.0,18.0
Northen Region,75.0,18.0
Southern Region,85.0,18.0
Western Region,89.0,18.0
National,89.0,18.0
Eastern Region,82.0,18.0
North-Eastern Region,71.0,18.0
Northen Region,75.0,18.0
Southern Region,85.0,18.0
Western Region,89.0,18.0
National,89.0,18.0
Eastern Region,82.0,18.0
North-Eastern Region,71.0,18.0
Northen Region,75.0,18.0
Southern Region,85.0,18.0
Western Region,89.0,18.0
National,89.0,18.0
Eastern Region,82.0,18.0
North-Eastern Region,71.0,18.0
Northen Region,75.0,18.0
Southern Region,85.0,18.0
Western Region,89.0,18.0
National,89.0,18.0
Eastern Region,82.0,18.0
North-Eastern Region,71.0,18.0
Northen Region,75.0,18.0
Southern Region,85.0,18.0
Western Region,89.0,18.0
National,89.0,18.0
Eastern Region,82.0,18.0
North-Eastern Region,71.0,18.0
Northen Region,75.0,18.0
Southern Region,85.0,18.0
Western Region,89.0,18.0
National,89.0,18.0
Eastern Region,82.0,18.0
North-Eastern Region,71.0,18.0
Northen Region,75.0,18.0
Southern Region,85.0,18.0
Western Region,89.0,18.0
National,89.0,18.0
Eastern Region,82.0,18.0
North-Eastern Region,71.0,18.0
Northen Region,75.0,18.0
Southern Region,85.0,18.0
Western Region,89.0,18.0
National,89.0,18.0
Eastern Region,82.0,18.0
North-Eastern Region,71.0,18.0
Northen Region,75.0,18.0
Southern Region,85.0,18.0
Western Region,89.0,18.0
National,89.0,18.0
Eastern Region,82.0,18.0
North-Eastern Region,71.0,18.0
Northen Region,75.0,18.0
Southern Region,85.0,18.0
Western Region,89.0,18.0
National,89.0,18.0
Eastern Region,82.0,18.0
North-Eastern Region,71.0,18.0
Northen Region,75.0,18.0
Southern Region,85.0,18.0
Western Region,89.0,18.0
National,89.0,18.0
Eastern Region,82.0,18.0
North-Eastern Region,71.0,18.0
Northen Region,75.0,18.0
Southern Region,85.0,18.0
Western Region,89.0,18.0
National,89.0,18.0
Eastern Region,82.0,18.0
North-Eastern Region,71.0,18.0
Northen Region,75.0,18.0
Southern Region,85.0,18.0
Western Region,89.0,18.0
National,89.0,18.0
Eastern Region,82.0,18.0
North-Eastern Region,71.0,18.0
Northen Region,75.0,18.0
Southern Region,85.0,18.0
Western Region,89.0,18.0
National,89.0,18.0
Eastern Region,82.0,18.0
North-Eastern Region,71.0,18.0
Northen Region,75.0,18.0
Southern Region,85.0,18.0
Western Region,89.0,18.0
National,89.0,18.0
Eastern Region,82.0,18.0
North-Eastern Region,71.0,18.0
Northen Region,75.0,18.0
Southern Region,85.0,18.0
Western Region,89.0,18.0
National,89.0,18.0
Eastern Region,82.0,18.0
North-Eastern Region,71.0,18.0
Northen Region,75.0,18.0
Southern Region,85.0,18.0
Western Region,89.0,18.0
National,89.0,18.0
Eastern Region,82.0,18.0
North-Eastern Region,71.0,18.0
Northen Region,75.0,18.0
Southern Region,85.0,18.0
Western Region,89.0,18.0
National,89.0,18.0
Eastern Region,82.0,18.0
North-Eastern Region,71.0,18.0
Northen Region,75.0,18.0
Southern Region,85.0,18.0
Western Region,89.0,18.0
National,89.0,18.0
Eastern Region,82.0,18.0
North-Eastern Region,71.0,18.0
Northen Region,75.0,18.0
Southern Region,85.0,18.0
Western Region,89.0,18.0
National,89.0,18.0
Eastern Region,82.0,18.0
North-Eastern Region,71.0,18.0
Northen Region,75.0,18.0
Southern Region,85.0,18.0
Western Region,89.0,18.0
National,89.0,18.0
Eastern Region,82.0,18.0
North-Eastern Region,71.0,18.0
Northen Region,75.0,18.0
Southern Region,85.0,18.0
Western Region,89.0,18.0
National,89.0,18.0
Eastern Region,82.0,18.0
North-Eastern Region,71.0,18.0
Northen Region,75.0,18.0
Southern Region,85.0,18.0
Western Region,89.0,18.0
National,89.0,18.0
Eastern Region,82.0,18.0
North-Eastern Region,71.0,18.0
Northen Region,75.0,18.0
Southern Region,85.0,18.0
Western Region,89.0,18.0
National,89.0,18.0
Eastern Region,82.0,18.0
North-Eastern Region,71.0,18.0
Northen Region,75.0,18.0
Southern Region,85.0,18.0
Western Region,89.0,18.0
National,89.0,18.0
Eastern Region,82.0,18.0
North-Eastern Region,71.0,18.0
Northen Region,75.0,18.0
Southern Region,85.0,18.0
Western Region,89.0,18.0
National,89.0,18.0
Eastern Region,82.0,18.0
North-Eastern Region,71.0,18.0
Northen Region,75.0,18.0
Southern Region,85.0,18.0
Western Region,89.0,18.0
National,89.0,18.0
Eastern Region,82.0,18.0
North-Eastern Region,71.0,18.0
Northen Region,75.0,18.0
Southern Region,85.0,18.0
Western Region,89.0,18.0
National,89.0,18.0
Eastern Region,82.0,18.0
North-Eastern Region,71.0,18.0
Northen Region,75.0,18.0
Southern Region,85.0,18.0
Western Region,89.0,18.0
National,89.0,18.0
Eastern Region,82.0,18.0
North-Eastern Region,71.0,18.0
Northen Region,75.0,18.0
Southern Region,85.0,18.0
Western Region,89.0,18.0
National,89.0,19.0
Eastern Region,82.0,19.0
North-Eastern Region,71.0,19.0
Northen Region,75.0,19.0
Southern Region,85.0,19.0
Western Region,89.0,19.0
National,89.0,19.0
Eastern Region,82.0,19.0
North-Eastern Region,71.0,19.0
Northen Region,75.0,19.0
Southern Region,85.0,19.0
Western Region,89.0,19.0
National,89.0,19.0
Eastern Region,82.0,19.0
North-Eastern Region,71.0,19.0
Northen Region,75.0,19.0
Southern Region,85.0,19.0
Western Region,89.0,19.0
National,89.0,19.0
Eastern Region,82.0,19.0
North-Eastern Region,71.0,19.0
Northen Region,75.0,19.0
Southern Region,85.0,19.0
Western Region,89.0,19.0
National,89.0,19.0
Eastern Region,82.0,19.0
North-Eastern Region,71.0,19.0
Northen Region,75.0,19.0
Southern Region,85.0,19.0
Western Region,89.0,19.0
National,89.0,19.0
Eastern Region,82.0,19.0
North-Eastern Region,71.0,19.0
Northen Region,75.0,19.0
Southern Region,85.0,19.0
Western Region,89.0,19.0
National,89.0,19.0
Eastern Region,82.0,19.0
North-Eastern Region,71.0,19.0
Northen Region,75.0,19.0
Southern Region,85.0,19.0
Western Region,89.0,19.0
National,89.0,19.0
Eastern Region,82.0,19.0
North-Eastern Region,71.0,19.0
Northen Region,75.0,19.0
Southern Region,85.0,19.0
Western Region,89.0,19.0
National,89.0,19.0
Eastern Region,82.0,19.0
North-Eastern Region,71.0,19.0
Northen Region,75.0,19.0
Southern Region,85.0,19.0
Western Region,89.0,19.0
National,89.0,19.0
Eastern Region,82.0,19.0
North-Eastern Region,71.0,19.0
Northen Region,75.0,19.0
Southern Region,85.0,19.0
Western Region,89.0,19.0
National,89.0,19.0
Eastern Region,82.0,19.0
North-Eastern Region,71.0,19.0
Northen Region,75.0,19.0
Southern Region,85.0,19.0
Western Region,89.0,19.0
National,89.0,19.0
Eastern Region,82.0,19.0
North-Eastern Region,71.0,19.0
Northen Region,75.0,19.0
Southern Region,85.0,19.0
Western Region,89.0,19.0
National,89.0,19.0
Eastern Region,82.0,19.0
North-Eastern Region,71.0,19.0
Northen Region,75.0,19.0
Southern Region,85.0,19.0
Western Region,89.0,19.0
National,89.0,19.0
Eastern Region,82.0,19.0
North-Eastern Region,71.0,19.0
Northen Region,75.0,19.0
Southern Region,85.0,19.0
Western Region,89.0,19.0
National,89.0,19.0
Eastern Region,82.0,19.0
North-Eastern Region,71.0,19.0
Northen Region,75.0,19.0
Southern Region,85.0,19.0
Western Region,89.0,19.0
National,89.0,19.0
Eastern Region,82.0,19.0
North-Eastern Region,71.0,19.0
Northen Region,75.0,19.0
Southern Region,85.0,19.0
Western Region,89.0,19.0
National,89.0,19.0
Eastern Region,82.0,19.0
North-Eastern Region,71.0,19.0
Northen Region,75.0,19.0
Southern Region,85.0,19.0
Western Region,89.0,19.0
National,89.0,19.0
Eastern Region,82.0,19.0
North-Eastern Region,71.0,19.0
Northen Region,75.0,19.0
Southern Region,85.0,19.0
Western Region,89.0,19.0
National,89.0,19.0
Eastern Region,82.0,19.0
North-Eastern Region,71.0,19.0
Northen Region,75.0,19.0
Southern Region,85.0,19.0
Western Region,89.0,19.0
National,89.0,19.0
Eastern Region,82.0,19.0
North-Eastern Region,71.0,19.0
Northen Region,75.0,19.0
Southern Region,85.0,19.0
Western Region,89.0,19.0
National,89.0,19.0
Eastern Region,82.0,19.0
North-Eastern Region,71.0,19.0
Northen Region,75.0,19.0
Southern Region,85.0,19.0
Western Region,89.0,19.0
National,89.0,19.0
Eastern Region,82.0,19.0
North-Eastern Region,71.0,19.0
Northen Region,75.0,19.0
Southern Region,85.0,19.0
Western Region,89.0,19.0
National,89.0,19.0
Eastern Region,82.0,19.0
North-Eastern Region,71.0,19.0
Northen Region,75.0,19.0
Southern Region,85.0,19.0
Western Region,89.0,19.0
National,89.0,19.0
Eastern Region,82.0,19.0
North-Eastern Region,71.0,19.0
Northen Region,75.0,19.0
Southern Region,85.0,19.0
Western Region,89.0,19.0
National,89.0,19.0
Eastern Region,82.0,19.0
North-Eastern Region,71.0,19.0
Northen Region,75.0,19.0
Southern Region,85.0,19.0
Western Region,89.0,19.0
National,89.0,19.0
Eastern Region,82.0,19.0
North-Eastern Region,71.0,19.0
Northen Region,75.0,19.0
Southern Region,85.0,19.0
Western Region,89.0,19.0
National,89.0,19.0
Eastern Region,82.0,19.0
North-Eastern Region,71.0,19.0
Northen Region,75.0,19.0
Southern Region,85.0,19.0
Western Region,89.0,19.0
National,89.0,19.0
Eastern Region,82.0,19.0
North-Eastern Region,71.0,19.0
Northen Region,75.0,19.0
Southern Region,85.0,19.0
Western Region,89.0,19.0
National,89.0,19.0
Eastern Region,81.0,19.0
North-Eastern Region,71.0,19.0
Northen Region,75.0,19.0
Southern Region,85.0,19.0
Western Region,89.0,19.0
National,89.0,19.0
Eastern Region,81.0,19.0
North-Eastern Region,71.0,19.0
Northen Region,75.0,19.0
Southern Region,85.0,19.0
Western Region,89.0,19.0
National,89.0,19.0
Eastern Region,81.0,19.0
North-Eastern Region,71.0,19.0
Northen Region,75.0,19.0
Southern Region,85.0,19.0
Western Region,89.0,19.0
National,89.0,19.0
Eastern Region,81.0,19.0
North-Eastern Region,71.0,19.0
Northen Region,75.0,19.0
Southern Region,85.0,19.0
Western Region,89.0,19.0
National,89.0,19.0
Eastern Region,81.0,19.0
North-Eastern Region,71.0,19.0
Northen Region,75.0,19.0
Southern Region,85.0,19.0
Western Region,89.0,19.0
National,89.0,19.0
Eastern Region,81.0,19.0
North-Eastern Region,71.0,19.0
Northen Region,75.0,19.0
Southern Region,85.0,19.0
Western Region,89.0,19.0
National,89.0,19.0
Eastern Region,81.0,19.0
North-Eastern Region,71.0,19.0
Northen Region,75.0,19.0
Southern Region,85.0,19.0
Western Region,89.0,19.0
National,89.0,19.0
Eastern Region,81.0,19.0
North-Eastern Region,71.0,19.0
Northen Region,75.0,19.0
Southern Region,85.0,19.0
Western Region,89.0,19.0
National,89.0,19.0
Eastern Region,81.0,19.0
North-Eastern Region,71.0,19.0
Northen Region,75.0,19.0
Southern Region,85.0,19.0
Western Region,89.0,19.0
National,89.0,19.0
Eastern Region,81.0,19.0
North-Eastern Region,71.0,19.0
Northen Region,75.0,19.0
Southern Region,85.0,19.0
Western Region,89.0,19.0
National,89.0,19.0
Eastern Region,81.0,19.0
North-Eastern Region,71.0,19.0
Northen Region,75.0,19.0
Southern Region,85.0,19.0
Western Region,89.0,19.0
National,89.0,19.0
Eastern Region,81.0,19.0
North-Eastern Region,70.0,19.0
Northen Region,75.0,19.0
Southern Region,85.0,19.0
Western Region,89.0,19.0
National,89.0,19.0
Eastern Region,81.0,19.0
North-Eastern Region,70.0,19.0
Northen Region,75.0,19.0
Southern Region,85.0,19.0
Western Region,89.0,19.0
National,89.0,19.0
Eastern Region,81.0,19.0
North-Eastern Region,70.0,19.0
Northen Region,75.0,19.0
Southern Region,85.0,19.0
Western Region,89.0,19.0
National,89.0,19.0
Eastern Region,81.0,19.0
North-Eastern Region,70.0,19.0
Northen Region,75.0,19.0
Southern Region,85.0,19.0
Western Region,89.0,19.0
National,89.0,19.0
Eastern Region,81.0,19.0
North-Eastern Region,70.0,19.0
Northen Region,75.0,19.0
Southern Region,84.0,19.0
Western Region,89.0,19.0
National,89.0,20.0
Eastern Region,81.0,20.0
North-Eastern Region,70.0,20.0
Northen Region,75.0,20.0
Southern Region,84.0,20.0
Western Region,89.0,20.0
National,89.0,20.0
Eastern Region,81.0,20.0
North-Eastern Region,70.0,20.0
Northen Region,75.0,20.0
Southern Region,84.0,20.0
Western Region,89.0,20.0
National,89.0,20.0
Eastern Region,81.0,20.0
North-Eastern Region,70.0,20.0
Northen Region,75.0,20.0
Southern Region,84.0,20.0
Western Region,89.0,20.0
National,89.0,20.0
Eastern Region,81.0,20.0
North-Eastern Region,70.0,20.0
Northen Region,74.0,20.0
Southern Region,84.0,20.0
Western Region,89.0,20.0
National,89.0,20.0
Eastern Region,81.0,20.0
North-Eastern Region,70.0,20.0
Northen Region,74.0,20.0
Southern Region,84.0,20.0
Western Region,89.0,20.0
National,89.0,20.0
Eastern Region,81.0,20.0
North-Eastern Region,70.0,20.0
Northen Region,74.0,20.0
Southern Region,84.0,20.0
Western Region,89.0,20.0
National,89.0,20.0
Eastern Region,81.0,20.0
North-Eastern Region,70.0,20.0
Northen Region,74.0,20.0
Southern Region,84.0,20.0
Western Region,89.0,20.0
National,89.0,20.0
Eastern Region,81.0,20.0
North-Eastern Region,70.0,20.0
Northen Region,74.0,20.0
Southern Region,84.0,20.0
Western Region,89.0,20.0
National,89.0,20.0
Eastern Region,81.0,20.0
North-Eastern Region,70.0,20.0
Northen Region,74.0,20.0
Southern Region,84.0,20.0
Western Region,89.0,20.0
National,89.0,20.0
Eastern Region,81.0,20.0
North-Eastern Region,70.0,20.0
Northen Region,74.0,20.0
Southern Region,84.0,20.0
Western Region,89.0,20.0
National,89.0,20.0
Eastern Region,81.0,20.0
North-Eastern Region,70.0,20.0
Northen Region,74.0,20.0
Southern Region,84.0,20.0
Western Region,89.0,20.0
National,89.0,20.0
Eastern Region,81.0,20.0
North-Eastern Region,70.0,20.0
Northen Region,74.0,20.0
Southern Region,84.0,20.0
Western Region,89.0,20.0
National,89.0,20.0
Eastern Region,81.0,20.0
North-Eastern Region,70.0,20.0
Northen Region,74.0,20.0
Southern Region,84.0,20.0
Western Region,89.0,20.0
National,89.0,20.0
Eastern Region,81.0,20.0
North-Eastern Region,70.0,20.0
Northen Region,74.0,20.0
Southern Region,84.0,20.0
Western Region,89.0,20.0
National,89.0,20.0
Eastern Region,81.0,20.0
North-Eastern Region,70.0,20.0
Northen Region,74.0,20.0
Southern Region,84.0,20.0
Western Region,89.0,20.0
National,89.0,20.0
Eastern Region,81.0,20.0
North-Eastern Region,70.0,20.0
Northen Region,74.0,20.0
Southern Region,84.0,20.0
Western Region,89.0,20.0
National,89.0,20.0
Eastern Region,81.0,20.0
North-Eastern Region,70.0,20.0
Northen Region,74.0,20.0
Southern Region,84.0,20.0
Western Region,89.0,20.0
National,89.0,20.0
Eastern Region,81.0,20.0
North-Eastern Region,70.0,20.0
Northen Region,74.0,20.0
Southern Region,84.0,20.0
Western Region,89.0,20.0
National,89.0,20.0
Eastern Region,81.0,20.0
North-Eastern Region,70.0,20.0
Northen Region,74.0,20.0
Southern Region,84.0,20.0
Western Region,89.0,20.0
National,89.0,20.0
Eastern Region,81.0,20.0
North-Eastern Region,70.0,20.0
Northen Region,74.0,20.0
Southern Region,84.0,20.0
Western Region,89.0,20.0
National,89.0,20.0
Eastern Region,81.0,20.0
North-Eastern Region,70.0,20.0
Northen Region,74.0,20.0
Southern Region,84.0,20.0
Western Region,89.0,20.0
National,89.0,20.0
Eastern Region,81.0,20.0
North-Eastern Region,70.0,20.0
Northen Region,74.0,20.0
Southern Region,84.0,20.0
Western Region,89.0,20.0
National,89.0,20.0
Eastern Region,81.0,20.0
North-Eastern Region,70.0,20.0
Northen Region,74.0,20.0
Southern Region,84.0,20.0
Western Region,89.0,20.0
National,89.0,20.0
Eastern Region,81.0,20.0
North-Eastern Region,70.0,20.0
Northen Region,74.0,20.0
Southern Region,84.0,20.0
Western Region,89.0,20.0
National,89.0,20.0
Eastern Region,81.0,20.0
North-Eastern Region,70.0,20.0
Northen Region,74.0,20.0
Southern Region,84.0,20.0
Western Region,89.0,20.0
National,89.0,20.0
Eastern Region,81.0,20.0
North-Eastern Region,70.0,20.0
Northen Region,74.0,20.0
Southern Region,84.0,20.0
Western Region,89.0,20.0
National,89.0,20.0
Eastern Region,81.0,20.0
North-Eastern Region,70.0,20.0
Northen Region,74.0,20.0
Southern Region,84.0,20.0
Western Region,89.0,20.0
National,89.0,20.0
Eastern Region,81.0,20.0
North-Eastern Region,70.0,20.0
Northen Region,74.0,20.0
Southern Region,84.0,20.0
Western Region,89.0,20.0
National,89.0,20.0
Eastern Region,81.0,20.0
North-Eastern Region,70.0,20.0
Northen Region,74.0,20.0
Southern Region,84.0,20.0
Western Region,89.0,20.0
National,89.0,20.0
Eastern Region,81.0,20.0
North-Eastern Region,70.0,20.0
Northen Region,74.0,20.0
Southern Region,84.0,20.0
Western Region,89.0,20.0
National,89.0,20.0
Eastern Region,81.0,20.0
North-Eastern Region,70.0,20.0
Northen Region,74.0,20.0
Southern Region,84.0,20.0
Western Region,89.0,20.0
National,89.0,20.0
Eastern Region,81.0,20.0
North-Eastern Region,70.0,20.0
Northen Region,74.0,20.0
Southern Region,84.0,20.0
Western Region,89.0,20.0
National,89.0,20.0
Eastern Region,81.0,20.0
North-Eastern Region,70.0,20.0
Northen Region,74.0,20.0
Southern Region,84.0,20.0
Western Region,89.0,20.0
National,89.0,20.0
Eastern Region,81.0,20.0
North-Eastern Region,70.0,20.0
Northen Region,74.0,20.0
Southern Region,84.0,20.0
Western Region,88.0,20.0
National,89.0,20.0
Eastern Region,81.0,20.0
North-Eastern Region,70.0,20.0
Northen Region,74.0,20.0
Southern Region,84.0,20.0
Western Region,88.0,20.0
National,89.0,20.0
Eastern Region,81.0,20.0
North-Eastern Region,70.0,20.0
Northen Region,74.0,20.0
Southern Region,84.0,20.0
Western Region,88.0,20.0
National,89.0,20.0
Eastern Region,81.0,20.0
North-Eastern Region,70.0,20.0
Northen Region,74.0,20.0
Southern Region,84.0,20.0
Western Region,88.0,20.0
National,89.0,20.0
Eastern Region,81.0,20.0
North-Eastern Region,70.0,20.0
Northen Region,74.0,20.0
Southern Region,84.0,20.0
Western Region,88.0,20.0
National,89.0,20.0
Eastern Region,81.0,20.0
North-Eastern Region,70.0,20.0
Northen Region,74.0,20.0
Southern Region,84.0,20.0
Western Region,88.0,20.0
National,89.0,20.0
Eastern Region,81.0,20.0
North-Eastern Region,70.0,20.0
Northen Region,74.0,20.0
Southern Region,84.0,20.0
Western Region,88.0,20.0
National,89.0,20.0
Eastern Region,81.0,20.0
North-Eastern Region,70.0,20.0
Northen Region,74.0,20.0
Southern Region,84.0,20.0
Western Region,88.0,20.0
National,89.0,20.0
Eastern Region,81.0,20.0
North-Eastern Region,70.0,20.0
Northen Region,74.0,20.0
Southern Region,84.0,20.0
Western Region,88.0,20.0
National,89.0,20.0
Eastern Region,81.0,20.0
North-Eastern Region,70.0,20.0
Northen Region,74.0,20.0
Southern Region,84.0,20.0
Western Region,88.0,20.0
National,89.0,21.0
Eastern Region,81.0,21.0
North-Eastern Region,70.0,21.0
Northen Region,74.0,21.0
Southern Region,84.0,21.0
Western Region,88.0,21.0
National,89.0,21.0
Eastern Region,81.0,21.0
North-Eastern Region,70.0,21.0
Northen Region,74.0,21.0
Southern Region,84.0,21.0
Western Region,88.0,21.0
National,89.0,21.0
Eastern Region,81.0,21.0
North-Eastern Region,70.0,21.0
Northen Region,74.0,21.0
Southern Region,84.0,21.0
Western Region,88.0,21.0
National,89.0,21.0
Eastern Region,81.0,21.0
North-Eastern Region,70.0,21.0
Northen Region,74.0,21.0
Southern Region,84.0,21.0
Western Region,88.0,21.0
National,89.0,21.0
Eastern Region,81.0,21.0
North-Eastern Region,70.0,21.0
Northen Region,74.0,21.0
Southern Region,84.0,21.0
Western Region,88.0,21.0
National,89.0,21.0
Eastern Region,81.0,21.0
North-Eastern Region,70.0,21.0
Northen Region,74.0,21.0
Southern Region,84.0,21.0
Western Region,88.0,21.0
National,89.0,21.0
Eastern Region,81.0,21.0
North-Eastern Region,70.0,21.0
Northen Region,74.0,21.0
Southern Region,84.0,21.0
Western Region,88.0,21.0
National,89.0,21.0
Eastern Region,81.0,21.0
North-Eastern Region,70.0,21.0
Northen Region,74.0,21.0
Southern Region,84.0,21.0
Western Region,88.0,21.0
National,89.0,21.0
Eastern Region,81.0,21.0
North-Eastern Region,70.0,21.0
Northen Region,74.0,21.0
Southern Region,84.0,21.0
Western Region,88.0,21.0
National,89.0,21.0
Eastern Region,81.0,21.0
North-Eastern Region,70.0,21.0
Northen Region,74.0,21.0
Southern Region,84.0,21.0
Western Region,88.0,21.0
National,89.0,21.0
Eastern Region,81.0,21.0
North-Eastern Region,70.0,21.0
Northen Region,74.0,21.0
Southern Region,84.0,21.0
Western Region,88.0,21.0
National,89.0,21.0
Eastern Region,81.0,21.0
North-Eastern Region,70.0,21.0
Northen Region,74.0,21.0
Southern Region,84.0,21.0
Western Region,88.0,21.0
National,89.0,21.0
Eastern Region,81.0,21.0
North-Eastern Region,70.0,21.0
Northen Region,74.0,21.0
Southern Region,84.0,21.0
Western Region,88.0,21.0
National,89.0,21.0
Eastern Region,81.0,21.0
North-Eastern Region,70.0,21.0
Northen Region,74.0,21.0
Southern Region,84.0,21.0
Western Region,88.0,21.0
National,89.0,21.0
Eastern Region,81.0,21.0
North-Eastern Region,70.0,21.0
Northen Region,74.0,21.0
Southern Region,84.0,21.0
Western Region,88.0,21.0
National,89.0,21.0
Eastern Region,81.0,21.0
North-Eastern Region,70.0,21.0
Northen Region,74.0,21.0
Southern Region,84.0,21.0
Western Region,88.0,21.0
National,89.0,21.0
Eastern Region,81.0,21.0
North-Eastern Region,70.0,21.0
Northen Region,74.0,21.0
Southern Region,84.0,21.0
Western Region,88.0,21.0
National,89.0,21.0
Eastern Region,81.0,21.0
North-Eastern Region,70.0,21.0
Northen Region,74.0,21.0
Southern Region,84.0,21.0
Western Region,88.0,21.0
National,89.0,21.0
Eastern Region,81.0,21.0
North-Eastern Region,70.0,21.0
Northen Region,74.0,21.0
Southern Region,84.0,21.0
Western Region,88.0,21.0
National,89.0,21.0
Eastern Region,81.0,21.0
North-Eastern Region,70.0,21.0
Northen Region,74.0,21.0
Southern Region,84.0,21.0
Western Region,88.0,21.0
National,89.0,21.0
Eastern Region,81.0,21.0
North-Eastern Region,70.0,21.0
Northen Region,74.0,21.0
Southern Region,84.0,21.0
Western Region,88.0,21.0
National,89.0,21.0
Eastern Region,81.0,21.0
North-Eastern Region,70.0,21.0
Northen Region,74.0,21.0
Southern Region,84.0,21.0
Western Region,88.0,21.0
National,89.0,21.0
Eastern Region,81.0,21.0
North-Eastern Region,70.0,21.0
Northen Region,74.0,21.0
Southern Region,84.0,21.0
Western Region,88.0,21.0
National,89.0,21.0
Eastern Region,81.0,21.0
North-Eastern Region,70.0,21.0
Northen Region,74.0,21.0
Southern Region,84.0,21.0
Western Region,88.0,21.0
National,89.0,21.0
Eastern Region,81.0,21.0
North-Eastern Region,70.0,21.0
Northen Region,74.0,21.0
Southern Region,84.0,21.0
Western Region,88.0,21.0
National,89.0,21.0
Eastern Region,81.0,21.0
North-Eastern Region,70.0,21.0
Northen Region,74.0,21.0
Southern Region,84.0,21.0
Western Region,88.0,21.0
National,89.0,21.0
Eastern Region,81.0,21.0
North-Eastern Region,70.0,21.0
Northen Region,74.0,21.0
Southern Region,84.0,21.0
Western Region,88.0,21.0
National,89.0,21.0
Eastern Region,81.0,21.0
North-Eastern Region,70.0,21.0
Northen Region,74.0,21.0
Southern Region,84.0,21.0
Western Region,88.0,21.0
National,89.0,21.0
Eastern Region,81.0,21.0
North-Eastern Region,70.0,21.0
Northen Region,74.0,21.0
Southern Region,84.0,21.0
Western Region,88.0,21.0
National,89.0,21.0
Eastern Region,81.0,21.0
North-Eastern Region,70.0,21.0
Northen Region,74.0,21.0
Southern Region,84.0,21.0
Western Region,88.0,21.0
National,89.0,21.0
Eastern Region,81.0,21.0
North-Eastern Region,70.0,21.0
Northen Region,74.0,21.0
Southern Region,84.0,21.0
Western Region,88.0,21.0
National,89.0,21.0
Eastern Region,81.0,21.0
North-Eastern Region,70.0,21.0
Northen Region,74.0,21.0
Southern Region,84.0,21.0
Western Region,88.0,21.0
National,89.0,21.0
Eastern Region,81.0,21.0
North-Eastern Region,70.0,21.0
Northen Region,74.0,21.0
Southern Region,83.0,21.0
Western Region,88.0,21.0
National,89.0,21.0
Eastern Region,81.0,21.0
North-Eastern Region,70.0,21.0
Northen Region,74.0,21.0
Southern Region,83.0,21.0
Western Region,88.0,21.0
National,89.0,21.0
Eastern Region,81.0,21.0
North-Eastern Region,70.0,21.0
Northen Region,74.0,21.0
Southern Region,83.0,21.0
Western Region,88.0,21.0
National,89.0,21.0
Eastern Region,81.0,21.0
North-Eastern Region,70.0,21.0
Northen Region,74.0,21.0
Southern Region,83.0,21.0
Western Region,88.0,21.0
National,89.0,21.0
Eastern Region,80.0,21.0
North-Eastern Region,70.0,21.0
Northen Region,74.0,21.0
Southern Region,83.0,21.0
Western Region,88.0,21.0
National,89.0,21.0
Eastern Region,80.0,21.0
North-Eastern Region,70.0,21.0
Northen Region,73.0,21.0
Southern Region,83.0,21.0
Western Region,88.0,21.0
National,89.0,21.0
Eastern Region,80.0,21.0
North-Eastern Region,70.0,21.0
Northen Region,73.0,21.0
Southern Region,83.0,21.0
Western Region,88.0,21.0
National,89.0,21.0
Eastern Region,80.0,21.0
North-Eastern Region,70.0,21.0
Northen Region,73.0,21.0
Southern Region,83.0,21.0
Western Region,88.0,21.0
National,89.0,21.0
Eastern Region,80.0,21.0
North-Eastern Region,70.0,21.0
Northen Region,73.0,21.0
Southern Region,83.0,21.0
Western Region,88.0,21.0
National,89.0,21.0
Eastern Region,80.0,21.0
North-Eastern Region,70.0,21.0
Northen Region,73.0,21.0
Southern Region,83.0,21.0
Western Region,88.0,21.0
National,89.0,21.0
Eastern Region,80.0,21.0
North-Eastern Region,70.0,21.0
Northen Region,73.0,21.0
Southern Region,83.0,21.0
Western Region,88.0,21.0
National,89.0,22.0
Eastern Region,80.0,22.0
North-Eastern Region,70.0,22.0
Northen Region,73.0,22.0
Southern Region,83.0,22.0
Western Region,88.0,22.0
National,89.0,22.0
Eastern Region,80.0,22.0
North-Eastern Region,70.0,22.0
Northen Region,73.0,22.0
Southern Region,83.0,22.0
Western Region,88.0,22.0
National,89.0,22.0
Eastern Region,80.0,22.0
North-Eastern Region,70.0,22.0
Northen Region,73.0,22.0
Southern Region,83.0,22.0
Western Region,88.0,22.0
National,89.0,22.0
Eastern Region,80.0,22.0
North-Eastern Region,70.0,22.0
Northen Region,73.0,22.0
Southern Region,83.0,22.0
Western Region,88.0,22.0
National,89.0,22.0
Eastern Region,80.0,22.0
North-Eastern Region,70.0,22.0
Northen Region,73.0,22.0
Southern Region,83.0,22.0
Western Region,88.0,22.0
National,89.0,22.0
Eastern Region,80.0,22.0
North-Eastern Region,70.0,22.0
Northen Region,73.0,22.0
Southern Region,83.0,22.0
Western Region,88.0,22.0
National,89.0,22.0
Eastern Region,80.0,22.0
North-Eastern Region,70.0,22.0
Northen Region,73.0,22.0
Southern Region,83.0,22.0
Western Region,88.0,22.0
National,89.0,22.0
Eastern Region,80.0,22.0
North-Eastern Region,70.0,22.0
Northen Region,73.0,22.0
Southern Region,83.0,22.0
Western Region,88.0,22.0
National,89.0,22.0
Eastern Region,80.0,22.0
North-Eastern Region,69.0,22.0
Northen Region,73.0,22.0
Southern Region,83.0,22.0
Western Region,88.0,22.0
National,89.0,22.0
Eastern Region,80.0,22.0
North-Eastern Region,69.0,22.0
Northen Region,73.0,22.0
Southern Region,83.0,22.0
Western Region,88.0,22.0
National,89.0,22.0
Eastern Region,80.0,22.0
North-Eastern Region,69.0,22.0
Northen Region,73.0,22.0
Southern Region,83.0,22.0
Western Region,88.0,22.0
National,89.0,22.0
Eastern Region,80.0,22.0
North-Eastern Region,69.0,22.0
Northen Region,73.0,22.0
Southern Region,83.0,22.0
Western Region,88.0,22.0
National,89.0,22.0
Eastern Region,80.0,22.0
North-Eastern Region,69.0,22.0
Northen Region,73.0,22.0
Southern Region,83.0,22.0
Western Region,88.0,22.0
National,89.0,22.0
Eastern Region,80.0,22.0
North-Eastern Region,69.0,22.0
Northen Region,73.0,22.0
Southern Region,83.0,22.0
Western Region,88.0,22.0
National,89.0,22.0
Eastern Region,80.0,22.0
North-Eastern Region,69.0,22.0
Northen Region,73.0,22.0
Southern Region,83.0,22.0
Western Region,88.0,22.0
National,89.0,22.0
Eastern Region,80.0,22.0
North-Eastern Region,69.0,22.0
Northen Region,73.0,22.0
Southern Region,83.0,22.0
Western Region,88.0,22.0
National,89.0,22.0
Eastern Region,80.0,22.0
North-Eastern Region,69.0,22.0
Northen Region,73.0,22.0
Southern Region,83.0,22.0
Western Region,88.0,22.0
National,89.0,22.0
Eastern Region,80.0,22.0
North-Eastern Region,69.0,22.0
Northen Region,73.0,22.0
Southern Region,83.0,22.0
Western Region,88.0,22.0
National,89.0,22.0
Eastern Region,80.0,22.0
North-Eastern Region,69.0,22.0
Northen Region,73.0,22.0
Southern Region,83.0,22.0
Western Region,88.0,22.0
National,89.0,22.0
Eastern Region,80.0,22.0
North-Eastern Region,69.0,22.0
Northen Region,73.0,22.0
Southern Region,83.0,22.0
Western Region,88.0,22.0
National,89.0,22.0
Eastern Region,80.0,22.0
North-Eastern Region,69.0,22.0
Northen Region,73.0,22.0
Southern Region,83.0,22.0
Western Region,88.0,22.0
National,89.0,22.0
Eastern Region,80.0,22.0
North-Eastern Region,69.0,22.0
Northen Region,73.0,22.0
Southern Region,83.0,22.0
Western Region,88.0,22.0
National,89.0,22.0
Eastern Region,80.0,22.0
North-Eastern Region,69.0,22.0
Northen Region,73.0,22.0
Southern Region,83.0,22.0
Western Region,88.0,22.0
National,89.0,22.0
Eastern Region,80.0,22.0
North-Eastern Region,69.0,22.0
Northen Region,73.0,22.0
Southern Region,83.0,22.0
Western Region,88.0,22.0
National,89.0,22.0
Eastern Region,80.0,22.0
North-Eastern Region,69.0,22.0
Northen Region,73.0,22.0
Southern Region,83.0,22.0
Western Region,88.0,22.0
National,89.0,22.0
Eastern Region,80.0,22.0
North-Eastern Region,69.0,22.0
Northen Region,73.0,22.0
Southern Region,83.0,22.0
Western Region,88.0,22.0
National,89.0,22.0
Eastern Region,80.0,22.0
North-Eastern Region,69.0,22.0
Northen Region,73.0,22.0
Southern Region,83.0,22.0
Western Region,88.0,22.0
National,89.0,22.0
Eastern Region,80.0,22.0
North-Eastern Region,69.0,22.0
Northen Region,73.0,22.0
Southern Region,83.0,22.0
Western Region,88.0,22.0
National,89.0,22.0
Eastern Region,80.0,22.0
North-Eastern Region,69.0,22.0
Northen Region,73.0,22.0
Southern Region,83.0,22.0
Western Region,88.0,22.0
National,89.0,22.0
Eastern Region,80.0,22.0
North-Eastern Region,69.0,22.0
Northen Region,73.0,22.0
Southern Region,83.0,22.0
Western Region,88.0,22.0
National,89.0,22.0
Eastern Region,80.0,22.0
North-Eastern Region,69.0,22.0
Northen Region,73.0,22.0
Southern Region,83.0,22.0
Western Region,88.0,22.0
National,89.0,22.0
Eastern Region,80.0,22.0
North-Eastern Region,69.0,22.0
Northen Region,73.0,22.0
Southern Region,83.0,22.0
Western Region,88.0,22.0
National,89.0,22.0
Eastern Region,80.0,22.0
North-Eastern Region,69.0,22.0
Northen Region,73.0,22.0
Southern Region,83.0,22.0
Western Region,88.0,22.0
National,89.0,22.0
Eastern Region,80.0,22.0
North-Eastern Region,69.0,22.0
Northen Region,73.0,22.0
Southern Region,83.0,22.0
Western Region,88.0,22.0
National,89.0,22.0
Eastern Region,80.0,22.0
North-Eastern Region,69.0,22.0
Northen Region,73.0,22.0
Southern Region,83.0,22.0
Western Region,88.0,22.0
National,89.0,22.0
Eastern Region,80.0,22.0
North-Eastern Region,69.0,22.0
Northen Region,73.0,22.0
Southern Region,83.0,22.0
Western Region,88.0,22.0
National,89.0,22.0
Eastern Region,80.0,22.0
North-Eastern Region,69.0,22.0
Northen Region,73.0,22.0
Southern Region,83.0,22.0
Western Region,88.0,22.0
National,89.0,22.0
Eastern Region,80.0,22.0
North-Eastern Region,69.0,22.0
Northen Region,73.0,22.0
Southern Region,83.0,22.0
Western Region,88.0,22.0
National,89.0,22.0
Eastern Region,80.0,22.0
North-Eastern Region,69.0,22.0
Northen Region,73.0,22.0
Southern Region,83.0,22.0
Western Region,88.0,22.0
National,89.0,22.0
Eastern Region,80.0,22.0
North-Eastern Region,69.0,22.0
Northen Region,73.0,22.0
Southern Region,83.0,22.0
Western Region,88.0,22.0
National,89.0,22.0
Eastern Region,80.0,22.0
North-Eastern Region,69.0,22.0
Northen Region,73.0,22.0
Southern Region,83.0,22.0
Western Region,88.0,22.0
National,89.0,22.0
Eastern Region,80.0,22.0
North-Eastern Region,69.0,22.0
Northen Region,73.0,22.0
Southern Region,83.0,22.0
Western Region,88.0,22.0
National,89.0,22.0
Eastern Region,80.0,22.0
North-Eastern Region,69.0,22.0
Northen Region,73.0,22.0
Southern Region,83.0,22.0
Western Region,88.0,22.0
National,89.0,22.0
Eastern Region,80.0,22.0
North-Eastern Region,69.0,22.0
Northen Region,73.0,22.0
Southern Region,83.0,22.0
Western Region,88.0,22.0
National,89.0,23.0
Eastern Region,80.0,23.0
North-Eastern Region,69.0,23.0
Northen Region,73.0,23.0
Southern Region,83.0,23.0
Western Region,88.0,23.0
National,89.0,23.0
Eastern Region,80.0,23.0
North-Eastern Region,69.0,23.0
Northen Region,73.0,23.0
Southern Region,83.0,23.0
Western Region,88.0,23.0
National,89.0,23.0
Eastern Region,80.0,23.0
North-Eastern Region,69.0,23.0
Northen Region,73.0,23.0
Southern Region,83.0,23.0
Western Region,88.0,23.0
National,89.0,23.0
Eastern Region,80.0,23.0
North-Eastern Region,69.0,23.0
Northen Region,73.0,23.0
Southern Region,83.0,23.0
Western Region,88.0,23.0
National,89.0,23.0
Eastern Region,80.0,23.0
North-Eastern Region,69.0,23.0
Northen Region,73.0,23.0
Southern Region,83.0,23.0
Western Region,88.0,23.0
National,89.0,23.0
Eastern Region,80.0,23.0
North-Eastern Region,69.0,23.0
Northen Region,73.0,23.0
Southern Region,83.0,23.0
Western Region,88.0,23.0
National,89.0,23.0
Eastern Region,80.0,23.0
North-Eastern Region,69.0,23.0
Northen Region,73.0,23.0
Southern Region,83.0,23.0
Western Region,88.0,23.0
National,89.0,23.0
Eastern Region,80.0,23.0
North-Eastern Region,69.0,23.0
Northen Region,73.0,23.0
Southern Region,83.0,23.0
Western Region,88.0,23.0
National,89.0,23.0
Eastern Region,80.0,23.0
North-Eastern Region,69.0,23.0
Northen Region,73.0,23.0
Southern Region,83.0,23.0
Western Region,88.0,23.0
National,89.0,23.0
Eastern Region,80.0,23.0
North-Eastern Region,69.0,23.0
Northen Region,73.0,23.0
Southern Region,83.0,23.0
Western Region,88.0,23.0
National,89.0,23.0
Eastern Region,80.0,23.0
North-Eastern Region,69.0,23.0
Northen Region,73.0,23.0
Southern Region,83.0,23.0
Western Region,88.0,23.0
National,89.0,23.0
Eastern Region,80.0,23.0
North-Eastern Region,69.0,23.0
Northen Region,73.0,23.0
Southern Region,83.0,23.0
Western Region,88.0,23.0
National,89.0,23.0
Eastern Region,80.0,23.0
North-Eastern Region,69.0,23.0
Northen Region,73.0,23.0
Southern Region,83.0,23.0
Western Region,88.0,23.0
National,89.0,23.0
Eastern Region,80.0,23.0
North-Eastern Region,69.0,23.0
Northen Region,73.0,23.0
Southern Region,83.0,23.0
Western Region,88.0,23.0
National,89.0,23.0
Eastern Region,80.0,23.0
North-Eastern Region,69.0,23.0
Northen Region,73.0,23.0
Southern Region,83.0,23.0
Western Region,88.0,23.0
National,89.0,23.0
Eastern Region,80.0,23.0
North-Eastern Region,69.0,23.0
Northen Region,73.0,23.0
Southern Region,83.0,23.0
Western Region,88.0,23.0
National,89.0,23.0
Eastern Region,80.0,23.0
North-Eastern Region,69.0,23.0
Northen Region,73.0,23.0
Southern Region,83.0,23.0
Western Region,88.0,23.0
National,89.0,23.0
Eastern Region,80.0,23.0
North-Eastern Region,69.0,23.0
Northen Region,73.0,23.0
Southern Region,83.0,23.0
Western Region,88.0,23.0
National,89.0,23.0
Eastern Region,80.0,23.0
North-Eastern Region,69.0,23.0
Northen Region,73.0,23.0
Southern Region,83.0,23.0
Western Region,88.0,23.0
National,89.0,23.0
Eastern Region,80.0,23.0
North-Eastern Region,69.0,23.0
Northen Region,73.0,23.0
Southern Region,83.0,23.0
Western Region,88.0,23.0
National,88.0,23.0
Eastern Region,80.0,23.0
North-Eastern Region,69.0,23.0
Northen Region,73.0,23.0
Southern Region,83.0,23.0
Western Region,88.0,23.0
National,88.0,23.0
Eastern Region,80.0,23.0
North-Eastern Region,69.0,23.0
Northen Region,73.0,23.0
Southern Region,83.0,23.0
Western Region,88.0,23.0
National,88.0,23.0
Eastern Region,80.0,23.0
North-Eastern Region,69.0,23.0
Northen Region,73.0,23.0
Southern Region,83.0,23.0
Western Region,88.0,23.0
National,88.0,23.0
Eastern Region,80.0,23.0
North-Eastern Region,69.0,23.0
Northen Region,73.0,23.0
Southern Region,82.0,23.0
Western Region,88.0,23.0
National,88.0,23.0
Eastern Region,80.0,23.0
North-Eastern Region,69.0,23.0
Northen Region,73.0,23.0
Southern Region,82.0,23.0
Western Region,88.0,23.0
National,88.0,23.0
Eastern Region,80.0,23.0
North-Eastern Region,69.0,23.0
Northen Region,73.0,23.0
Southern Region,82.0,23.0
Western Region,88.0,23.0
National,88.0,23.0
Eastern Region,80.0,23.0
North-Eastern Region,69.0,23.0
Northen Region,73.0,23.0
Southern Region,82.0,23.0
Western Region,88.0,23.0
National,88.0,23.0
Eastern Region,80.0,23.0
North-Eastern Region,69.0,23.0
Northen Region,73.0,23.0
Southern Region,82.0,23.0
Western Region,88.0,23.0
National,88.0,23.0
Eastern Region,80.0,23.0
North-Eastern Region,69.0,23.0
Northen Region,73.0,23.0
Southern Region,82.0,23.0
Western Region,88.0,23.0
National,88.0,23.0
Eastern Region,80.0,23.0
North-Eastern Region,69.0,23.0
Northen Region,73.0,23.0
Southern Region,82.0,23.0
Western Region,88.0,23.0
National,88.0,23.0
Eastern Region,80.0,23.0
North-Eastern Region,69.0,23.0
Northen Region,73.0,23.0
Southern Region,82.0,23.0
Western Region,88.0,23.0
National,88.0,23.0
Eastern Region,80.0,23.0
North-Eastern Region,69.0,23.0
Northen Region,73.0,23.0
Southern Region,82.0,23.0
Western Region,88.0,23.0
National,88.0,23.0
Eastern Region,80.0,23.0
North-Eastern Region,69.0,23.0
Northen Region,73.0,23.0
Southern Region,82.0,23.0
Western Region,88.0,23.0
National,88.0,23.0
Eastern Region,80.0,23.0
North-Eastern Region,69.0,23.0
Northen Region,73.0,23.0
Southern Region,82.0,23.0
Western Region,88.0,23.0
National,88.0,23.0
Eastern Region,80.0,23.0
North-Eastern Region,69.0,23.0
Northen Region,73.0,23.0
Southern Region,82.0,23.0
Western Region,88.0,23.0
National,88.0,23.0
Eastern Region,80.0,23.0
North-Eastern Region,69.0,23.0
Northen Region,73.0,23.0
Southern Region,82.0,23.0
Western Region,88.0,23.0
National,88.0,23.0
Eastern Region,80.0,23.0
North-Eastern Region,69.0,23.0
Northen Region,73.0,23.0
Southern Region,82.0,23.0
Western Region,88.0,23.0
National,88.0,23.0
Eastern Region,80.0,23.0
North-Eastern Region,69.0,23.0
Northen Region,73.0,23.0
Southern Region,82.0,23.0
Western Region,88.0,23.0
National,88.0,23.0
Eastern Region,80.0,23.0
North-Eastern Region,69.0,23.0
Northen Region,73.0,23.0
Southern Region,82.0,23.0
Western Region,88.0,23.0
National,88.0,23.0
Eastern Region,80.0,23.0
North-Eastern Region,69.0,23.0
Northen Region,73.0,23.0
Southern Region,82.0,23.0
Western Region,88.0,23.0
National,88.0,23.0
Eastern Region,80.0,23.0
North-Eastern Region,69.0,23.0
Northen Region,73.0,23.0
Southern Region,82.0,23.0
Western Region,88.0,23.0
National,88.0,23.0
Eastern Region,80.0,23.0
North-Eastern Region,69.0,23.0
Northen Region,73.0,23.0
Southern Region,82.0,23.0
Western Region,88.0,23.0
National,88.0,23.0
Eastern Region,80.0,23.0
North-Eastern Region,69.0,23.0
Northen Region,73.0,23.0
Southern Region,82.0,23.0
Western Region,88.0,23.0
National,88.0,24.0
Eastern Region,80.0,24.0
North-Eastern Region,69.0,24.0
Northen Region,72.0,24.0
Southern Region,82.0,24.0
Western Region,88.0,24.0
National,88.0,24.0
Eastern Region,80.0,24.0
North-Eastern Region,69.0,24.0
Northen Region,72.0,24.0
Southern Region,82.0,24.0
Western Region,88.0,24.0
National,88.0,24.0
Eastern Region,80.0,24.0
North-Eastern Region,69.0,24.0
Northen Region,72.0,24.0
Southern Region,82.0,24.0
Western Region,88.0,24.0
National,88.0,24.0
Eastern Region,80.0,24.0
North-Eastern Region,69.0,24.0
Northen Region,72.0,24.0
Southern Region,82.0,24.0
Western Region,88.0,24.0
National,88.0,24.0
Eastern Region,80.0,24.0
North-Eastern Region,69.0,24.0
Northen Region,72.0,24.0
Southern Region,82.0,24.0
Western Region,88.0,24.0
National,88.0,24.0
Eastern Region,80.0,24.0
North-Eastern Region,69.0,24.0
Northen Region,72.0,24.0
Southern Region,82.0,24.0
Western Region,88.0,24.0
National,88.0,24.0
Eastern Region,80.0,24.0
North-Eastern Region,69.0,24.0
Northen Region,72.0,24.0
Southern Region,82.0,24.0
Western Region,88.0,24.0
National,88.0,24.0
Eastern Region,80.0,24.0
North-Eastern Region,69.0,24.0
Northen Region,72.0,24.0
Southern Region,82.0,24.0
Western Region,88.0,24.0
National,88.0,24.0
Eastern Region,80.0,24.0
North-Eastern Region,69.0,24.0
Northen Region,72.0,24.0
Southern Region,82.0,24.0
Western Region,88.0,24.0
National,88.0,24.0
Eastern Region,80.0,24.0
North-Eastern Region,69.0,24.0
Northen Region,72.0,24.0
Southern Region,82.0,24.0
Western Region,88.0,24.0
National,88.0,24.0
Eastern Region,80.0,24.0
North-Eastern Region,69.0,24.0
Northen Region,72.0,24.0
Southern Region,82.0,24.0
Western Region,88.0,24.0
National,88.0,24.0
Eastern Region,80.0,24.0
North-Eastern Region,68.0,24.0
Northen Region,72.0,24.0
Southern Region,82.0,24.0
Western Region,87.0,24.0
National,88.0,24.0
Eastern Region,80.0,24.0
North-Eastern Region,68.0,24.0
Northen Region,72.0,24.0
Southern Region,82.0,24.0
Western Region,87.0,24.0
National,88.0,24.0
Eastern Region,80.0,24.0
North-Eastern Region,68.0,24.0
Northen Region,72.0,24.0
Southern Region,82.0,24.0
Western Region,87.0,24.0
National,88.0,24.0
Eastern Region,80.0,24.0
North-Eastern Region,68.0,24.0
Northen Region,72.0,24.0
Southern Region,82.0,24.0
Western Region,87.0,24.0
National,88.0,24.0
Eastern Region,80.0,24.0
North-Eastern Region,68.0,24.0
Northen Region,72.0,24.0
Southern Region,82.0,24.0
Western Region,87.0,24.0
National,88.0,24.0
Eastern Region,80.0,24.0
North-Eastern Region,68.0,24.0
Northen Region,72.0,24.0
Southern Region,82.0,24.0
Western Region,87.0,24.0
National,88.0,24.0
Eastern Region,80.0,24.0
North-Eastern Region,68.0,24.0
Northen Region,72.0,24.0
Southern Region,82.0,24.0
Western Region,87.0,24.0
National,88.0,24.0
Eastern Region,80.0,24.0
North-Eastern Region,68.0,24.0
Northen Region,72.0,24.0
Southern Region,82.0,24.0
Western Region,87.0,24.0
National,88.0,24.0
Eastern Region,79.0,24.0
North-Eastern Region,68.0,24.0
Northen Region,72.0,24.0
Southern Region,82.0,24.0
Western Region,87.0,24.0
National,88.0,24.0
Eastern Region,79.0,24.0
North-Eastern Region,68.0,24.0
Northen Region,72.0,24.0
Southern Region,82.0,24.0
Western Region,87.0,24.0
National,88.0,24.0
Eastern Region,79.0,24.0
North-Eastern Region,68.0,24.0
Northen Region,72.0,24.0
Southern Region,82.0,24.0
Western Region,87.0,24.0
National,88.0,24.0
Eastern Region,79.0,24.0
North-Eastern Region,68.0,24.0
Northen Region,72.0,24.0
Southern Region,82.0,24.0
Western Region,87.0,24.0
National,88.0,24.0
Eastern Region,79.0,24.0
North-Eastern Region,68.0,24.0
Northen Region,72.0,24.0
Southern Region,82.0,24.0
Western Region,87.0,24.0
National,88.0,24.0
Eastern Region,79.0,24.0
North-Eastern Region,68.0,24.0
Northen Region,72.0,24.0
Southern Region,82.0,24.0
Western Region,87.0,24.0
National,88.0,24.0
Eastern Region,79.0,24.0
North-Eastern Region,68.0,24.0
Northen Region,72.0,24.0
Southern Region,82.0,24.0
Western Region,87.0,24.0
National,88.0,24.0
Eastern Region,79.0,24.0
North-Eastern Region,68.0,24.0
Northen Region,72.0,24.0
Southern Region,82.0,24.0
Western Region,87.0,24.0
National,88.0,24.0
Eastern Region,79.0,24.0
North-Eastern Region,68.0,24.0
Northen Region,72.0,24.0
Southern Region,82.0,24.0
Western Region,87.0,24.0
National,88.0,24.0
Eastern Region,79.0,24.0
North-Eastern Region,68.0,24.0
Northen Region,72.0,24.0
Southern Region,82.0,24.0
Western Region,87.0,24.0
National,88.0,24.0
Eastern Region,79.0,24.0
North-Eastern Region,68.0,24.0
Northen Region,72.0,24.0
Southern Region,82.0,24.0
Western Region,87.0,24.0
National,88.0,24.0
Eastern Region,79.0,24.0
North-Eastern Region,68.0,24.0
Northen Region,72.0,24.0
Southern Region,82.0,24.0
Western Region,87.0,24.0
National,88.0,24.0
Eastern Region,79.0,24.0
North-Eastern Region,68.0,24.0
Northen Region,72.0,24.0
Southern Region,82.0,24.0
Western Region,87.0,24.0
National,88.0,24.0
Eastern Region,79.0,24.0
North-Eastern Region,68.0,24.0
Northen Region,72.0,24.0
Southern Region,82.0,24.0
Western Region,87.0,24.0
National,88.0,24.0
Eastern Region,79.0,24.0
North-Eastern Region,68.0,24.0
Northen Region,72.0,24.0
Southern Region,82.0,24.0
Western Region,87.0,24.0
National,88.0,24.0
Eastern Region,79.0,24.0
North-Eastern Region,68.0,24.0
Northen Region,72.0,24.0
Southern Region,82.0,24.0
Western Region,87.0,24.0
National,88.0,24.0
Eastern Region,79.0,24.0
North-Eastern Region,68.0,24.0
Northen Region,72.0,24.0
Southern Region,82.0,24.0
Western Region,87.0,24.0
National,88.0,24.0
Eastern Region,79.0,24.0
North-Eastern Region,68.0,24.0
Northen Region,72.0,24.0
Southern Region,82.0,24.0
Western Region,87.0,24.0
National,88.0,24.0
Eastern Region,79.0,24.0
North-Eastern Region,68.0,24.0
Northen Region,72.0,24.0
Southern Region,82.0,24.0
Western Region,87.0,24.0
National,88.0,24.0
Eastern Region,79.0,24.0
North-Eastern Region,68.0,24.0
Northen Region,72.0,24.0
Southern Region,82.0,24.0
Western Region,87.0,24.0
National,88.0,24.0
Eastern Region,79.0,24.0
North-Eastern Region,68.0,24.0
Northen Region,72.0,24.0
Southern Region,82.0,24.0
Western Region,87.0,24.0
National,88.0,24.0
Eastern Region,79.0,24.0
North-Eastern Region,68.0,24.0
Northen Region,72.0,24.0
Southern Region,82.0,24.0
Western Region,87.0,24.0
National,88.0,24.0
Eastern Region,79.0,24.0
North-Eastern Region,68.0,24.0
Northen Region,72.0,24.0
Southern Region,82.0,24.0
Western Region,87.0,24.0
National,88.0,24.0
Eastern Region,79.0,24.0
North-Eastern Region,68.0,24.0
Northen Region,72.0,24.0
Southern Region,82.0,24.0
Western Region,87.0,24.0
National,88.0,24.0
Eastern Region,79.0,24.0
North-Eastern Region,68.0,24.0
Northen Region,72.0,24.0
Southern Region,82.0,24.0
Western Region,87.0,24.0
National,88.0,25.0
Eastern Region,79.0,25.0
North-Eastern Region,68.0,25.0
Northen Region,72.0,25.0
Southern Region,82.0,25.0
Western Region,87.0,25.0
National,88.0,25.0
Eastern Region,79.0,25.0
North-Eastern Region,68.0,25.0
Northen Region,72.0,25.0
Southern Region,82.0,25.0
Western Region,87.0,25.0
National,88.0,25.0
Eastern Region,79.0,25.0
North-Eastern Region,68.0,25.0
Northen Region,72.0,25.0
Southern Region,82.0,25.0
Western Region,87.0,25.0
National,88.0,25.0
Eastern Region,79.0,25.0
North-Eastern Region,68.0,25.0
Northen Region,72.0,25.0
Southern Region,82.0,25.0
Western Region,87.0,25.0
National,88.0,25.0
Eastern Region,79.0,25.0
North-Eastern Region,68.0,25.0
Northen Region,72.0,25.0
Southern Region,82.0,25.0
Western Region,87.0,25.0
National,88.0,25.0
Eastern Region,79.0,25.0
North-Eastern Region,68.0,25.0
Northen Region,72.0,25.0
Southern Region,82.0,25.0
Western Region,87.0,25.0
National,88.0,25.0
Eastern Region,79.0,25.0
North-Eastern Region,68.0,25.0
Northen Region,72.0,25.0
Southern Region,82.0,25.0
Western Region,87.0,25.0
National,88.0,25.0
Eastern Region,79.0,25.0
North-Eastern Region,68.0,25.0
Northen Region,72.0,25.0
Southern Region,82.0,25.0
Western Region,87.0,25.0
National,88.0,25.0
Eastern Region,79.0,25.0
North-Eastern Region,68.0,25.0
Northen Region,72.0,25.0
Southern Region,82.0,25.0
Western Region,87.0,25.0
National,88.0,25.0
Eastern Region,79.0,25.0
North-Eastern Region,68.0,25.0
Northen Region,72.0,25.0
Southern Region,82.0,25.0
Western Region,87.0,25.0
National,88.0,25.0
Eastern Region,79.0,25.0
North-Eastern Region,68.0,25.0
Northen Region,72.0,25.0
Southern Region,82.0,25.0
Western Region,87.0,25.0
National,88.0,25.0
Eastern Region,79.0,25.0
North-Eastern Region,68.0,25.0
Northen Region,72.0,25.0
Southern Region,82.0,25.0
Western Region,87.0,25.0
National,88.0,25.0
Eastern Region,79.0,25.0
North-Eastern Region,68.0,25.0
Northen Region,72.0,25.0
Southern Region,82.0,25.0
Western Region,87.0,25.0
National,88.0,25.0
Eastern Region,79.0,25.0
North-Eastern Region,68.0,25.0
Northen Region,72.0,25.0
Southern Region,82.0,25.0
Western Region,87.0,25.0
National,88.0,25.0
Eastern Region,79.0,25.0
North-Eastern Region,68.0,25.0
Northen Region,72.0,25.0
Southern Region,82.0,25.0
Western Region,87.0,25.0
National,88.0,25.0
Eastern Region,79.0,25.0
North-Eastern Region,68.0,25.0
Northen Region,72.0,25.0
Southern Region,82.0,25.0
Western Region,87.0,25.0
National,88.0,25.0
Eastern Region,79.0,25.0
North-Eastern Region,68.0,25.0
Northen Region,72.0,25.0
Southern Region,82.0,25.0
Western Region,87.0,25.0
National,88.0,25.0
Eastern Region,79.0,25.0
North-Eastern Region,68.0,25.0
Northen Region,72.0,25.0
Southern Region,82.0,25.0
Western Region,87.0,25.0
National,88.0,25.0
Eastern Region,79.0,25.0
North-Eastern Region,68.0,25.0
Northen Region,72.0,25.0
Southern Region,82.0,25.0
Western Region,87.0,25.0
National,88.0,25.0
Eastern Region,79.0,25.0
North-Eastern Region,68.0,25.0
Northen Region,72.0,25.0
Southern Region,82.0,25.0
Western Region,87.0,25.0
National,88.0,25.0
Eastern Region,79.0,25.0
North-Eastern Region,68.0,25.0
Northen Region,72.0,25.0
Southern Region,82.0,25.0
Western Region,87.0,25.0
National,88.0,25.0
Eastern Region,79.0,25.0
North-Eastern Region,68.0,25.0
Northen Region,72.0,25.0
Southern Region,82.0,25.0
Western Region,87.0,25.0
National,88.0,25.0
Eastern Region,79.0,25.0
North-Eastern Region,68.0,25.0
Northen Region,72.0,25.0
Southern Region,82.0,25.0
Western Region,87.0,25.0
National,88.0,25.0
Eastern Region,79.0,25.0
North-Eastern Region,68.0,25.0
Northen Region,72.0,25.0
Southern Region,82.0,25.0
Western Region,87.0,25.0
National,88.0,25.0
Eastern Region,79.0,25.0
North-Eastern Region,68.0,25.0
Northen Region,72.0,25.0
Southern Region,82.0,25.0
Western Region,87.0,25.0
National,88.0,25.0
Eastern Region,79.0,25.0
North-Eastern Region,68.0,25.0
Northen Region,72.0,25.0
Southern Region,82.0,25.0
Western Region,87.0,25.0
National,88.0,25.0
Eastern Region,79.0,25.0
North-Eastern Region,68.0,25.0
Northen Region,72.0,25.0
Southern Region,82.0,25.0
Western Region,87.0,25.0
National,88.0,25.0
Eastern Region,79.0,25.0
North-Eastern Region,68.0,25.0
Northen Region,72.0,25.0
Southern Region,81.0,25.0
Western Region,87.0,25.0
National,88.0,25.0
Eastern Region,79.0,25.0
North-Eastern Region,68.0,25.0
Northen Region,72.0,25.0
Southern Region,81.0,25.0
Western Region,87.0,25.0
National,88.0,25.0
Eastern Region,79.0,25.0
North-Eastern Region,68.0,25.0
Northen Region,72.0,25.0
Southern Region,81.0,25.0
Western Region,87.0,25.0
National,88.0,25.0
Eastern Region,79.0,25.0
North-Eastern Region,68.0,25.0
Northen Region,72.0,25.0
Southern Region,81.0,25.0
Western Region,87.0,25.0
National,88.0,25.0
Eastern Region,79.0,25.0
North-Eastern Region,68.0,25.0
Northen Region,72.0,25.0
Southern Region,81.0,25.0
Western Region,87.0,25.0
National,88.0,25.0
Eastern Region,79.0,25.0
North-Eastern Region,68.0,25.0
Northen Region,72.0,25.0
Southern Region,81.0,25.0
Western Region,87.0,25.0
National,88.0,25.0
Eastern Region,79.0,25.0
North-Eastern Region,68.0,25.0
Northen Region,72.0,25.0
Southern Region,81.0,25.0
Western Region,87.0,25.0
National,88.0,25.0
Eastern Region,79.0,25.0
North-Eastern Region,68.0,25.0
Northen Region,72.0,25.0
Southern Region,81.0,25.0
Western Region,87.0,25.0
National,88.0,25.0
Eastern Region,79.0,25.0
North-Eastern Region,68.0,25.0
Northen Region,72.0,25.0
Southern Region,81.0,25.0
Western Region,87.0,25.0
National,88.0,25.0
Eastern Region,79.0,25.0
North-Eastern Region,68.0,25.0
Northen Region,72.0,25.0
Southern Region,81.0,25.0
Western Region,87.0,25.0
National,88.0,25.0
Eastern Region,79.0,25.0
North-Eastern Region,68.0,25.0
Northen Region,72.0,25.0
Southern Region,81.0,25.0
Western Region,87.0,25.0
National,88.0,25.0
Eastern Region,79.0,25.0
North-Eastern Region,68.0,25.0
Northen Region,72.0,25.0
Southern Region,81.0,25.0
Western Region,87.0,25.0
National,88.0,25.0
Eastern Region,79.0,25.0
North-Eastern Region,68.0,25.0
Northen Region,72.0,25.0
Southern Region,81.0,25.0
Western Region,87.0,25.0
National,88.0,25.0
Eastern Region,79.0,25.0
North-Eastern Region,68.0,25.0
Northen Region,72.0,25.0
Southern Region,81.0,25.0
Western Region,87.0,25.0
National,88.0,25.0
Eastern Region,79.0,25.0
North-Eastern Region,68.0,25.0
Northen Region,72.0,25.0
Southern Region,81.0,25.0
Western Region,87.0,25.0
National,88.0,25.0
Eastern Region,79.0,25.0
North-Eastern Region,68.0,25.0
Northen Region,72.0,25.0
Southern Region,81.0,25.0
Western Region,87.0,25.0
National,88.0,26.0
Eastern Region,79.0,26.0
North-Eastern Region,68.0,26.0
Northen Region,72.0,26.0
Southern Region,81.0,26.0
Western Region,87.0,26.0
National,88.0,26.0
Eastern Region,79.0,26.0
North-Eastern Region,68.0,26.0
Northen Region,72.0,26.0
Southern Region,81.0,26.0
Western Region,87.0,26.0
National,88.0,26.0
Eastern Region,79.0,26.0
North-Eastern Region,68.0,26.0
Northen Region,72.0,26.0
Southern Region,81.0,26.0
Western Region,87.0,26.0
National,88.0,26.0
Eastern Region,79.0,26.0
North-Eastern Region,68.0,26.0
Northen Region,72.0,26.0
Southern Region,81.0,26.0
Western Region,87.0,26.0
National,88.0,26.0
Eastern Region,79.0,26.0
North-Eastern Region,68.0,26.0
Northen Region,72.0,26.0
Southern Region,81.0,26.0
Western Region,87.0,26.0
National,88.0,26.0
Eastern Region,79.0,26.0
North-Eastern Region,68.0,26.0
Northen Region,72.0,26.0
Southern Region,81.0,26.0
Western Region,87.0,26.0
National,88.0,26.0
Eastern Region,79.0,26.0
North-Eastern Region,68.0,26.0
Northen Region,72.0,26.0
Southern Region,81.0,26.0
Western Region,87.0,26.0
National,88.0,26.0
Eastern Region,79.0,26.0
North-Eastern Region,68.0,26.0
Northen Region,72.0,26.0
Southern Region,81.0,26.0
Western Region,87.0,26.0
National,88.0,26.0
Eastern Region,79.0,26.0
North-Eastern Region,68.0,26.0
Northen Region,72.0,26.0
Southern Region,81.0,26.0
Western Region,87.0,26.0
National,88.0,26.0
Eastern Region,79.0,26.0
North-Eastern Region,68.0,26.0
Northen Region,72.0,26.0
Southern Region,81.0,26.0
Western Region,87.0,26.0
National,88.0,26.0
Eastern Region,79.0,26.0
North-Eastern Region,68.0,26.0
Northen Region,72.0,26.0
Southern Region,81.0,26.0
Western Region,87.0,26.0
National,88.0,26.0
Eastern Region,79.0,26.0
North-Eastern Region,68.0,26.0
Northen Region,72.0,26.0
Southern Region,81.0,26.0
Western Region,87.0,26.0
National,88.0,26.0
Eastern Region,79.0,26.0
North-Eastern Region,68.0,26.0
Northen Region,72.0,26.0
Southern Region,81.0,26.0
Western Region,87.0,26.0
National,88.0,26.0
Eastern Region,79.0,26.0
North-Eastern Region,68.0,26.0
Northen Region,72.0,26.0
Southern Region,81.0,26.0
Western Region,87.0,26.0
National,88.0,26.0
Eastern Region,79.0,26.0
North-Eastern Region,68.0,26.0
Northen Region,72.0,26.0
Southern Region,81.0,26.0
Western Region,87.0,26.0
National,88.0,26.0
Eastern Region,79.0,26.0
North-Eastern Region,68.0,26.0
Northen Region,72.0,26.0
Southern Region,81.0,26.0
Western Region,87.0,26.0
National,88.0,26.0
Eastern Region,79.0,26.0
North-Eastern Region,68.0,26.0
Northen Region,72.0,26.0
Southern Region,81.0,26.0
Western Region,87.0,26.0
National,88.0,26.0
Eastern Region,79.0,26.0
North-Eastern Region,68.0,26.0
Northen Region,71.0,26.0
Southern Region,81.0,26.0
Western Region,87.0,26.0
National,88.0,26.0
Eastern Region,79.0,26.0
North-Eastern Region,68.0,26.0
Northen Region,71.0,26.0
Southern Region,81.0,26.0
Western Region,87.0,26.0
National,88.0,26.0
Eastern Region,79.0,26.0
North-Eastern Region,68.0,26.0
Northen Region,71.0,26.0
Southern Region,81.0,26.0
Western Region,87.0,26.0
National,88.0,26.0
Eastern Region,79.0,26.0
North-Eastern Region,68.0,26.0
Northen Region,71.0,26.0
Southern Region,81.0,26.0
Western Region,87.0,26.0
National,88.0,26.0
Eastern Region,79.0,26.0
North-Eastern Region,68.0,26.0
Northen Region,71.0,26.0
Southern Region,81.0,26.0
Western Region,87.0,26.0
National,88.0,26.0
Eastern Region,78.0,26.0
North-Eastern Region,68.0,26.0
Northen Region,71.0,26.0
Southern Region,81.0,26.0
Western Region,87.0,26.0
National,88.0,26.0
Eastern Region,78.0,26.0
North-Eastern Region,68.0,26.0
Northen Region,71.0,26.0
Southern Region,81.0,26.0
Western Region,87.0,26.0
National,88.0,26.0
Eastern Region,78.0,26.0
North-Eastern Region,67.0,26.0
Northen Region,71.0,26.0
Southern Region,81.0,26.0
Western Region,87.0,26.0
National,88.0,26.0
Eastern Region,78.0,26.0
North-Eastern Region,67.0,26.0
Northen Region,71.0,26.0
Southern Region,81.0,26.0
Western Region,87.0,26.0
National,88.0,26.0
Eastern Region,78.0,26.0
North-Eastern Region,67.0,26.0
Northen Region,71.0,26.0
Southern Region,81.0,26.0
Western Region,87.0,26.0
National,88.0,26.0
Eastern Region,78.0,26.0
North-Eastern Region,67.0,26.0
Northen Region,71.0,26.0
Southern Region,81.0,26.0
Western Region,87.0,26.0
National,88.0,26.0
Eastern Region,78.0,26.0
North-Eastern Region,67.0,26.0
Northen Region,71.0,26.0
Southern Region,81.0,26.0
Western Region,87.0,26.0
National,88.0,26.0
Eastern Region,78.0,26.0
North-Eastern Region,67.0,26.0
Northen Region,71.0,26.0
Southern Region,81.0,26.0
Western Region,87.0,26.0
National,88.0,26.0
Eastern Region,78.0,26.0
North-Eastern Region,67.0,26.0
Northen Region,71.0,26.0
Southern Region,81.0,26.0
Western Region,87.0,26.0
National,88.0,26.0
Eastern Region,78.0,26.0
North-Eastern Region,67.0,26.0
Northen Region,71.0,26.0
Southern Region,81.0,26.0
Western Region,87.0,26.0
National,88.0,26.0
Eastern Region,78.0,26.0
North-Eastern Region,67.0,26.0
Northen Region,71.0,26.0
Southern Region,81.0,26.0
Western Region,87.0,26.0
National,88.0,26.0
Eastern Region,78.0,26.0
North-Eastern Region,67.0,26.0
Northen Region,71.0,26.0
Southern Region,81.0,26.0
Western Region,87.0,26.0
National,88.0,26.0
Eastern Region,78.0,26.0
North-Eastern Region,67.0,26.0
Northen Region,71.0,26.0
Southern Region,81.0,26.0
Western Region,87.0,26.0
National,88.0,26.0
Eastern Region,78.0,26.0
North-Eastern Region,67.0,26.0
Northen Region,71.0,26.0
Southern Region,81.0,26.0
Western Region,87.0,26.0
National,88.0,26.0
Eastern Region,78.0,26.0
North-Eastern Region,67.0,26.0
Northen Region,71.0,26.0
Southern Region,81.0,26.0
Western Region,87.0,26.0
National,88.0,26.0
Eastern Region,78.0,26.0
North-Eastern Region,67.0,26.0
Northen Region,71.0,26.0
Southern Region,81.0,26.0
Western Region,87.0,26.0
National,88.0,26.0
Eastern Region,78.0,26.0
North-Eastern Region,67.0,26.0
Northen Region,71.0,26.0
Southern Region,81.0,26.0
Western Region,87.0,26.0
National,88.0,26.0
Eastern Region,78.0,26.0
North-Eastern Region,67.0,26.0
Northen Region,71.0,26.0
Southern Region,81.0,26.0
Western Region,87.0,26.0
National,88.0,26.0
Eastern Region,78.0,26.0
North-Eastern Region,67.0,26.0
Northen Region,71.0,26.0
Southern Region,81.0,26.0
Western Region,87.0,26.0
National,88.0,26.0
Eastern Region,78.0,26.0
North-Eastern Region,67.0,26.0
Northen Region,71.0,26.0
Southern Region,81.0,26.0
Western Region,87.0,26.0
National,88.0,26.0
Eastern Region,78.0,26.0
North-Eastern Region,67.0,26.0
Northen Region,71.0,26.0
Southern Region,81.0,26.0
Western Region,87.0,26.0
National,88.0,26.0
Eastern Region,78.0,26.0
North-Eastern Region,67.0,26.0
Northen Region,71.0,26.0
Southern Region,81.0,26.0
Western Region,87.0,26.0
National,88.0,27.0
Eastern Region,78.0,27.0
North-Eastern Region,67.0,27.0
Northen Region,71.0,27.0
Southern Region,81.0,27.0
Western Region,87.0,27.0
National,88.0,27.0
Eastern Region,78.0,27.0
North-Eastern Region,67.0,27.0
Northen Region,71.0,27.0
Southern Region,81.0,27.0
Western Region,87.0,27.0
National,88.0,27.0
Eastern Region,78.0,27.0
North-Eastern Region,67.0,27.0
Northen Region,71.0,27.0
Southern Region,81.0,27.0
Western Region,87.0,27.0
National,88.0,27.0
Eastern Region,78.0,27.0
North-Eastern Region,67.0,27.0
Northen Region,71.0,27.0
Southern Region,81.0,27.0
Western Region,87.0,27.0
National,88.0,27.0
Eastern Region,78.0,27.0
North-Eastern Region,67.0,27.0
Northen Region,71.0,27.0
Southern Region,81.0,27.0
Western Region,87.0,27.0
National,88.0,27.0
Eastern Region,78.0,27.0
North-Eastern Region,67.0,27.0
Northen Region,71.0,27.0
Southern Region,81.0,27.0
Western Region,87.0,27.0
National,88.0,27.0
Eastern Region,78.0,27.0
North-Eastern Region,67.0,27.0
Northen Region,71.0,27.0
Southern Region,81.0,27.0
Western Region,87.0,27.0
National,88.0,27.0
Eastern Region,78.0,27.0
North-Eastern Region,67.0,27.0
Northen Region,71.0,27.0
Southern Region,81.0,27.0
Western Region,87.0,27.0
National,88.0,27.0
Eastern Region,78.0,27.0
North-Eastern Region,67.0,27.0
Northen Region,71.0,27.0
Southern Region,81.0,27.0
Western Region,87.0,27.0
National,88.0,27.0
Eastern Region,78.0,27.0
North-Eastern Region,67.0,27.0
Northen Region,71.0,27.0
Southern Region,81.0,27.0
Western Region,87.0,27.0
National,88.0,27.0
Eastern Region,78.0,27.0
North-Eastern Region,67.0,27.0
Northen Region,71.0,27.0
Southern Region,81.0,27.0
Western Region,87.0,27.0
National,88.0,27.0
Eastern Region,78.0,27.0
North-Eastern Region,67.0,27.0
Northen Region,71.0,27.0
Southern Region,81.0,27.0
Western Region,87.0,27.0
National,88.0,27.0
Eastern Region,78.0,27.0
North-Eastern Region,67.0,27.0
Northen Region,71.0,27.0
Southern Region,81.0,27.0
Western Region,87.0,27.0
National,88.0,27.0
Eastern Region,78.0,27.0
North-Eastern Region,67.0,27.0
Northen Region,71.0,27.0
Southern Region,81.0,27.0
Western Region,87.0,27.0
National,88.0,27.0
Eastern Region,78.0,27.0
North-Eastern Region,67.0,27.0
Northen Region,71.0,27.0
Southern Region,81.0,27.0
Western Region,87.0,27.0
National,88.0,27.0
Eastern Region,78.0,27.0
North-Eastern Region,67.0,27.0
Northen Region,71.0,27.0
Southern Region,81.0,27.0
Western Region,87.0,27.0
National,88.0,27.0
Eastern Region,78.0,27.0
North-Eastern Region,67.0,27.0
Northen Region,71.0,27.0
Southern Region,81.0,27.0
Western Region,87.0,27.0
National,88.0,27.0
Eastern Region,78.0,27.0
North-Eastern Region,67.0,27.0
Northen Region,71.0,27.0
Southern Region,81.0,27.0
Western Region,87.0,27.0
National,88.0,27.0
Eastern Region,78.0,27.0
North-Eastern Region,67.0,27.0
Northen Region,71.0,27.0
Southern Region,81.0,27.0
Western Region,87.0,27.0
National,88.0,27.0
Eastern Region,78.0,27.0
North-Eastern Region,67.0,27.0
Northen Region,71.0,27.0
Southern Region,81.0,27.0
Western Region,87.0,27.0
National,88.0,27.0
Eastern Region,78.0,27.0
North-Eastern Region,67.0,27.0
Northen Region,71.0,27.0
Southern Region,81.0,27.0
Western Region,87.0,27.0
National,88.0,27.0
Eastern Region,78.0,27.0
North-Eastern Region,67.0,27.0
Northen Region,71.0,27.0
Southern Region,81.0,27.0
Western Region,87.0,27.0
National,88.0,27.0
Eastern Region,78.0,27.0
North-Eastern Region,67.0,27.0
Northen Region,71.0,27.0
Southern Region,81.0,27.0
Western Region,87.0,27.0
National,88.0,27.0
Eastern Region,78.0,27.0
North-Eastern Region,67.0,27.0
Northen Region,71.0,27.0
Southern Region,81.0,27.0
Western Region,87.0,27.0
National,88.0,27.0
Eastern Region,78.0,27.0
North-Eastern Region,67.0,27.0
Northen Region,71.0,27.0
Southern Region,81.0,27.0
Western Region,87.0,27.0
National,88.0,27.0
Eastern Region,78.0,27.0
North-Eastern Region,67.0,27.0
Northen Region,71.0,27.0
Southern Region,81.0,27.0
Western Region,87.0,27.0
National,88.0,27.0
Eastern Region,78.0,27.0
North-Eastern Region,67.0,27.0
Northen Region,71.0,27.0
Southern Region,81.0,27.0
Western Region,87.0,27.0
National,88.0,27.0
Eastern Region,78.0,27.0
North-Eastern Region,67.0,27.0
Northen Region,71.0,27.0
Southern Region,81.0,27.0
Western Region,87.0,27.0
National,88.0,27.0
Eastern Region,78.0,27.0
North-Eastern Region,67.0,27.0
Northen Region,71.0,27.0
Southern Region,81.0,27.0
Western Region,87.0,27.0
National,88.0,27.0
Eastern Region,78.0,27.0
North-Eastern Region,67.0,27.0
Northen Region,71.0,27.0
Southern Region,81.0,27.0
Western Region,87.0,27.0
National,88.0,27.0
Eastern Region,78.0,27.0
North-Eastern Region,67.0,27.0
Northen Region,71.0,27.0
Southern Region,81.0,27.0
Western Region,87.0,27.0
National,88.0,27.0
Eastern Region,78.0,27.0
North-Eastern Region,67.0,27.0
Northen Region,71.0,27.0
Southern Region,81.0,27.0
Western Region,86.0,27.0
National,88.0,27.0
Eastern Region,78.0,27.0
North-Eastern Region,67.0,27.0
Northen Region,71.0,27.0
Southern Region,81.0,27.0
Western Region,86.0,27.0
National,88.0,27.0
Eastern Region,78.0,27.0
North-Eastern Region,67.0,27.0
Northen Region,71.0,27.0
Southern Region,81.0,27.0
Western Region,86.0,27.0
National,88.0,27.0
Eastern Region,78.0,27.0
North-Eastern Region,67.0,27.0
Northen Region,71.0,27.0
Southern Region,81.0,27.0
Western Region,86.0,27.0
National,88.0,27.0
Eastern Region,78.0,27.0
North-Eastern Region,67.0,27.0
Northen Region,71.0,27.0
Southern Region,81.0,27.0
Western Region,86.0,27.0
National,88.0,27.0
Eastern Region,78.0,27.0
North-Eastern Region,67.0,27.0
Northen Region,71.0,27.0
Southern Region,81.0,27.0
Western Region,86.0,27.0
National,88.0,27.0
Eastern Region,78.0,27.0
North-Eastern Region,67.0,27.0
Northen Region,71.0,27.0
Southern Region,81.0,27.0
Western Region,86.0,27.0
National,88.0,27.0
Eastern Region,78.0,27.0
North-Eastern Region,67.0,27.0
Northen Region,71.0,27.0
Southern Region,80.0,27.0
Western Region,86.0,27.0
National,88.0,27.0
Eastern Region,78.0,27.0
North-Eastern Region,67.0,27.0
Northen Region,71.0,27.0
Southern Region,80.0,27.0
Western Region,86.0,27.0
National,88.0,27.0
Eastern Region,78.0,27.0
North-Eastern Region,67.0,27.0
Northen Region,71.0,27.0
Southern Region,80.0,27.0
Western Region,86.0,27.0
National,88.0,27.0
Eastern Region,78.0,27.0
North-Eastern Region,67.0,27.0
Northen Region,71.0,27.0
Southern Region,80.0,27.0
Western Region,86.0,27.0
National,88.0,27.0
Eastern Region,78.0,27.0
North-Eastern Region,67.0,27.0
Northen Region,71.0,27.0
Southern Region,80.0,27.0
Western Region,86.0,27.0
National,88.0,28.0
Eastern Region,78.0,28.0
North-Eastern Region,67.0,28.0
Northen Region,71.0,28.0
Southern Region,80.0,28.0
Western Region,86.0,28.0
National,88.0,28.0
Eastern Region,78.0,28.0
North-Eastern Region,67.0,28.0
Northen Region,71.0,28.0
Southern Region,80.0,28.0
Western Region,86.0,28.0
National,88.0,28.0
Eastern Region,78.0,28.0
North-Eastern Region,67.0,28.0
Northen Region,71.0,28.0
Southern Region,80.0,28.0
Western Region,86.0,28.0
National,88.0,28.0
Eastern Region,78.0,28.0
North-Eastern Region,67.0,28.0
Northen Region,71.0,28.0
Southern Region,80.0,28.0
Western Region,86.0,28.0
National,88.0,28.0
Eastern Region,78.0,28.0
North-Eastern Region,67.0,28.0
Northen Region,71.0,28.0
Southern Region,80.0,28.0
Western Region,86.0,28.0
National,88.0,28.0
Eastern Region,78.0,28.0
North-Eastern Region,67.0,28.0
Northen Region,71.0,28.0
Southern Region,80.0,28.0
Western Region,86.0,28.0
National,88.0,28.0
Eastern Region,78.0,28.0
North-Eastern Region,67.0,28.0
Northen Region,71.0,28.0
Southern Region,80.0,28.0
Western Region,86.0,28.0
National,88.0,28.0
Eastern Region,78.0,28.0
North-Eastern Region,67.0,28.0
Northen Region,71.0,28.0
Southern Region,80.0,28.0
Western Region,86.0,28.0
National,88.0,28.0
Eastern Region,78.0,28.0
North-Eastern Region,67.0,28.0
Northen Region,71.0,28.0
Southern Region,80.0,28.0
Western Region,86.0,28.0
National,88.0,28.0
Eastern Region,78.0,28.0
North-Eastern Region,67.0,28.0
Northen Region,71.0,28.0
Southern Region,80.0,28.0
Western Region,86.0,28.0
National,88.0,28.0
Eastern Region,78.0,28.0
North-Eastern Region,67.0,28.0
Northen Region,71.0,28.0
Southern Region,80.0,28.0
Western Region,86.0,28.0
National,88.0,28.0
Eastern Region,78.0,28.0
North-Eastern Region,67.0,28.0
Northen Region,71.0,28.0
Southern Region,80.0,28.0
Western Region,86.0,28.0
National,88.0,28.0
Eastern Region,78.0,28.0
North-Eastern Region,67.0,28.0
Northen Region,71.0,28.0
Southern Region,80.0,28.0
Western Region,86.0,28.0
National,88.0,28.0
Eastern Region,78.0,28.0
North-Eastern Region,67.0,28.0
Northen Region,71.0,28.0
Southern Region,80.0,28.0
Western Region,86.0,28.0
National,88.0,28.0
Eastern Region,78.0,28.0
North-Eastern Region,67.0,28.0
Northen Region,71.0,28.0
Southern Region,80.0,28.0
Western Region,86.0,28.0
National,88.0,28.0
Eastern Region,78.0,28.0
North-Eastern Region,67.0,28.0
Northen Region,71.0,28.0
Southern Region,80.0,28.0
Western Region,86.0,28.0
National,88.0,28.0
Eastern Region,78.0,28.0
North-Eastern Region,66.0,28.0
Northen Region,71.0,28.0
Southern Region,80.0,28.0
Western Region,86.0,28.0
National,88.0,28.0
Eastern Region,78.0,28.0
North-Eastern Region,66.0,28.0
Northen Region,71.0,28.0
Southern Region,80.0,28.0
Western Region,86.0,28.0
National,88.0,28.0
Eastern Region,78.0,28.0
North-Eastern Region,66.0,28.0
Northen Region,71.0,28.0
Southern Region,80.0,28.0
Western Region,86.0,28.0
National,88.0,28.0
Eastern Region,78.0,28.0
North-Eastern Region,66.0,28.0
Northen Region,71.0,28.0
Southern Region,80.0,28.0
Western Region,86.0,28.0
National,88.0,28.0
Eastern Region,78.0,28.0
North-Eastern Region,66.0,28.0
Northen Region,71.0,28.0
Southern Region,80.0,28.0
Western Region,86.0,28.0
National,88.0,28.0
Eastern Region,78.0,28.0
North-Eastern Region,66.0,28.0
Northen Region,71.0,28.0
Southern Region,80.0,28.0
Western Region,86.0,28.0
National,88.0,28.0
Eastern Region,78.0,28.0
North-Eastern Region,66.0,28.0
Northen Region,71.0,28.0
Southern Region,80.0,28.0
Western Region,86.0,28.0
National,88.0,28.0
Eastern Region,78.0,28.0
North-Eastern Region,66.0,28.0
Northen Region,71.0,28.0
Southern Region,80.0,28.0
Western Region,86.0,28.0
National,88.0,28.0
Eastern Region,78.0,28.0
North-Eastern Region,66.0,28.0
Northen Region,71.0,28.0
Southern Region,80.0,28.0
Western Region,86.0,28.0
National,88.0,28.0
Eastern Region,78.0,28.0
North-Eastern Region,66.0,28.0
Northen Region,71.0,28.0
Southern Region,80.0,28.0
Western Region,86.0,28.0
National,88.0,28.0
Eastern Region,78.0,28.0
North-Eastern Region,66.0,28.0
Northen Region,71.0,28.0
Southern Region,80.0,28.0
Western Region,86.0,28.0
National,88.0,28.0
Eastern Region,78.0,28.0
North-Eastern Region,66.0,28.0
Northen Region,71.0,28.0
Southern Region,80.0,28.0
Western Region,86.0,28.0
National,88.0,28.0
Eastern Region,78.0,28.0
North-Eastern Region,66.0,28.0
Northen Region,71.0,28.0
Southern Region,80.0,28.0
Western Region,86.0,28.0
National,88.0,28.0
Eastern Region,78.0,28.0
North-Eastern Region,66.0,28.0
Northen Region,70.0,28.0
Southern Region,80.0,28.0
Western Region,86.0,28.0
National,88.0,28.0
Eastern Region,78.0,28.0
North-Eastern Region,66.0,28.0
Northen Region,70.0,28.0
Southern Region,80.0,28.0
Western Region,86.0,28.0
National,88.0,28.0
Eastern Region,78.0,28.0
North-Eastern Region,66.0,28.0
Northen Region,70.0,28.0
Southern Region,80.0,28.0
Western Region,86.0,28.0
National,88.0,28.0
Eastern Region,78.0,28.0
North-Eastern Region,66.0,28.0
Northen Region,70.0,28.0
Southern Region,80.0,28.0
Western Region,86.0,28.0
National,88.0,28.0
Eastern Region,78.0,28.0
North-Eastern Region,66.0,28.0
Northen Region,70.0,28.0
Southern Region,80.0,28.0
Western Region,86.0,28.0
National,88.0,28.0
Eastern Region,78.0,28.0
North-Eastern Region,66.0,28.0
Northen Region,70.0,28.0
Southern Region,80.0,28.0
Western Region,86.0,28.0
National,88.0,28.0
Eastern Region,78.0,28.0
North-Eastern Region,66.0,28.0
Northen Region,70.0,28.0
Southern Region,80.0,28.0
Western Region,86.0,28.0
National,88.0,28.0
Eastern Region,78.0,28.0
North-Eastern Region,66.0,28.0
Northen Region,70.0,28.0
Southern Region,80.0,28.0
Western Region,86.0,28.0
National,88.0,28.0
Eastern Region,78.0,28.0
North-Eastern Region,66.0,28.0
Northen Region,70.0,28.0
Southern Region,80.0,28.0
Western Region,86.0,28.0
National,88.0,28.0
Eastern Region,78.0,28.0
North-Eastern Region,66.0,28.0
Northen Region,70.0,28.0
Southern Region,80.0,28.0
Western Region,86.0,28.0
National,88.0,28.0
Eastern Region,78.0,28.0
North-Eastern Region,66.0,28.0
Northen Region,70.0,28.0
Southern Region,80.0,28.0
Western Region,86.0,28.0
National,88.0,28.0
Eastern Region,78.0,28.0
North-Eastern Region,66.0,28.0
Northen Region,70.0,28.0
Southern Region,80.0,28.0
Western Region,86.0,28.0
National,88.0,28.0
Eastern Region,78.0,28.0
North-Eastern Region,66.0,28.0
Northen Region,70.0,28.0
Southern Region,80.0,28.0
Western Region,86.0,28.0
National,88.0,28.0
Eastern Region,78.0,28.0
North-Eastern Region,66.0,28.0
Northen Region,70.0,28.0
Southern Region,80.0,28.0
Western Region,86.0,28.0
National,88.0,28.0
Eastern Region,78.0,28.0
North-Eastern Region,66.0,28.0
Northen Region,70.0,28.0
Southern Region,80.0,28.0
Western Region,86.0,28.0
National,88.0,29.0
Eastern Region,78.0,29.0
North-Eastern Region,66.0,29.0
Northen Region,70.0,29.0
Southern Region,80.0,29.0
Western Region,86.0,29.0
National,88.0,29.0
Eastern Region,78.0,29.0
North-Eastern Region,66.0,29.0
Northen Region,70.0,29.0
Southern Region,80.0,29.0
Western Region,86.0,29.0
National,88.0,29.0
Eastern Region,78.0,29.0
North-Eastern Region,66.0,29.0
Northen Region,70.0,29.0
Southern Region,80.0,29.0
Western Region,86.0,29.0
National,88.0,29.0
Eastern Region,78.0,29.0
North-Eastern Region,66.0,29.0
Northen Region,70.0,29.0
Southern Region,80.0,29.0
Western Region,86.0,29.0
National,88.0,29.0
Eastern Region,78.0,29.0
North-Eastern Region,66.0,29.0
Northen Region,70.0,29.0
Southern Region,80.0,29.0
Western Region,86.0,29.0
National,88.0,29.0
Eastern Region,78.0,29.0
North-Eastern Region,66.0,29.0
Northen Region,70.0,29.0
Southern Region,80.0,29.0
Western Region,86.0,29.0
National,88.0,29.0
Eastern Region,78.0,29.0
North-Eastern Region,66.0,29.0
Northen Region,70.0,29.0
Southern Region,80.0,29.0
Western Region,86.0,29.0
National,88.0,29.0
Eastern Region,78.0,29.0
North-Eastern Region,66.0,29.0
Northen Region,70.0,29.0
Southern Region,80.0,29.0
Western Region,86.0,29.0
National,88.0,29.0
Eastern Region,77.0,29.0
North-Eastern Region,66.0,29.0
Northen Region,70.0,29.0
Southern Region,80.0,29.0
Western Region,86.0,29.0
National,88.0,29.0
Eastern Region,77.0,29.0
North-Eastern Region,66.0,29.0
Northen Region,70.0,29.0
Southern Region,80.0,29.0
Western Region,86.0,29.0
National,87.0,29.0
Eastern Region,77.0,29.0
North-Eastern Region,66.0,29.0
Northen Region,70.0,29.0
Southern Region,80.0,29.0
Western Region,86.0,29.0
National,87.0,29.0
Eastern Region,77.0,29.0
North-Eastern Region,66.0,29.0
Northen Region,70.0,29.0
Southern Region,80.0,29.0
Western Region,86.0,29.0
National,87.0,29.0
Eastern Region,77.0,29.0
North-Eastern Region,66.0,29.0
Northen Region,70.0,29.0
Southern Region,80.0,29.0
Western Region,86.0,29.0
National,87.0,29.0
Eastern Region,77.0,29.0
North-Eastern Region,66.0,29.0
Northen Region,70.0,29.0
Southern Region,80.0,29.0
Western Region,86.0,29.0
National,87.0,29.0
Eastern Region,77.0,29.0
North-Eastern Region,66.0,29.0
Northen Region,70.0,29.0
Southern Region,80.0,29.0
Western Region,86.0,29.0
National,87.0,29.0
Eastern Region,77.0,29.0
North-Eastern Region,66.0,29.0
Northen Region,70.0,29.0
Southern Region,80.0,29.0
Western Region,86.0,29.0
National,87.0,29.0
Eastern Region,77.0,29.0
North-Eastern Region,66.0,29.0
Northen Region,70.0,29.0
Southern Region,80.0,29.0
Western Region,86.0,29.0
National,87.0,29.0
Eastern Region,77.0,29.0
North-Eastern Region,66.0,29.0
Northen Region,70.0,29.0
Southern Region,80.0,29.0
Western Region,86.0,29.0
National,87.0,29.0
Eastern Region,77.0,29.0
North-Eastern Region,66.0,29.0
Northen Region,70.0,29.0
Southern Region,80.0,29.0
Western Region,86.0,29.0
National,87.0,29.0
Eastern Region,77.0,29.0
North-Eastern Region,66.0,29.0
Northen Region,70.0,29.0
Southern Region,80.0,29.0
Western Region,86.0,29.0
National,87.0,29.0
Eastern Region,77.0,29.0
North-Eastern Region,66.0,29.0
Northen Region,70.0,29.0
Southern Region,80.0,29.0
Western Region,86.0,29.0
National,87.0,29.0
Eastern Region,77.0,29.0
North-Eastern Region,66.0,29.0
Northen Region,70.0,29.0
Southern Region,80.0,29.0
Western Region,86.0,29.0
National,87.0,29.0
Eastern Region,77.0,29.0
North-Eastern Region,66.0,29.0
Northen Region,70.0,29.0
Southern Region,80.0,29.0
Western Region,86.0,29.0
National,87.0,29.0
Eastern Region,77.0,29.0
North-Eastern Region,66.0,29.0
Northen Region,70.0,29.0
Southern Region,80.0,29.0
Western Region,86.0,29.0
National,87.0,29.0
Eastern Region,77.0,29.0
North-Eastern Region,66.0,29.0
Northen Region,70.0,29.0
Southern Region,80.0,29.0
Western Region,86.0,29.0
National,87.0,29.0
Eastern Region,77.0,29.0
North-Eastern Region,66.0,29.0
Northen Region,70.0,29.0
Southern Region,80.0,29.0
Western Region,86.0,29.0
National,87.0,29.0
Eastern Region,77.0,29.0
North-Eastern Region,66.0,29.0
Northen Region,70.0,29.0
Southern Region,80.0,29.0
Western Region,86.0,29.0
National,87.0,29.0
Eastern Region,77.0,29.0
North-Eastern Region,66.0,29.0
Northen Region,70.0,29.0
Southern Region,80.0,29.0
Western Region,86.0,29.0
National,87.0,29.0
Eastern Region,77.0,29.0
North-Eastern Region,66.0,29.0
Northen Region,70.0,29.0
Southern Region,80.0,29.0
Western Region,86.0,29.0
National,87.0,29.0
Eastern Region,77.0,29.0
North-Eastern Region,66.0,29.0
Northen Region,70.0,29.0
Southern Region,80.0,29.0
Western Region,86.0,29.0
National,87.0,29.0
Eastern Region,77.0,29.0
North-Eastern Region,66.0,29.0
Northen Region,70.0,29.0
Southern Region,80.0,29.0
Western Region,86.0,29.0
National,87.0,29.0
Eastern Region,77.0,29.0
North-Eastern Region,66.0,29.0
Northen Region,70.0,29.0
Southern Region,80.0,29.0
Western Region,86.0,29.0
National,87.0,29.0
Eastern Region,77.0,29.0
North-Eastern Region,66.0,29.0
Northen Region,70.0,29.0
Southern Region,80.0,29.0
Western Region,86.0,29.0
National,87.0,29.0
Eastern Region,77.0,29.0
North-Eastern Region,66.0,29.0
Northen Region,70.0,29.0
Southern Region,80.0,29.0
Western Region,86.0,29.0
National,87.0,29.0
Eastern Region,77.0,29.0
North-Eastern Region,66.0,29.0
Northen Region,70.0,29.0
Southern Region,80.0,29.0
Western Region,86.0,29.0
National,87.0,29.0
Eastern Region,77.0,29.0
North-Eastern Region,66.0,29.0
Northen Region,70.0,29.0
Southern Region,80.0,29.0
Western Region,86.0,29.0
National,87.0,29.0
Eastern Region,77.0,29.0
North-Eastern Region,66.0,29.0
Northen Region,70.0,29.0
Southern Region,80.0,29.0
Western Region,86.0,29.0
National,87.0,29.0
Eastern Region,77.0,29.0
North-Eastern Region,66.0,29.0
Northen Region,70.0,29.0
Southern Region,80.0,29.0
Western Region,86.0,29.0
National,87.0,29.0
Eastern Region,77.0,29.0
North-Eastern Region,66.0,29.0
Northen Region,70.0,29.0
Southern Region,80.0,29.0
Western Region,86.0,29.0
National,87.0,29.0
Eastern Region,77.0,29.0
North-Eastern Region,66.0,29.0
Northen Region,70.0,29.0
Southern Region,80.0,29.0
Western Region,86.0,29.0
National,87.0,29.0
Eastern Region,77.0,29.0
North-Eastern Region,66.0,29.0
Northen Region,70.0,29.0
Southern Region,80.0,29.0
Western Region,86.0,29.0
National,87.0,29.0
Eastern Region,77.0,29.0
North-Eastern Region,66.0,29.0
Northen Region,70.0,29.0
Southern Region,80.0,29.0
Western Region,86.0,29.0
National,87.0,29.0
Eastern Region,77.0,29.0
North-Eastern Region,66.0,29.0
Northen Region,70.0,29.0
Southern Region,80.0,29.0
Western Region,86.0,29.0
National,87.0,30.0
Eastern Region,77.0,30.0
North-Eastern Region,66.0,30.0
Northen Region,70.0,30.0
Southern Region,80.0,30.0
Western Region,86.0,30.0
National,87.0,30.0
Eastern Region,77.0,30.0
North-Eastern Region,66.0,30.0
Northen Region,70.0,30.0
Southern Region,80.0,30.0
Western Region,86.0,30.0
National,87.0,30.0
Eastern Region,77.0,30.0
North-Eastern Region,66.0,30.0
Northen Region,70.0,30.0
Southern Region,80.0,30.0
Western Region,86.0,30.0
National,87.0,30.0
Eastern Region,77.0,30.0
North-Eastern Region,66.0,30.0
Northen Region,70.0,30.0
Southern Region,80.0,30.0
Western Region,86.0,30.0
National,87.0,30.0
Eastern Region,77.0,30.0
North-Eastern Region,66.0,30.0
Northen Region,70.0,30.0
Southern Region,80.0,30.0
Western Region,86.0,30.0
National,87.0,30.0
Eastern Region,77.0,30.0
North-Eastern Region,66.0,30.0
Northen Region,70.0,30.0
Southern Region,80.0,30.0
Western Region,86.0,30.0
National,87.0,30.0
Eastern Region,77.0,30.0
North-Eastern Region,66.0,30.0
Northen Region,70.0,30.0
Southern Region,80.0,30.0
Western Region,86.0,30.0
National,87.0,30.0
Eastern Region,77.0,30.0
North-Eastern Region,66.0,30.0
Northen Region,70.0,30.0
Southern Region,80.0,30.0
Western Region,86.0,30.0
National,87.0,30.0
Eastern Region,77.0,30.0
North-Eastern Region,66.0,30.0
Northen Region,70.0,30.0
Southern Region,80.0,30.0
Western Region,86.0,30.0
National,87.0,30.0
Eastern Region,77.0,30.0
North-Eastern Region,66.0,30.0
Northen Region,70.0,30.0
Southern Region,80.0,30.0
Western Region,86.0,30.0
National,87.0,30.0
Eastern Region,77.0,30.0
North-Eastern Region,66.0,30.0
Northen Region,70.0,30.0
Southern Region,80.0,30.0
Western Region,86.0,30.0
National,87.0,30.0
Eastern Region,77.0,30.0
North-Eastern Region,66.0,30.0
Northen Region,70.0,30.0
Southern Region,80.0,30.0
Western Region,86.0,30.0
National,87.0,30.0
Eastern Region,77.0,30.0
North-Eastern Region,66.0,30.0
Northen Region,70.0,30.0
Southern Region,80.0,30.0
Western Region,86.0,30.0
National,87.0,30.0
Eastern Region,77.0,30.0
North-Eastern Region,66.0,30.0
Northen Region,70.0,30.0
Southern Region,80.0,30.0
Western Region,86.0,30.0
National,87.0,30.0
Eastern Region,77.0,30.0
North-Eastern Region,66.0,30.0
Northen Region,70.0,30.0
Southern Region,80.0,30.0
Western Region,86.0,30.0
National,87.0,30.0
Eastern Region,77.0,30.0
North-Eastern Region,66.0,30.0
Northen Region,70.0,30.0
Southern Region,80.0,30.0
Western Region,86.0,30.0
National,87.0,30.0
Eastern Region,77.0,30.0
North-Eastern Region,66.0,30.0
Northen Region,70.0,30.0
Southern Region,80.0,30.0
Western Region,86.0,30.0
National,87.0,30.0
Eastern Region,77.0,30.0
North-Eastern Region,66.0,30.0
Northen Region,70.0,30.0
Southern Region,80.0,30.0
Western Region,86.0,30.0
National,87.0,30.0
Eastern Region,77.0,30.0
North-Eastern Region,66.0,30.0
Northen Region,70.0,30.0
Southern Region,80.0,30.0
Western Region,86.0,30.0
National,87.0,30.0
Eastern Region,77.0,30.0
North-Eastern Region,66.0,30.0
Northen Region,70.0,30.0
Southern Region,80.0,30.0
Western Region,86.0,30.0
National,87.0,30.0
Eastern Region,77.0,30.0
North-Eastern Region,66.0,30.0
Northen Region,70.0,30.0
Southern Region,80.0,30.0
Western Region,86.0,30.0
National,87.0,30.0
Eastern Region,77.0,30.0
North-Eastern Region,66.0,30.0
Northen Region,70.0,30.0
Southern Region,80.0,30.0
Western Region,86.0,30.0
National,87.0,30.0
Eastern Region,77.0,30.0
North-Eastern Region,66.0,30.0
Northen Region,70.0,30.0
Southern Region,80.0,30.0
Western Region,86.0,30.0
National,87.0,30.0
Eastern Region,77.0,30.0
North-Eastern Region,66.0,30.0
Northen Region,70.0,30.0
Southern Region,80.0,30.0
Western Region,86.0,30.0
National,87.0,30.0
Eastern Region,77.0,30.0
North-Eastern Region,66.0,30.0
Northen Region,70.0,30.0
Southern Region,80.0,30.0
Western Region,86.0,30.0
National,87.0,30.0
Eastern Region,77.0,30.0
North-Eastern Region,66.0,30.0
Northen Region,70.0,30.0
Southern Region,80.0,30.0
Western Region,86.0,30.0
National,87.0,30.0
Eastern Region,77.0,30.0
North-Eastern Region,65.0,30.0
Northen Region,70.0,30.0
Southern Region,80.0,30.0
Western Region,86.0,30.0
National,87.0,30.0
Eastern Region,77.0,30.0
North-Eastern Region,65.0,30.0
Northen Region,70.0,30.0
Southern Region,80.0,30.0
Western Region,86.0,30.0
National,87.0,30.0
Eastern Region,77.0,30.0
North-Eastern Region,65.0,30.0
Northen Region,70.0,30.0
Southern Region,79.0,30.0
Western Region,86.0,30.0
National,87.0,30.0
Eastern Region,77.0,30.0
North-Eastern Region,65.0,30.0
Northen Region,70.0,30.0
Southern Region,79.0,30.0
Western Region,86.0,30.0
National,87.0,30.0
Eastern Region,77.0,30.0
North-Eastern Region,65.0,30.0
Northen Region,70.0,30.0
Southern Region,79.0,30.0
Western Region,86.0,30.0
National,87.0,30.0
Eastern Region,77.0,30.0
North-Eastern Region,65.0,30.0
Northen Region,70.0,30.0
Southern Region,79.0,30.0
Western Region,86.0,30.0
National,87.0,30.0
Eastern Region,77.0,30.0
North-Eastern Region,65.0,30.0
Northen Region,70.0,30.0
Southern Region,79.0,30.0
Western Region,86.0,30.0
National,87.0,30.0
Eastern Region,77.0,30.0
North-Eastern Region,65.0,30.0
Northen Region,70.0,30.0
Southern Region,79.0,30.0
Western Region,86.0,30.0
National,87.0,30.0
Eastern Region,77.0,30.0
North-Eastern Region,65.0,30.0
Northen Region,70.0,30.0
Southern Region,79.0,30.0
Western Region,86.0,30.0
National,87.0,30.0
Eastern Region,77.0,30.0
North-Eastern Region,65.0,30.0
Northen Region,70.0,30.0
Southern Region,79.0,30.0
Western Region,86.0,30.0
National,87.0,30.0
Eastern Region,77.0,30.0
North-Eastern Region,65.0,30.0
Northen Region,70.0,30.0
Southern Region,79.0,30.0
Western Region,86.0,30.0
National,87.0,30.0
Eastern Region,77.0,30.0
North-Eastern Region,65.0,30.0
Northen Region,70.0,30.0
Southern Region,79.0,30.0
Western Region,86.0,30.0
National,87.0,30.0
Eastern Region,77.0,30.0
North-Eastern Region,65.0,30.0
Northen Region,70.0,30.0
Southern Region,79.0,30.0
Western Region,86.0,30.0
National,87.0,30.0
Eastern Region,77.0,30.0
North-Eastern Region,65.0,30.0
Northen Region,70.0,30.0
Southern Region,79.0,30.0
Western Region,86.0,30.0
National,87.0,30.0
Eastern Region,77.0,30.0
North-Eastern Region,65.0,30.0
Northen Region,70.0,30.0
Southern Region,79.0,30.0
Western Region,86.0,30.0
National,87.0,30.0
Eastern Region,77.0,30.0
North-Eastern Region,65.0,30.0
Northen Region,70.0,30.0
Southern Region,79.0,30.0
Western Region,86.0,30.0
National,87.0,30.0
Eastern Region,77.0,30.0
North-Eastern Region,65.0,30.0
Northen Region,70.0,30.0
Southern Region,79.0,30.0
Western Region,86.0,30.0
National,87.0,31.0
Eastern Region,77.0,31.0
North-Eastern Region,65.0,31.0
Northen Region,70.0,31.0
Southern Region,79.0,31.0
Western Region,86.0,31.0
National,87.0,31.0
Eastern Region,77.0,31.0
North-Eastern Region,65.0,31.0
Northen Region,70.0,31.0
Southern Region,79.0,31.0
Western Region,86.0,31.0
National,87.0,31.0
Eastern Region,77.0,31.0
North-Eastern Region,65.0,31.0
Northen Region,69.0,31.0
Southern Region,79.0,31.0
Western Region,85.0,31.0
National,87.0,31.0
Eastern Region,77.0,31.0
North-Eastern Region,65.0,31.0
Northen Region,69.0,31.0
Southern Region,79.0,31.0
Western Region,85.0,31.0
National,87.0,31.0
Eastern Region,77.0,31.0
North-Eastern Region,65.0,31.0
Northen Region,69.0,31.0
Southern Region,79.0,31.0
Western Region,85.0,31.0
National,87.0,31.0
Eastern Region,77.0,31.0
North-Eastern Region,65.0,31.0
Northen Region,69.0,31.0
Southern Region,79.0,31.0
Western Region,85.0,31.0
National,87.0,31.0
Eastern Region,77.0,31.0
North-Eastern Region,65.0,31.0
Northen Region,69.0,31.0
Southern Region,79.0,31.0
Western Region,85.0,31.0
National,87.0,31.0
Eastern Region,77.0,31.0
North-Eastern Region,65.0,31.0
Northen Region,69.0,31.0
Southern Region,79.0,31.0
Western Region,85.0,31.0
National,87.0,31.0
Eastern Region,77.0,31.0
North-Eastern Region,65.0,31.0
Northen Region,69.0,31.0
Southern Region,79.0,31.0
Western Region,85.0,31.0
National,87.0,31.0
Eastern Region,77.0,31.0
North-Eastern Region,65.0,31.0
Northen Region,69.0,31.0
Southern Region,79.0,31.0
Western Region,85.0,31.0
National,87.0,31.0
Eastern Region,77.0,31.0
North-Eastern Region,65.0,31.0
Northen Region,69.0,31.0
Southern Region,79.0,31.0
Western Region,85.0,31.0
National,87.0,31.0
Eastern Region,77.0,31.0
North-Eastern Region,65.0,31.0
Northen Region,69.0,31.0
Southern Region,79.0,31.0
Western Region,85.0,31.0
National,87.0,31.0
Eastern Region,77.0,31.0
North-Eastern Region,65.0,31.0
Northen Region,69.0,31.0
Southern Region,79.0,31.0
Western Region,85.0,31.0
National,87.0,31.0
Eastern Region,77.0,31.0
North-Eastern Region,65.0,31.0
Northen Region,69.0,31.0
Southern Region,79.0,31.0
Western Region,85.0,31.0
National,87.0,31.0
Eastern Region,77.0,31.0
North-Eastern Region,65.0,31.0
Northen Region,69.0,31.0
Southern Region,79.0,31.0
Western Region,85.0,31.0
National,87.0,31.0
Eastern Region,77.0,31.0
North-Eastern Region,65.0,31.0
Northen Region,69.0,31.0
Southern Region,79.0,31.0
Western Region,85.0,31.0
National,87.0,31.0
Eastern Region,77.0,31.0
North-Eastern Region,65.0,31.0
Northen Region,69.0,31.0
Southern Region,79.0,31.0
Western Region,85.0,31.0
National,87.0,31.0
Eastern Region,77.0,31.0
North-Eastern Region,65.0,31.0
Northen Region,69.0,31.0
Southern Region,79.0,31.0
Western Region,85.0,31.0
National,87.0,31.0
Eastern Region,77.0,31.0
North-Eastern Region,65.0,31.0
Northen Region,69.0,31.0
Southern Region,79.0,31.0
Western Region,85.0,31.0
National,87.0,31.0
Eastern Region,77.0,31.0
North-Eastern Region,65.0,31.0
Northen Region,69.0,31.0
Southern Region,79.0,31.0
Western Region,85.0,31.0
National,87.0,31.0
Eastern Region,77.0,31.0
North-Eastern Region,65.0,31.0
Northen Region,69.0,31.0
Southern Region,79.0,31.0
Western Region,85.0,31.0
National,87.0,31.0
Eastern Region,77.0,31.0
North-Eastern Region,65.0,31.0
Northen Region,69.0,31.0
Southern Region,79.0,31.0
Western Region,85.0,31.0
National,87.0,31.0
Eastern Region,77.0,31.0
North-Eastern Region,65.0,31.0
Northen Region,69.0,31.0
Southern Region,79.0,31.0
Western Region,85.0,31.0
National,87.0,31.0
Eastern Region,77.0,31.0
North-Eastern Region,65.0,31.0
Northen Region,69.0,31.0
Southern Region,79.0,31.0
Western Region,85.0,31.0
National,87.0,31.0
Eastern Region,77.0,31.0
North-Eastern Region,65.0,31.0
Northen Region,69.0,31.0
Southern Region,79.0,31.0
Western Region,85.0,31.0
National,87.0,31.0
Eastern Region,77.0,31.0
North-Eastern Region,65.0,31.0
Northen Region,69.0,31.0
Southern Region,79.0,31.0
Western Region,85.0,31.0
National,87.0,31.0
Eastern Region,77.0,31.0
North-Eastern Region,65.0,31.0
Northen Region,69.0,31.0
Southern Region,79.0,31.0
Western Region,85.0,31.0
National,87.0,31.0
Eastern Region,77.0,31.0
North-Eastern Region,65.0,31.0
Northen Region,69.0,31.0
Southern Region,79.0,31.0
Western Region,85.0,31.0
National,87.0,31.0
Eastern Region,77.0,31.0
North-Eastern Region,65.0,31.0
Northen Region,69.0,31.0
Southern Region,79.0,31.0
Western Region,85.0,31.0
National,87.0,31.0
Eastern Region,77.0,31.0
North-Eastern Region,65.0,31.0
Northen Region,69.0,31.0
Southern Region,79.0,31.0
Western Region,85.0,31.0
National,87.0,31.0
Eastern Region,77.0,31.0
North-Eastern Region,65.0,31.0
Northen Region,69.0,31.0
Southern Region,79.0,31.0
Western Region,85.0,31.0
National,87.0,31.0
Eastern Region,77.0,31.0
North-Eastern Region,65.0,31.0
Northen Region,69.0,31.0
Southern Region,79.0,31.0
Western Region,85.0,31.0
National,87.0,31.0
Eastern Region,77.0,31.0
North-Eastern Region,65.0,31.0
Northen Region,69.0,31.0
Southern Region,79.0,31.0
Western Region,85.0,31.0
National,87.0,31.0
Eastern Region,77.0,31.0
North-Eastern Region,65.0,31.0
Northen Region,69.0,31.0
Southern Region,79.0,31.0
Western Region,85.0,31.0
National,87.0,31.0
Eastern Region,77.0,31.0
North-Eastern Region,65.0,31.0
Northen Region,69.0,31.0
Southern Region,79.0,31.0
Western Region,85.0,31.0
National,87.0,31.0
Eastern Region,77.0,31.0
North-Eastern Region,65.0,31.0
Northen Region,69.0,31.0
Southern Region,79.0,31.0
Western Region,85.0,31.0
National,87.0,31.0
Eastern Region,77.0,31.0
North-Eastern Region,65.0,31.0
Northen Region,69.0,31.0
Southern Region,79.0,31.0
Western Region,85.0,31.0
National,87.0,31.0
Eastern Region,77.0,31.0
North-Eastern Region,65.0,31.0
Northen Region,69.0,31.0
Southern Region,79.0,31.0
Western Region,85.0,31.0
National,87.0,31.0
Eastern Region,77.0,31.0
North-Eastern Region,65.0,31.0
Northen Region,69.0,31.0
Southern Region,79.0,31.0
Western Region,85.0,31.0
National,87.0,31.0
Eastern Region,77.0,31.0
North-Eastern Region,65.0,31.0
Northen Region,69.0,31.0
Southern Region,79.0,31.0
Western Region,85.0,31.0
National,87.0,31.0
Eastern Region,77.0,31.0
North-Eastern Region,65.0,31.0
Northen Region,69.0,31.0
Southern Region,79.0,31.0
Western Region,85.0,31.0
National,87.0,31.0
Eastern Region,77.0,31.0
North-Eastern Region,65.0,31.0
Northen Region,69.0,31.0
Southern Region,79.0,31.0
Western Region,85.0,31.0
National,87.0,31.0
Eastern Region,77.0,31.0
North-Eastern Region,65.0,31.0
Northen Region,69.0,31.0
Southern Region,79.0,31.0
Western Region,85.0,31.0
National,87.0,31.0
Eastern Region,77.0,31.0
North-Eastern Region,65.0,31.0
Northen Region,69.0,31.0
Southern Region,79.0,31.0
Western Region,85.0,31.0
National,87.0,32.0
Eastern Region,77.0,32.0
North-Eastern Region,65.0,32.0
Northen Region,69.0,32.0
Southern Region,79.0,32.0
Western Region,85.0,32.0
National,87.0,32.0
Eastern Region,77.0,32.0
North-Eastern Region,65.0,32.0
Northen Region,69.0,32.0
Southern Region,79.0,32.0
Western Region,85.0,32.0
National,87.0,32.0
Eastern Region,77.0,32.0
North-Eastern Region,65.0,32.0
Northen Region,69.0,32.0
Southern Region,79.0,32.0
Western Region,85.0,32.0
National,87.0,32.0
Eastern Region,77.0,32.0
North-Eastern Region,65.0,32.0
Northen Region,69.0,32.0
Southern Region,79.0,32.0
Western Region,85.0,32.0
National,87.0,32.0
Eastern Region,77.0,32.0
North-Eastern Region,65.0,32.0
Northen Region,69.0,32.0
Southern Region,79.0,32.0
Western Region,85.0,32.0
National,87.0,32.0
Eastern Region,77.0,32.0
North-Eastern Region,65.0,32.0
Northen Region,69.0,32.0
Southern Region,79.0,32.0
Western Region,85.0,32.0
National,87.0,32.0
Eastern Region,77.0,32.0
North-Eastern Region,65.0,32.0
Northen Region,69.0,32.0
Southern Region,79.0,32.0
Western Region,85.0,32.0
National,87.0,32.0
Eastern Region,77.0,32.0
North-Eastern Region,65.0,32.0
Northen Region,69.0,32.0
Southern Region,79.0,32.0
Western Region,85.0,32.0
National,87.0,32.0
Eastern Region,77.0,32.0
North-Eastern Region,65.0,32.0
Northen Region,69.0,32.0
Southern Region,79.0,32.0
Western Region,85.0,32.0
National,87.0,32.0
Eastern Region,77.0,32.0
North-Eastern Region,65.0,32.0
Northen Region,69.0,32.0
Southern Region,79.0,32.0
Western Region,85.0,32.0
National,87.0,32.0
Eastern Region,77.0,32.0
North-Eastern Region,65.0,32.0
Northen Region,69.0,32.0
Southern Region,79.0,32.0
Western Region,85.0,32.0
National,87.0,32.0
Eastern Region,77.0,32.0
North-Eastern Region,65.0,32.0
Northen Region,69.0,32.0
Southern Region,79.0,32.0
Western Region,85.0,32.0
National,87.0,32.0
Eastern Region,77.0,32.0
North-Eastern Region,65.0,32.0
Northen Region,69.0,32.0
Southern Region,79.0,32.0
Western Region,85.0,32.0
National,87.0,32.0
Eastern Region,77.0,32.0
North-Eastern Region,65.0,32.0
Northen Region,69.0,32.0
Southern Region,79.0,32.0
Western Region,85.0,32.0
National,87.0,32.0
Eastern Region,77.0,32.0
North-Eastern Region,65.0,32.0
Northen Region,69.0,32.0
Southern Region,79.0,32.0
Western Region,85.0,32.0
National,87.0,32.0
Eastern Region,77.0,32.0
North-Eastern Region,65.0,32.0
Northen Region,69.0,32.0
Southern Region,79.0,32.0
Western Region,85.0,32.0
National,87.0,32.0
Eastern Region,77.0,32.0
North-Eastern Region,65.0,32.0
Northen Region,69.0,32.0
Southern Region,79.0,32.0
Western Region,85.0,32.0
National,87.0,32.0
Eastern Region,77.0,32.0
North-Eastern Region,65.0,32.0
Northen Region,69.0,32.0
Southern Region,79.0,32.0
Western Region,85.0,32.0
National,87.0,32.0
Eastern Region,77.0,32.0
North-Eastern Region,65.0,32.0
Northen Region,69.0,32.0
Southern Region,79.0,32.0
Western Region,85.0,32.0
National,87.0,32.0
Eastern Region,77.0,32.0
North-Eastern Region,65.0,32.0
Northen Region,69.0,32.0
Southern Region,79.0,32.0
Western Region,85.0,32.0
National,87.0,32.0
Eastern Region,76.0,32.0
North-Eastern Region,65.0,32.0
Northen Region,69.0,32.0
Southern Region,79.0,32.0
Western Region,85.0,32.0
National,87.0,32.0
Eastern Region,76.0,32.0
North-Eastern Region,65.0,32.0
Northen Region,69.0,32.0
Southern Region,79.0,32.0
Western Region,85.0,32.0
National,87.0,32.0
Eastern Region,76.0,32.0
North-Eastern Region,65.0,32.0
Northen Region,69.0,32.0
Southern Region,79.0,32.0
Western Region,85.0,32.0
National,87.0,32.0
Eastern Region,76.0,32.0
North-Eastern Region,65.0,32.0
Northen Region,69.0,32.0
Southern Region,79.0,32.0
Western Region,85.0,32.0
National,87.0,32.0
Eastern Region,76.0,32.0
North-Eastern Region,65.0,32.0
Northen Region,69.0,32.0
Southern Region,79.0,32.0
Western Region,85.0,32.0
National,87.0,32.0
Eastern Region,76.0,32.0
North-Eastern Region,65.0,32.0
Northen Region,69.0,32.0
Southern Region,79.0,32.0
Western Region,85.0,32.0
National,87.0,32.0
Eastern Region,76.0,32.0
North-Eastern Region,65.0,32.0
Northen Region,69.0,32.0
Southern Region,79.0,32.0
Western Region,85.0,32.0
National,87.0,32.0
Eastern Region,76.0,32.0
North-Eastern Region,65.0,32.0
Northen Region,69.0,32.0
Southern Region,79.0,32.0
Western Region,85.0,32.0
National,87.0,32.0
Eastern Region,76.0,32.0
North-Eastern Region,65.0,32.0
Northen Region,69.0,32.0
Southern Region,79.0,32.0
Western Region,85.0,32.0
National,87.0,32.0
Eastern Region,76.0,32.0
North-Eastern Region,65.0,32.0
Northen Region,69.0,32.0
Southern Region,79.0,32.0
Western Region,85.0,32.0
National,87.0,32.0
Eastern Region,76.0,32.0
North-Eastern Region,65.0,32.0
Northen Region,69.0,32.0
Southern Region,79.0,32.0
Western Region,85.0,32.0
National,87.0,32.0
Eastern Region,76.0,32.0
North-Eastern Region,65.0,32.0
Northen Region,69.0,32.0
Southern Region,79.0,32.0
Western Region,85.0,32.0
National,87.0,32.0
Eastern Region,76.0,32.0
North-Eastern Region,65.0,32.0
Northen Region,69.0,32.0
Southern Region,79.0,32.0
Western Region,85.0,32.0
National,87.0,32.0
Eastern Region,76.0,32.0
North-Eastern Region,65.0,32.0
Northen Region,69.0,32.0
Southern Region,79.0,32.0
Western Region,85.0,32.0
National,87.0,32.0
Eastern Region,76.0,32.0
North-Eastern Region,65.0,32.0
Northen Region,69.0,32.0
Southern Region,79.0,32.0
Western Region,85.0,32.0
National,87.0,32.0
Eastern Region,76.0,32.0
North-Eastern Region,64.0,32.0
Northen Region,69.0,32.0
Southern Region,79.0,32.0
Western Region,85.0,32.0
National,87.0,32.0
Eastern Region,76.0,32.0
North-Eastern Region,64.0,32.0
Northen Region,69.0,32.0
Southern Region,79.0,32.0
Western Region,85.0,32.0
National,87.0,32.0
Eastern Region,76.0,32.0
North-Eastern Region,64.0,32.0
Northen Region,69.0,32.0
Southern Region,79.0,32.0
Western Region,85.0,32.0
National,87.0,32.0
Eastern Region,76.0,32.0
North-Eastern Region,64.0,32.0
Northen Region,69.0,32.0
Southern Region,79.0,32.0
Western Region,85.0,32.0
National,87.0,32.0
Eastern Region,76.0,32.0
North-Eastern Region,64.0,32.0
Northen Region,69.0,32.0
Southern Region,79.0,32.0
Western Region,85.0,32.0
National,87.0,32.0
Eastern Region,76.0,32.0
North-Eastern Region,64.0,32.0
Northen Region,69.0,32.0
Southern Region,79.0,32.0
Western Region,85.0,32.0
National,87.0,32.0
Eastern Region,76.0,32.0
North-Eastern Region,64.0,32.0
Northen Region,69.0,32.0
Southern Region,79.0,32.0
Western Region,85.0,32.0
National,87.0,32.0
Eastern Region,76.0,32.0
North-Eastern Region,64.0,32.0
Northen Region,69.0,32.0
Southern Region,79.0,32.0
Western Region,85.0,32.0
National,87.0,33.0
Eastern Region,76.0,33.0
North-Eastern Region,64.0,33.0
Northen Region,69.0,33.0
Southern Region,79.0,33.0
Western Region,85.0,33.0
National,87.0,33.0
Eastern Region,76.0,33.0
North-Eastern Region,64.0,33.0
Northen Region,69.0,33.0
Southern Region,79.0,33.0
Western Region,85.0,33.0
National,87.0,33.0
Eastern Region,76.0,33.0
North-Eastern Region,64.0,33.0
Northen Region,69.0,33.0
Southern Region,79.0,33.0
Western Region,85.0,33.0
National,87.0,33.0
Eastern Region,76.0,33.0
North-Eastern Region,64.0,33.0
Northen Region,69.0,33.0
Southern Region,79.0,33.0
Western Region,85.0,33.0
National,87.0,33.0
Eastern Region,76.0,33.0
North-Eastern Region,64.0,33.0
Northen Region,69.0,33.0
Southern Region,79.0,33.0
Western Region,85.0,33.0
National,87.0,33.0
Eastern Region,76.0,33.0
North-Eastern Region,64.0,33.0
Northen Region,69.0,33.0
Southern Region,79.0,33.0
Western Region,85.0,33.0
National,87.0,33.0
Eastern Region,76.0,33.0
North-Eastern Region,64.0,33.0
Northen Region,69.0,33.0
Southern Region,79.0,33.0
Western Region,85.0,33.0
National,87.0,33.0
Eastern Region,76.0,33.0
North-Eastern Region,64.0,33.0
Northen Region,69.0,33.0
Southern Region,79.0,33.0
Western Region,85.0,33.0
National,87.0,33.0
Eastern Region,76.0,33.0
North-Eastern Region,64.0,33.0
Northen Region,69.0,33.0
Southern Region,79.0,33.0
Western Region,85.0,33.0
National,87.0,33.0
Eastern Region,76.0,33.0
North-Eastern Region,64.0,33.0
Northen Region,69.0,33.0
Southern Region,79.0,33.0
Western Region,85.0,33.0
National,87.0,33.0
Eastern Region,76.0,33.0
North-Eastern Region,64.0,33.0
Northen Region,69.0,33.0
Southern Region,79.0,33.0
Western Region,85.0,33.0
National,87.0,33.0
Eastern Region,76.0,33.0
North-Eastern Region,64.0,33.0
Northen Region,69.0,33.0
Southern Region,79.0,33.0
Western Region,85.0,33.0
National,87.0,33.0
Eastern Region,76.0,33.0
North-Eastern Region,64.0,33.0
Northen Region,69.0,33.0
Southern Region,79.0,33.0
Western Region,85.0,33.0
National,87.0,33.0
Eastern Region,76.0,33.0
North-Eastern Region,64.0,33.0
Northen Region,69.0,33.0
Southern Region,79.0,33.0
Western Region,85.0,33.0
National,87.0,33.0
Eastern Region,76.0,33.0
North-Eastern Region,64.0,33.0
Northen Region,69.0,33.0
Southern Region,79.0,33.0
Western Region,85.0,33.0
National,87.0,33.0
Eastern Region,76.0,33.0
North-Eastern Region,64.0,33.0
Northen Region,69.0,33.0
Southern Region,79.0,33.0
Western Region,85.0,33.0
National,87.0,33.0
Eastern Region,76.0,33.0
North-Eastern Region,64.0,33.0
Northen Region,69.0,33.0
Southern Region,79.0,33.0
Western Region,85.0,33.0
National,87.0,33.0
Eastern Region,76.0,33.0
North-Eastern Region,64.0,33.0
Northen Region,69.0,33.0
Southern Region,79.0,33.0
Western Region,85.0,33.0
National,87.0,33.0
Eastern Region,76.0,33.0
North-Eastern Region,64.0,33.0
Northen Region,69.0,33.0
Southern Region,79.0,33.0
Western Region,85.0,33.0
National,87.0,33.0
Eastern Region,76.0,33.0
North-Eastern Region,64.0,33.0
Northen Region,69.0,33.0
Southern Region,79.0,33.0
Western Region,85.0,33.0
National,87.0,33.0
Eastern Region,76.0,33.0
North-Eastern Region,64.0,33.0
Northen Region,69.0,33.0
Southern Region,79.0,33.0
Western Region,85.0,33.0
National,87.0,33.0
Eastern Region,76.0,33.0
North-Eastern Region,64.0,33.0
Northen Region,69.0,33.0
Southern Region,79.0,33.0
Western Region,85.0,33.0
National,87.0,33.0
Eastern Region,76.0,33.0
North-Eastern Region,64.0,33.0
Northen Region,69.0,33.0
Southern Region,79.0,33.0
Western Region,85.0,33.0
National,87.0,33.0
Eastern Region,76.0,33.0
North-Eastern Region,64.0,33.0
Northen Region,69.0,33.0
Southern Region,79.0,33.0
Western Region,85.0,33.0
National,87.0,33.0
Eastern Region,76.0,33.0
North-Eastern Region,64.0,33.0
Northen Region,69.0,33.0
Southern Region,79.0,33.0
Western Region,85.0,33.0
National,87.0,33.0
Eastern Region,76.0,33.0
North-Eastern Region,64.0,33.0
Northen Region,68.0,33.0
Southern Region,79.0,33.0
Western Region,85.0,33.0
National,87.0,33.0
Eastern Region,76.0,33.0
North-Eastern Region,64.0,33.0
Northen Region,68.0,33.0
Southern Region,79.0,33.0
Western Region,85.0,33.0
National,87.0,33.0
Eastern Region,76.0,33.0
North-Eastern Region,64.0,33.0
Northen Region,68.0,33.0
Southern Region,79.0,33.0
Western Region,85.0,33.0
National,87.0,33.0
Eastern Region,76.0,33.0
North-Eastern Region,64.0,33.0
Northen Region,68.0,33.0
Southern Region,79.0,33.0
Western Region,85.0,33.0
National,87.0,33.0
Eastern Region,76.0,33.0
North-Eastern Region,64.0,33.0
Northen Region,68.0,33.0
Southern Region,79.0,33.0
Western Region,85.0,33.0
National,87.0,33.0
Eastern Region,76.0,33.0
North-Eastern Region,64.0,33.0
Northen Region,68.0,33.0
Southern Region,79.0,33.0
Western Region,85.0,33.0
National,87.0,33.0
Eastern Region,76.0,33.0
North-Eastern Region,64.0,33.0
Northen Region,68.0,33.0
Southern Region,79.0,33.0
Western Region,85.0,33.0
National,87.0,33.0
Eastern Region,76.0,33.0
North-Eastern Region,64.0,33.0
Northen Region,68.0,33.0
Southern Region,78.0,33.0
Western Region,85.0,33.0
National,87.0,33.0
Eastern Region,76.0,33.0
North-Eastern Region,64.0,33.0
Northen Region,68.0,33.0
Southern Region,78.0,33.0
Western Region,85.0,33.0
National,87.0,33.0
Eastern Region,76.0,33.0
North-Eastern Region,64.0,33.0
Northen Region,68.0,33.0
Southern Region,78.0,33.0
Western Region,85.0,33.0
National,87.0,33.0
Eastern Region,76.0,33.0
North-Eastern Region,64.0,33.0
Northen Region,68.0,33.0
Southern Region,78.0,33.0
Western Region,85.0,33.0
National,87.0,33.0
Eastern Region,76.0,33.0
North-Eastern Region,64.0,33.0
Northen Region,68.0,33.0
Southern Region,78.0,33.0
Western Region,85.0,33.0
National,87.0,33.0
Eastern Region,76.0,33.0
North-Eastern Region,64.0,33.0
Northen Region,68.0,33.0
Southern Region,78.0,33.0
Western Region,85.0,33.0
National,87.0,33.0
Eastern Region,76.0,33.0
North-Eastern Region,64.0,33.0
Northen Region,68.0,33.0
Southern Region,78.0,33.0
Western Region,85.0,33.0
National,87.0,33.0
Eastern Region,76.0,33.0
North-Eastern Region,64.0,33.0
Northen Region,68.0,33.0
Southern Region,78.0,33.0
Western Region,85.0,33.0
National,87.0,33.0
Eastern Region,76.0,33.0
North-Eastern Region,64.0,33.0
Northen Region,68.0,33.0
Southern Region,78.0,33.0
Western Region,85.0,33.0
National,87.0,33.0
Eastern Region,76.0,33.0
North-Eastern Region,64.0,33.0
Northen Region,68.0,33.0
Southern Region,78.0,33.0
Western Region,85.0,33.0
National,87.0,33.0
Eastern Region,76.0,33.0
North-Eastern Region,64.0,33.0
Northen Region,68.0,33.0
Southern Region,78.0,33.0
Western Region,85.0,33.0
National,87.0,33.0
Eastern Region,76.0,33.0
North-Eastern Region,64.0,33.0
Northen Region,68.0,33.0
Southern Region,78.0,33.0
Western Region,85.0,33.0
National,87.0,34.0
Eastern Region,76.0,34.0
North-Eastern Region,64.0,34.0
Northen Region,68.0,34.0
Southern Region,78.0,34.0
Western Region,85.0,34.0
National,87.0,34.0
Eastern Region,76.0,34.0
North-Eastern Region,64.0,34.0
Northen Region,68.0,34.0
Southern Region,78.0,34.0
Western Region,85.0,34.0
National,87.0,34.0
Eastern Region,76.0,34.0
North-Eastern Region,64.0,34.0
Northen Region,68.0,34.0
Southern Region,78.0,34.0
Western Region,85.0,34.0
National,87.0,34.0
Eastern Region,76.0,34.0
North-Eastern Region,64.0,34.0
Northen Region,68.0,34.0
Southern Region,78.0,34.0
Western Region,85.0,34.0
National,87.0,34.0
Eastern Region,76.0,34.0
North-Eastern Region,64.0,34.0
Northen Region,68.0,34.0
Southern Region,78.0,34.0
Western Region,85.0,34.0
National,87.0,34.0
Eastern Region,76.0,34.0
North-Eastern Region,64.0,34.0
Northen Region,68.0,34.0
Southern Region,78.0,34.0
Western Region,85.0,34.0
National,87.0,34.0
Eastern Region,76.0,34.0
North-Eastern Region,64.0,34.0
Northen Region,68.0,34.0
Southern Region,78.0,34.0
Western Region,85.0,34.0
National,87.0,34.0
Eastern Region,76.0,34.0
North-Eastern Region,64.0,34.0
Northen Region,68.0,34.0
Southern Region,78.0,34.0
Western Region,85.0,34.0
National,87.0,34.0
Eastern Region,76.0,34.0
North-Eastern Region,64.0,34.0
Northen Region,68.0,34.0
Southern Region,78.0,34.0
Western Region,85.0,34.0
National,87.0,34.0
Eastern Region,76.0,34.0
North-Eastern Region,64.0,34.0
Northen Region,68.0,34.0
Southern Region,78.0,34.0
Western Region,85.0,34.0
National,87.0,34.0
Eastern Region,76.0,34.0
North-Eastern Region,64.0,34.0
Northen Region,68.0,34.0
Southern Region,78.0,34.0
Western Region,85.0,34.0
National,87.0,34.0
Eastern Region,76.0,34.0
North-Eastern Region,64.0,34.0
Northen Region,68.0,34.0
Southern Region,78.0,34.0
Western Region,85.0,34.0
National,87.0,34.0
Eastern Region,76.0,34.0
North-Eastern Region,64.0,34.0
Northen Region,68.0,34.0
Southern Region,78.0,34.0
Western Region,85.0,34.0
National,87.0,34.0
Eastern Region,76.0,34.0
North-Eastern Region,64.0,34.0
Northen Region,68.0,34.0
Southern Region,78.0,34.0
Western Region,85.0,34.0
National,86.0,34.0
Eastern Region,76.0,34.0
North-Eastern Region,64.0,34.0
Northen Region,68.0,34.0
Southern Region,78.0,34.0
Western Region,85.0,34.0
National,86.0,34.0
Eastern Region,76.0,34.0
North-Eastern Region,64.0,34.0
Northen Region,68.0,34.0
Southern Region,78.0,34.0
Western Region,85.0,34.0
National,86.0,34.0
Eastern Region,76.0,34.0
North-Eastern Region,64.0,34.0
Northen Region,68.0,34.0
Southern Region,78.0,34.0
Western Region,85.0,34.0
National,86.0,34.0
Eastern Region,76.0,34.0
North-Eastern Region,64.0,34.0
Northen Region,68.0,34.0
Southern Region,78.0,34.0
Western Region,85.0,34.0
National,86.0,34.0
Eastern Region,76.0,34.0
North-Eastern Region,64.0,34.0
Northen Region,68.0,34.0
Southern Region,78.0,34.0
Western Region,85.0,34.0
National,86.0,34.0
Eastern Region,76.0,34.0
North-Eastern Region,64.0,34.0
Northen Region,68.0,34.0
Southern Region,78.0,34.0
Western Region,85.0,34.0
National,86.0,34.0
Eastern Region,76.0,34.0
North-Eastern Region,64.0,34.0
Northen Region,68.0,34.0
Southern Region,78.0,34.0
Western Region,85.0,34.0
National,86.0,34.0
Eastern Region,76.0,34.0
North-Eastern Region,64.0,34.0
Northen Region,68.0,34.0
Southern Region,78.0,34.0
Western Region,85.0,34.0
National,86.0,34.0
Eastern Region,76.0,34.0
North-Eastern Region,64.0,34.0
Northen Region,68.0,34.0
Southern Region,78.0,34.0
Western Region,85.0,34.0
National,86.0,34.0
Eastern Region,76.0,34.0
North-Eastern Region,64.0,34.0
Northen Region,68.0,34.0
Southern Region,78.0,34.0
Western Region,85.0,34.0
National,86.0,34.0
Eastern Region,76.0,34.0
North-Eastern Region,64.0,34.0
Northen Region,68.0,34.0
Southern Region,78.0,34.0
Western Region,85.0,34.0
National,86.0,34.0
Eastern Region,76.0,34.0
North-Eastern Region,64.0,34.0
Northen Region,68.0,34.0
Southern Region,78.0,34.0
Western Region,85.0,34.0
National,86.0,34.0
Eastern Region,76.0,34.0
North-Eastern Region,64.0,34.0
Northen Region,68.0,34.0
Southern Region,78.0,34.0
Western Region,85.0,34.0
National,86.0,34.0
Eastern Region,76.0,34.0
North-Eastern Region,64.0,34.0
Northen Region,68.0,34.0
Southern Region,78.0,34.0
Western Region,85.0,34.0
National,86.0,34.0
Eastern Region,76.0,34.0
North-Eastern Region,64.0,34.0
Northen Region,68.0,34.0
Southern Region,78.0,34.0
Western Region,85.0,34.0
National,86.0,34.0
Eastern Region,76.0,34.0
North-Eastern Region,64.0,34.0
Northen Region,68.0,34.0
Southern Region,78.0,34.0
Western Region,85.0,34.0
National,86.0,34.0
Eastern Region,76.0,34.0
North-Eastern Region,64.0,34.0
Northen Region,68.0,34.0
Southern Region,78.0,34.0
Western Region,85.0,34.0
National,86.0,34.0
Eastern Region,76.0,34.0
North-Eastern Region,64.0,34.0
Northen Region,68.0,34.0
Southern Region,78.0,34.0
Western Region,85.0,34.0
National,86.0,34.0
Eastern Region,76.0,34.0
North-Eastern Region,64.0,34.0
Northen Region,68.0,34.0
Southern Region,78.0,34.0
Western Region,85.0,34.0
National,86.0,34.0
Eastern Region,76.0,34.0
North-Eastern Region,64.0,34.0
Northen Region,68.0,34.0
Southern Region,78.0,34.0
Western Region,85.0,34.0
National,86.0,34.0
Eastern Region,76.0,34.0
North-Eastern Region,64.0,34.0
Northen Region,68.0,34.0
Southern Region,78.0,34.0
Western Region,85.0,34.0
National,86.0,34.0
Eastern Region,76.0,34.0
North-Eastern Region,64.0,34.0
Northen Region,68.0,34.0
Southern Region,78.0,34.0
Western Region,85.0,34.0
National,86.0,34.0
Eastern Region,76.0,34.0
North-Eastern Region,64.0,34.0
Northen Region,68.0,34.0
Southern Region,78.0,34.0
Western Region,85.0,34.0
National,86.0,34.0
Eastern Region,76.0,34.0
North-Eastern Region,64.0,34.0
Northen Region,68.0,34.0
Southern Region,78.0,34.0
Western Region,85.0,34.0
National,86.0,34.0
Eastern Region,76.0,34.0
North-Eastern Region,64.0,34.0
Northen Region,68.0,34.0
Southern Region,78.0,34.0
Western Region,85.0,34.0
National,86.0,34.0
Eastern Region,76.0,34.0
North-Eastern Region,64.0,34.0
Northen Region,68.0,34.0
Southern Region,78.0,34.0
Western Region,85.0,34.0
National,86.0,34.0
Eastern Region,76.0,34.0
North-Eastern Region,64.0,34.0
Northen Region,68.0,34.0
Southern Region,78.0,34.0
Western Region,85.0,34.0
National,86.0,34.0
Eastern Region,76.0,34.0
North-Eastern Region,64.0,34.0
Northen Region,68.0,34.0
Southern Region,78.0,34.0
Western Region,84.0,34.0
National,86.0,34.0
Eastern Region,76.0,34.0
North-Eastern Region,64.0,34.0
Northen Region,68.0,34.0
Southern Region,78.0,34.0
Western Region,84.0,34.0
National,86.0,35.0
Eastern Region,76.0,35.0
North-Eastern Region,64.0,35.0
Northen Region,68.0,35.0
Southern Region,78.0,35.0
Western Region,84.0,35.0
National,86.0,35.0
Eastern Region,76.0,35.0
North-Eastern Region,64.0,35.0
Northen Region,68.0,35.0
Southern Region,78.0,35.0
Western Region,84.0,35.0
National,86.0,35.0
Eastern Region,76.0,35.0
North-Eastern Region,64.0,35.0
Northen Region,68.0,35.0
Southern Region,78.0,35.0
Western Region,84.0,35.0
National,86.0,35.0
Eastern Region,76.0,35.0
North-Eastern Region,64.0,35.0
Northen Region,68.0,35.0
Southern Region,78.0,35.0
Western Region,84.0,35.0
National,86.0,35.0
Eastern Region,76.0,35.0
North-Eastern Region,64.0,35.0
Northen Region,68.0,35.0
Southern Region,78.0,35.0
Western Region,84.0,35.0
National,86.0,35.0
Eastern Region,76.0,35.0
North-Eastern Region,64.0,35.0
Northen Region,68.0,35.0
Southern Region,78.0,35.0
Western Region,84.0,35.0
National,86.0,35.0
Eastern Region,76.0,35.0
North-Eastern Region,64.0,35.0
Northen Region,68.0,35.0
Southern Region,78.0,35.0
Western Region,84.0,35.0
National,86.0,35.0
Eastern Region,76.0,35.0
North-Eastern Region,64.0,35.0
Northen Region,68.0,35.0
Southern Region,78.0,35.0
Western Region,84.0,35.0
National,86.0,35.0
Eastern Region,76.0,35.0
North-Eastern Region,64.0,35.0
Northen Region,68.0,35.0
Southern Region,78.0,35.0
Western Region,84.0,35.0
National,86.0,35.0
Eastern Region,76.0,35.0
North-Eastern Region,64.0,35.0
Northen Region,68.0,35.0
Southern Region,78.0,35.0
Western Region,84.0,35.0
National,86.0,35.0
Eastern Region,76.0,35.0
North-Eastern Region,64.0,35.0
Northen Region,68.0,35.0
Southern Region,78.0,35.0
Western Region,84.0,35.0
National,86.0,35.0
Eastern Region,76.0,35.0
North-Eastern Region,64.0,35.0
Northen Region,68.0,35.0
Southern Region,78.0,35.0
Western Region,84.0,35.0
National,86.0,35.0
Eastern Region,76.0,35.0
North-Eastern Region,64.0,35.0
Northen Region,68.0,35.0
Southern Region,78.0,35.0
Western Region,84.0,35.0
National,86.0,35.0
Eastern Region,76.0,35.0
North-Eastern Region,64.0,35.0
Northen Region,68.0,35.0
Southern Region,78.0,35.0
Western Region,84.0,35.0
National,86.0,35.0
Eastern Region,76.0,35.0
North-Eastern Region,64.0,35.0
Northen Region,68.0,35.0
Southern Region,78.0,35.0
Western Region,84.0,35.0
National,86.0,35.0
Eastern Region,76.0,35.0
North-Eastern Region,64.0,35.0
Northen Region,68.0,35.0
Southern Region,78.0,35.0
Western Region,84.0,35.0
National,86.0,35.0
Eastern Region,76.0,35.0
North-Eastern Region,64.0,35.0
Northen Region,68.0,35.0
Southern Region,78.0,35.0
Western Region,84.0,35.0
National,86.0,35.0
Eastern Region,76.0,35.0
North-Eastern Region,64.0,35.0
Northen Region,68.0,35.0
Southern Region,78.0,35.0
Western Region,84.0,35.0
National,86.0,35.0
Eastern Region,76.0,35.0
North-Eastern Region,64.0,35.0
Northen Region,68.0,35.0
Southern Region,78.0,35.0
Western Region,84.0,35.0
National,86.0,35.0
Eastern Region,76.0,35.0
North-Eastern Region,64.0,35.0
Northen Region,68.0,35.0
Southern Region,78.0,35.0
Western Region,84.0,35.0
National,86.0,35.0
Eastern Region,76.0,35.0
North-Eastern Region,64.0,35.0
Northen Region,68.0,35.0
Southern Region,78.0,35.0
Western Region,84.0,35.0
National,86.0,35.0
Eastern Region,76.0,35.0
North-Eastern Region,64.0,35.0
Northen Region,68.0,35.0
Southern Region,78.0,35.0
Western Region,84.0,35.0
National,86.0,35.0
Eastern Region,76.0,35.0
North-Eastern Region,64.0,35.0
Northen Region,68.0,35.0
Southern Region,78.0,35.0
Western Region,84.0,35.0
National,86.0,35.0
Eastern Region,76.0,35.0
North-Eastern Region,64.0,35.0
Northen Region,68.0,35.0
Southern Region,78.0,35.0
Western Region,84.0,35.0
National,86.0,35.0
Eastern Region,76.0,35.0
North-Eastern Region,64.0,35.0
Northen Region,68.0,35.0
Southern Region,78.0,35.0
Western Region,84.0,35.0
National,86.0,35.0
Eastern Region,76.0,35.0
North-Eastern Region,64.0,35.0
Northen Region,68.0,35.0
Southern Region,78.0,35.0
Western Region,84.0,35.0
National,86.0,35.0
Eastern Region,76.0,35.0
North-Eastern Region,64.0,35.0
Northen Region,68.0,35.0
Southern Region,78.0,35.0
Western Region,84.0,35.0
National,86.0,35.0
Eastern Region,76.0,35.0
North-Eastern Region,63.0,35.0
Northen Region,68.0,35.0
Southern Region,78.0,35.0
Western Region,84.0,35.0
National,86.0,35.0
Eastern Region,76.0,35.0
North-Eastern Region,63.0,35.0
Northen Region,68.0,35.0
Southern Region,78.0,35.0
Western Region,84.0,35.0
National,86.0,35.0
Eastern Region,76.0,35.0
North-Eastern Region,63.0,35.0
Northen Region,68.0,35.0
Southern Region,78.0,35.0
Western Region,84.0,35.0
National,86.0,35.0
Eastern Region,76.0,35.0
North-Eastern Region,63.0,35.0
Northen Region,68.0,35.0
Southern Region,78.0,35.0
Western Region,84.0,35.0
National,86.0,35.0
Eastern Region,76.0,35.0
North-Eastern Region,63.0,35.0
Northen Region,68.0,35.0
Southern Region,78.0,35.0
Western Region,84.0,35.0
National,86.0,35.0
Eastern Region,76.0,35.0
North-Eastern Region,63.0,35.0
Northen Region,68.0,35.0
Southern Region,78.0,35.0
Western Region,84.0,35.0
National,86.0,35.0
Eastern Region,76.0,35.0
North-Eastern Region,63.0,35.0
Northen Region,68.0,35.0
Southern Region,78.0,35.0
Western Region,84.0,35.0
National,86.0,35.0
Eastern Region,76.0,35.0
North-Eastern Region,63.0,35.0
Northen Region,68.0,35.0
Southern Region,78.0,35.0
Western Region,84.0,35.0
National,86.0,35.0
Eastern Region,76.0,35.0
North-Eastern Region,63.0,35.0
Northen Region,68.0,35.0
Southern Region,78.0,35.0
Western Region,84.0,35.0
National,86.0,35.0
Eastern Region,76.0,35.0
North-Eastern Region,63.0,35.0
Northen Region,68.0,35.0
Southern Region,78.0,35.0
Western Region,84.0,35.0
National,86.0,35.0
Eastern Region,76.0,35.0
North-Eastern Region,63.0,35.0
Northen Region,68.0,35.0
Southern Region,78.0,35.0
Western Region,84.0,35.0
National,86.0,35.0
Eastern Region,76.0,35.0
North-Eastern Region,63.0,35.0
Northen Region,68.0,35.0
Southern Region,78.0,35.0
Western Region,84.0,35.0
National,86.0,35.0
Eastern Region,76.0,35.0
North-Eastern Region,63.0,35.0
Northen Region,68.0,35.0
Southern Region,78.0,35.0
Western Region,84.0,35.0
National,86.0,35.0
Eastern Region,76.0,35.0
North-Eastern Region,63.0,35.0
Northen Region,68.0,35.0
Southern Region,78.0,35.0
Western Region,84.0,35.0
National,86.0,35.0
Eastern Region,75.0,35.0
North-Eastern Region,63.0,35.0
Northen Region,68.0,35.0
Southern Region,78.0,35.0
Western Region,84.0,35.0
National,86.0,35.0
Eastern Region,75.0,35.0
North-Eastern Region,63.0,35.0
Northen Region,68.0,35.0
Southern Region,78.0,35.0
Western Region,84.0,35.0
National,86.0,35.0
Eastern Region,75.0,35.0
North-Eastern Region,63.0,35.0
Northen Region,68.0,35.0
Southern Region,78.0,35.0
Western Region,84.0,35.0
National,86.0,36.0
Eastern Region,75.0,36.0
North-Eastern Region,63.0,36.0
Northen Region,68.0,36.0
Southern Region,78.0,36.0
Western Region,84.0,36.0
National,86.0,36.0
Eastern Region,75.0,36.0
North-Eastern Region,63.0,36.0
Northen Region,68.0,36.0
Southern Region,78.0,36.0
Western Region,84.0,36.0
National,86.0,36.0
Eastern Region,75.0,36.0
North-Eastern Region,63.0,36.0
Northen Region,68.0,36.0
Southern Region,78.0,36.0
Western Region,84.0,36.0
National,86.0,36.0
Eastern Region,75.0,36.0
North-Eastern Region,63.0,36.0
Northen Region,68.0,36.0
Southern Region,78.0,36.0
Western Region,84.0,36.0
National,86.0,36.0
Eastern Region,75.0,36.0
North-Eastern Region,63.0,36.0
Northen Region,68.0,36.0
Southern Region,78.0,36.0
Western Region,84.0,36.0
National,86.0,36.0
Eastern Region,75.0,36.0
North-Eastern Region,63.0,36.0
Northen Region,68.0,36.0
Southern Region,78.0,36.0
Western Region,84.0,36.0
National,86.0,36.0
Eastern Region,75.0,36.0
North-Eastern Region,63.0,36.0
Northen Region,67.0,36.0
Southern Region,78.0,36.0
Western Region,84.0,36.0
National,86.0,36.0
Eastern Region,75.0,36.0
North-Eastern Region,63.0,36.0
Northen Region,67.0,36.0
Southern Region,78.0,36.0
Western Region,84.0,36.0
National,86.0,36.0
Eastern Region,75.0,36.0
North-Eastern Region,63.0,36.0
Northen Region,67.0,36.0
Southern Region,78.0,36.0
Western Region,84.0,36.0
National,86.0,36.0
Eastern Region,75.0,36.0
North-Eastern Region,63.0,36.0
Northen Region,67.0,36.0
Southern Region,78.0,36.0
Western Region,84.0,36.0
National,86.0,36.0
Eastern Region,75.0,36.0
North-Eastern Region,63.0,36.0
Northen Region,67.0,36.0
Southern Region,78.0,36.0
Western Region,84.0,36.0
National,86.0,36.0
Eastern Region,75.0,36.0
North-Eastern Region,63.0,36.0
Northen Region,67.0,36.0
Southern Region,78.0,36.0
Western Region,84.0,36.0
National,86.0,36.0
Eastern Region,75.0,36.0
North-Eastern Region,63.0,36.0
Northen Region,67.0,36.0
Southern Region,78.0,36.0
Western Region,84.0,36.0
National,86.0,36.0
Eastern Region,75.0,36.0
North-Eastern Region,63.0,36.0
Northen Region,67.0,36.0
Southern Region,78.0,36.0
Western Region,84.0,36.0
National,86.0,36.0
Eastern Region,75.0,36.0
North-Eastern Region,63.0,36.0
Northen Region,67.0,36.0
Southern Region,78.0,36.0
Western Region,84.0,36.0
National,86.0,36.0
Eastern Region,75.0,36.0
North-Eastern Region,63.0,36.0
Northen Region,67.0,36.0
Southern Region,78.0,36.0
Western Region,84.0,36.0
National,86.0,36.0
Eastern Region,75.0,36.0
North-Eastern Region,63.0,36.0
Northen Region,67.0,36.0
Southern Region,78.0,36.0
Western Region,84.0,36.0
National,86.0,36.0
Eastern Region,75.0,36.0
North-Eastern Region,63.0,36.0
Northen Region,67.0,36.0
Southern Region,78.0,36.0
Western Region,84.0,36.0
National,86.0,36.0
Eastern Region,75.0,36.0
North-Eastern Region,63.0,36.0
Northen Region,67.0,36.0
Southern Region,78.0,36.0
Western Region,84.0,36.0
National,86.0,36.0
Eastern Region,75.0,36.0
North-Eastern Region,63.0,36.0
Northen Region,67.0,36.0
Southern Region,78.0,36.0
Western Region,84.0,36.0
National,86.0,36.0
Eastern Region,75.0,36.0
North-Eastern Region,63.0,36.0
Northen Region,67.0,36.0
Southern Region,78.0,36.0
Western Region,84.0,36.0
National,86.0,36.0
Eastern Region,75.0,36.0
North-Eastern Region,63.0,36.0
Northen Region,67.0,36.0
Southern Region,78.0,36.0
Western Region,84.0,36.0
National,86.0,36.0
Eastern Region,75.0,36.0
North-Eastern Region,63.0,36.0
Northen Region,67.0,36.0
Southern Region,78.0,36.0
Western Region,84.0,36.0
National,86.0,36.0
Eastern Region,75.0,36.0
North-Eastern Region,63.0,36.0
Northen Region,67.0,36.0
Southern Region,78.0,36.0
Western Region,84.0,36.0
National,86.0,36.0
Eastern Region,75.0,36.0
North-Eastern Region,63.0,36.0
Northen Region,67.0,36.0
Southern Region,78.0,36.0
Western Region,84.0,36.0
National,86.0,36.0
Eastern Region,75.0,36.0
North-Eastern Region,63.0,36.0
Northen Region,67.0,36.0
Southern Region,78.0,36.0
Western Region,84.0,36.0
National,86.0,36.0
Eastern Region,75.0,36.0
North-Eastern Region,63.0,36.0
Northen Region,67.0,36.0
Southern Region,78.0,36.0
Western Region,84.0,36.0
National,86.0,36.0
Eastern Region,75.0,36.0
North-Eastern Region,63.0,36.0
Northen Region,67.0,36.0
Southern Region,78.0,36.0
Western Region,84.0,36.0
National,86.0,36.0
Eastern Region,75.0,36.0
North-Eastern Region,63.0,36.0
Northen Region,67.0,36.0
Southern Region,78.0,36.0
Western Region,84.0,36.0
National,86.0,36.0
Eastern Region,75.0,36.0
North-Eastern Region,63.0,36.0
Northen Region,67.0,36.0
Southern Region,78.0,36.0
Western Region,84.0,36.0
National,86.0,36.0
Eastern Region,75.0,36.0
North-Eastern Region,63.0,36.0
Northen Region,67.0,36.0
Southern Region,78.0,36.0
Western Region,84.0,36.0
National,86.0,36.0
Eastern Region,75.0,36.0
North-Eastern Region,63.0,36.0
Northen Region,67.0,36.0
Southern Region,78.0,36.0
Western Region,84.0,36.0
National,86.0,36.0
Eastern Region,75.0,36.0
North-Eastern Region,63.0,36.0
Northen Region,67.0,36.0
Southern Region,78.0,36.0
Western Region,84.0,36.0
National,86.0,36.0
Eastern Region,75.0,36.0
North-Eastern Region,63.0,36.0
Northen Region,67.0,36.0
Southern Region,78.0,36.0
Western Region,84.0,36.0
National,86.0,36.0
Eastern Region,75.0,36.0
North-Eastern Region,63.0,36.0
Northen Region,67.0,36.0
Southern Region,78.0,36.0
Western Region,84.0,36.0
National,86.0,36.0
Eastern Region,75.0,36.0
North-Eastern Region,63.0,36.0
Northen Region,67.0,36.0
Southern Region,78.0,36.0
Western Region,84.0,36.0
National,86.0,36.0
Eastern Region,75.0,36.0
North-Eastern Region,63.0,36.0
Northen Region,67.0,36.0
Southern Region,78.0,36.0
Western Region,84.0,36.0
National,86.0,36.0
Eastern Region,75.0,36.0
North-Eastern Region,63.0,36.0
Northen Region,67.0,36.0
Southern Region,78.0,36.0
Western Region,84.0,36.0
National,86.0,36.0
Eastern Region,75.0,36.0
North-Eastern Region,63.0,36.0
Northen Region,67.0,36.0
Southern Region,78.0,36.0
Western Region,84.0,36.0
National,86.0,36.0
Eastern Region,75.0,36.0
North-Eastern Region,63.0,36.0
Northen Region,67.0,36.0
Southern Region,78.0,36.0
Western Region,84.0,36.0
National,86.0,36.0
Eastern Region,75.0,36.0
North-Eastern Region,63.0,36.0
Northen Region,67.0,36.0
Southern Region,78.0,36.0
Western Region,84.0,36.0
National,86.0,36.0
Eastern Region,75.0,36.0
North-Eastern Region,63.0,36.0
Northen Region,67.0,36.0
Southern Region,78.0,36.0
Western Region,84.0,36.0
National,86.0,36.0
Eastern Region,75.0,36.0
North-Eastern Region,63.0,36.0
Northen Region,67.0,36.0
Southern Region,77.0,36.0
Western Region,84.0,36.0
National,86.0,37.0
Eastern Region,75.0,37.0
North-Eastern Region,63.0,37.0
Northen Region,67.0,37.0
Southern Region,77.0,37.0
Western Region,84.0,37.0
National,86.0,37.0
Eastern Region,75.0,37.0
North-Eastern Region,63.0,37.0
Northen Region,67.0,37.0
Southern Region,77.0,37.0
Western Region,84.0,37.0
National,86.0,37.0
Eastern Region,75.0,37.0
North-Eastern Region,63.0,37.0
Northen Region,67.0,37.0
Southern Region,77.0,37.0
Western Region,84.0,37.0
National,86.0,37.0
Eastern Region,75.0,37.0
North-Eastern Region,63.0,37.0
Northen Region,67.0,37.0
Southern Region,77.0,37.0
Western Region,84.0,37.0
National,86.0,37.0
Eastern Region,75.0,37.0
North-Eastern Region,63.0,37.0
Northen Region,67.0,37.0
Southern Region,77.0,37.0
Western Region,84.0,37.0
National,86.0,37.0
Eastern Region,75.0,37.0
North-Eastern Region,63.0,37.0
Northen Region,67.0,37.0
Southern Region,77.0,37.0
Western Region,84.0,37.0
National,86.0,37.0
Eastern Region,75.0,37.0
North-Eastern Region,63.0,37.0
Northen Region,67.0,37.0
Southern Region,77.0,37.0
Western Region,84.0,37.0
National,86.0,37.0
Eastern Region,75.0,37.0
North-Eastern Region,63.0,37.0
Northen Region,67.0,37.0
Southern Region,77.0,37.0
Western Region,84.0,37.0
National,86.0,37.0
Eastern Region,75.0,37.0
North-Eastern Region,63.0,37.0
Northen Region,67.0,37.0
Southern Region,77.0,37.0
Western Region,84.0,37.0
National,86.0,37.0
Eastern Region,75.0,37.0
North-Eastern Region,63.0,37.0
Northen Region,67.0,37.0
Southern Region,77.0,37.0
Western Region,84.0,37.0
National,86.0,37.0
Eastern Region,75.0,37.0
North-Eastern Region,63.0,37.0
Northen Region,67.0,37.0
Southern Region,77.0,37.0
Western Region,84.0,37.0
National,86.0,37.0
Eastern Region,75.0,37.0
North-Eastern Region,63.0,37.0
Northen Region,67.0,37.0
Southern Region,77.0,37.0
Western Region,84.0,37.0
National,86.0,37.0
Eastern Region,75.0,37.0
North-Eastern Region,63.0,37.0
Northen Region,67.0,37.0
Southern Region,77.0,37.0
Western Region,84.0,37.0
National,86.0,37.0
Eastern Region,75.0,37.0
North-Eastern Region,63.0,37.0
Northen Region,67.0,37.0
Southern Region,77.0,37.0
Western Region,84.0,37.0
National,86.0,37.0
Eastern Region,75.0,37.0
North-Eastern Region,63.0,37.0
Northen Region,67.0,37.0
Southern Region,77.0,37.0
Western Region,84.0,37.0
National,86.0,37.0
Eastern Region,75.0,37.0
North-Eastern Region,63.0,37.0
Northen Region,67.0,37.0
Southern Region,77.0,37.0
Western Region,84.0,37.0
National,86.0,37.0
Eastern Region,75.0,37.0
North-Eastern Region,63.0,37.0
Northen Region,67.0,37.0
Southern Region,77.0,37.0
Western Region,84.0,37.0
National,86.0,37.0
Eastern Region,75.0,37.0
North-Eastern Region,63.0,37.0
Northen Region,67.0,37.0
Southern Region,77.0,37.0
Western Region,84.0,37.0
National,86.0,37.0
Eastern Region,75.0,37.0
North-Eastern Region,63.0,37.0
Northen Region,67.0,37.0
Southern Region,77.0,37.0
Western Region,84.0,37.0
National,86.0,37.0
Eastern Region,75.0,37.0
North-Eastern Region,63.0,37.0
Northen Region,67.0,37.0
Southern Region,77.0,37.0
Western Region,84.0,37.0
National,86.0,37.0
Eastern Region,75.0,37.0
North-Eastern Region,63.0,37.0
Northen Region,67.0,37.0
Southern Region,77.0,37.0
Western Region,84.0,37.0
National,86.0,37.0
Eastern Region,75.0,37.0
North-Eastern Region,63.0,37.0
Northen Region,67.0,37.0
Southern Region,77.0,37.0
Western Region,84.0,37.0
National,86.0,37.0
Eastern Region,75.0,37.0
North-Eastern Region,63.0,37.0
Northen Region,67.0,37.0
Southern Region,77.0,37.0
Western Region,84.0,37.0
National,86.0,37.0
Eastern Region,75.0,37.0
North-Eastern Region,63.0,37.0
Northen Region,67.0,37.0
Southern Region,77.0,37.0
Western Region,84.0,37.0
National,86.0,37.0
Eastern Region,75.0,37.0
North-Eastern Region,63.0,37.0
Northen Region,67.0,37.0
Southern Region,77.0,37.0
Western Region,84.0,37.0
National,86.0,37.0
Eastern Region,75.0,37.0
North-Eastern Region,63.0,37.0
Northen Region,67.0,37.0
Southern Region,77.0,37.0
Western Region,84.0,37.0
National,86.0,37.0
Eastern Region,75.0,37.0
North-Eastern Region,63.0,37.0
Northen Region,67.0,37.0
Southern Region,77.0,37.0
Western Region,84.0,37.0
National,86.0,37.0
Eastern Region,75.0,37.0
North-Eastern Region,63.0,37.0
Northen Region,67.0,37.0
Southern Region,77.0,37.0
Western Region,84.0,37.0
National,86.0,37.0
Eastern Region,75.0,37.0
North-Eastern Region,63.0,37.0
Northen Region,67.0,37.0
Southern Region,77.0,37.0
Western Region,84.0,37.0
National,86.0,37.0
Eastern Region,75.0,37.0
North-Eastern Region,63.0,37.0
Northen Region,67.0,37.0
Southern Region,77.0,37.0
Western Region,84.0,37.0
National,86.0,37.0
Eastern Region,75.0,37.0
North-Eastern Region,63.0,37.0
Northen Region,67.0,37.0
Southern Region,77.0,37.0
Western Region,84.0,37.0
National,86.0,37.0
Eastern Region,75.0,37.0
North-Eastern Region,63.0,37.0
Northen Region,67.0,37.0
Southern Region,77.0,37.0
Western Region,84.0,37.0
National,86.0,37.0
Eastern Region,75.0,37.0
North-Eastern Region,63.0,37.0
Northen Region,67.0,37.0
Southern Region,77.0,37.0
Western Region,84.0,37.0
National,86.0,37.0
Eastern Region,75.0,37.0
North-Eastern Region,63.0,37.0
Northen Region,67.0,37.0
Southern Region,77.0,37.0
Western Region,84.0,37.0
National,86.0,37.0
Eastern Region,75.0,37.0
North-Eastern Region,63.0,37.0
Northen Region,67.0,37.0
Southern Region,77.0,37.0
Western Region,84.0,37.0
National,86.0,37.0
Eastern Region,75.0,37.0
North-Eastern Region,63.0,37.0
Northen Region,67.0,37.0
Southern Region,77.0,37.0
Western Region,84.0,37.0
National,86.0,37.0
Eastern Region,75.0,37.0
North-Eastern Region,63.0,37.0
Northen Region,67.0,37.0
Southern Region,77.0,37.0
Western Region,84.0,37.0
National,86.0,37.0
Eastern Region,75.0,37.0
North-Eastern Region,63.0,37.0
Northen Region,67.0,37.0
Southern Region,77.0,37.0
Western Region,84.0,37.0
National,86.0,37.0
Eastern Region,75.0,37.0
North-Eastern Region,63.0,37.0
Northen Region,67.0,37.0
Southern Region,77.0,37.0
Western Region,84.0,37.0
National,86.0,37.0
Eastern Region,75.0,37.0
North-Eastern Region,63.0,37.0
Northen Region,67.0,37.0
Southern Region,77.0,37.0
Western Region,84.0,37.0
National,86.0,37.0
Eastern Region,75.0,37.0
North-Eastern Region,63.0,37.0
Northen Region,67.0,37.0
Southern Region,77.0,37.0
Western Region,84.0,37.0
National,86.0,37.0
Eastern Region,75.0,37.0
North-Eastern Region,63.0,37.0
Northen Region,67.0,37.0
Southern Region,77.0,37.0
Western Region,84.0,37.0
National,86.0,37.0
Eastern Region,75.0,37.0
North-Eastern Region,63.0,37.0
Northen Region,67.0,37.0
Southern Region,77.0,37.0
Western Region,84.0,37.0
National,86.0,38.0
Eastern Region,75.0,38.0
North-Eastern Region,63.0,38.0
Northen Region,67.0,38.0
Southern Region,77.0,38.0
Western Region,84.0,38.0
National,86.0,38.0
Eastern Region,75.0,38.0
North-Eastern Region,63.0,38.0
Northen Region,67.0,38.0
Southern Region,77.0,38.0
Western Region,84.0,38.0
National,86.0,38.0
Eastern Region,75.0,38.0
North-Eastern Region,62.0,38.0
Northen Region,67.0,38.0
Southern Region,77.0,38.0
Western Region,84.0,38.0
National,86.0,38.0
Eastern Region,75.0,38.0
North-Eastern Region,62.0,38.0
Northen Region,67.0,38.0
Southern Region,77.0,38.0
Western Region,84.0,38.0
National,86.0,38.0
Eastern Region,75.0,38.0
North-Eastern Region,62.0,38.0
Northen Region,67.0,38.0
Southern Region,77.0,38.0
Western Region,84.0,38.0
National,86.0,38.0
Eastern Region,75.0,38.0
North-Eastern Region,62.0,38.0
Northen Region,67.0,38.0
Southern Region,77.0,38.0
Western Region,84.0,38.0
National,86.0,38.0
Eastern Region,75.0,38.0
North-Eastern Region,62.0,38.0
Northen Region,67.0,38.0
Southern Region,77.0,38.0
Western Region,84.0,38.0
National,86.0,38.0
Eastern Region,75.0,38.0
North-Eastern Region,62.0,38.0
Northen Region,67.0,38.0
Southern Region,77.0,38.0
Western Region,84.0,38.0
National,86.0,38.0
Eastern Region,75.0,38.0
North-Eastern Region,62.0,38.0
Northen Region,67.0,38.0
Southern Region,77.0,38.0
Western Region,84.0,38.0
National,86.0,38.0
Eastern Region,75.0,38.0
North-Eastern Region,62.0,38.0
Northen Region,67.0,38.0
Southern Region,77.0,38.0
Western Region,84.0,38.0
National,86.0,38.0
Eastern Region,75.0,38.0
North-Eastern Region,62.0,38.0
Northen Region,67.0,38.0
Southern Region,77.0,38.0
Western Region,84.0,38.0
National,86.0,38.0
Eastern Region,75.0,38.0
North-Eastern Region,62.0,38.0
Northen Region,67.0,38.0
Southern Region,77.0,38.0
Western Region,84.0,38.0
National,86.0,38.0
Eastern Region,75.0,38.0
North-Eastern Region,62.0,38.0
Northen Region,67.0,38.0
Southern Region,77.0,38.0
Western Region,84.0,38.0
National,86.0,38.0
Eastern Region,75.0,38.0
North-Eastern Region,62.0,38.0
Northen Region,67.0,38.0
Southern Region,77.0,38.0
Western Region,84.0,38.0
National,86.0,38.0
Eastern Region,75.0,38.0
North-Eastern Region,62.0,38.0
Northen Region,67.0,38.0
Southern Region,77.0,38.0
Western Region,84.0,38.0
National,86.0,38.0
Eastern Region,75.0,38.0
North-Eastern Region,62.0,38.0
Northen Region,67.0,38.0
Southern Region,77.0,38.0
Western Region,84.0,38.0
National,86.0,38.0
Eastern Region,75.0,38.0
North-Eastern Region,62.0,38.0
Northen Region,67.0,38.0
Southern Region,77.0,38.0
Western Region,84.0,38.0
National,86.0,38.0
Eastern Region,75.0,38.0
North-Eastern Region,62.0,38.0
Northen Region,67.0,38.0
Southern Region,77.0,38.0
Western Region,84.0,38.0
National,86.0,38.0
Eastern Region,75.0,38.0
North-Eastern Region,62.0,38.0
Northen Region,67.0,38.0
Southern Region,77.0,38.0
Western Region,84.0,38.0
National,86.0,38.0
Eastern Region,75.0,38.0
North-Eastern Region,62.0,38.0
Northen Region,67.0,38.0
Southern Region,77.0,38.0
Western Region,84.0,38.0
National,86.0,38.0
Eastern Region,75.0,38.0
North-Eastern Region,62.0,38.0
Northen Region,67.0,38.0
Southern Region,77.0,38.0
Western Region,84.0,38.0
National,86.0,38.0
Eastern Region,75.0,38.0
North-Eastern Region,62.0,38.0
Northen Region,67.0,38.0
Southern Region,77.0,38.0
Western Region,84.0,38.0
National,86.0,38.0
Eastern Region,75.0,38.0
North-Eastern Region,62.0,38.0
Northen Region,67.0,38.0
Southern Region,77.0,38.0
Western Region,84.0,38.0
National,86.0,38.0
Eastern Region,75.0,38.0
North-Eastern Region,62.0,38.0
Northen Region,67.0,38.0
Southern Region,77.0,38.0
Western Region,84.0,38.0
National,86.0,38.0
Eastern Region,75.0,38.0
North-Eastern Region,62.0,38.0
Northen Region,67.0,38.0
Southern Region,77.0,38.0
Western Region,83.0,38.0
National,86.0,38.0
Eastern Region,75.0,38.0
North-Eastern Region,62.0,38.0
Northen Region,67.0,38.0
Southern Region,77.0,38.0
Western Region,83.0,38.0
National,86.0,38.0
Eastern Region,75.0,38.0
North-Eastern Region,62.0,38.0
Northen Region,67.0,38.0
Southern Region,77.0,38.0
Western Region,83.0,38.0
National,86.0,38.0
Eastern Region,75.0,38.0
North-Eastern Region,62.0,38.0
Northen Region,67.0,38.0
Southern Region,77.0,38.0
Western Region,83.0,38.0
National,86.0,38.0
Eastern Region,75.0,38.0
North-Eastern Region,62.0,38.0
Northen Region,67.0,38.0
Southern Region,77.0,38.0
Western Region,83.0,38.0
National,86.0,38.0
Eastern Region,75.0,38.0
North-Eastern Region,62.0,38.0
Northen Region,67.0,38.0
Southern Region,77.0,38.0
Western Region,83.0,38.0
National,86.0,38.0
Eastern Region,75.0,38.0
North-Eastern Region,62.0,38.0
Northen Region,67.0,38.0
Southern Region,77.0,38.0
Western Region,83.0,38.0
National,86.0,38.0
Eastern Region,75.0,38.0
North-Eastern Region,62.0,38.0
Northen Region,67.0,38.0
Southern Region,77.0,38.0
Western Region,83.0,38.0
National,86.0,38.0
Eastern Region,75.0,38.0
North-Eastern Region,62.0,38.0
Northen Region,67.0,38.0
Southern Region,77.0,38.0
Western Region,83.0,38.0
National,86.0,38.0
Eastern Region,75.0,38.0
North-Eastern Region,62.0,38.0
Northen Region,67.0,38.0
Southern Region,77.0,38.0
Western Region,83.0,38.0
National,86.0,38.0
Eastern Region,75.0,38.0
North-Eastern Region,62.0,38.0
Northen Region,67.0,38.0
Southern Region,77.0,38.0
Western Region,83.0,38.0
National,86.0,38.0
Eastern Region,75.0,38.0
North-Eastern Region,62.0,38.0
Northen Region,67.0,38.0
Southern Region,77.0,38.0
Western Region,83.0,38.0
National,86.0,38.0
Eastern Region,75.0,38.0
North-Eastern Region,62.0,38.0
Northen Region,67.0,38.0
Southern Region,77.0,38.0
Western Region,83.0,38.0
National,86.0,38.0
Eastern Region,74.0,38.0
North-Eastern Region,62.0,38.0
Northen Region,67.0,38.0
Southern Region,77.0,38.0
Western Region,83.0,38.0
National,86.0,38.0
Eastern Region,74.0,38.0
North-Eastern Region,62.0,38.0
Northen Region,67.0,38.0
Southern Region,77.0,38.0
Western Region,83.0,38.0
National,86.0,38.0
Eastern Region,74.0,38.0
North-Eastern Region,62.0,38.0
Northen Region,67.0,38.0
Southern Region,77.0,38.0
Western Region,83.0,38.0
National,86.0,38.0
Eastern Region,74.0,38.0
North-Eastern Region,62.0,38.0
Northen Region,67.0,38.0
Southern Region,77.0,38.0
Western Region,83.0,38.0
National,86.0,38.0
Eastern Region,74.0,38.0
North-Eastern Region,62.0,38.0
Northen Region,67.0,38.0
Southern Region,77.0,38.0
Western Region,83.0,38.0
National,86.0,38.0
Eastern Region,74.0,38.0
North-Eastern Region,62.0,38.0
Northen Region,66.0,38.0
Southern Region,77.0,38.0
Western Region,83.0,38.0
National,86.0,38.0
Eastern Region,74.0,38.0
North-Eastern Region,62.0,38.0
Northen Region,66.0,38.0
Southern Region,77.0,38.0
Western Region,83.0,38.0
National,86.0,39.0
Eastern Region,74.0,39.0
North-Eastern Region,62.0,39.0
Northen Region,66.0,39.0
Southern Region,77.0,39.0
Western Region,83.0,39.0
National,86.0,39.0
Eastern Region,74.0,39.0
North-Eastern Region,62.0,39.0
Northen Region,66.0,39.0
Southern Region,77.0,39.0
Western Region,83.0,39.0
National,86.0,39.0
Eastern Region,74.0,39.0
North-Eastern Region,62.0,39.0
Northen Region,66.0,39.0
Southern Region,77.0,39.0
Western Region,83.0,39.0
National,86.0,39.0
Eastern Region,74.0,39.0
North-Eastern Region,62.0,39.0
Northen Region,66.0,39.0
Southern Region,77.0,39.0
Western Region,83.0,39.0
National,86.0,39.0
Eastern Region,74.0,39.0
North-Eastern Region,62.0,39.0
Northen Region,66.0,39.0
Southern Region,77.0,39.0
Western Region,83.0,39.0
National,86.0,39.0
Eastern Region,74.0,39.0
North-Eastern Region,62.0,39.0
Northen Region,66.0,39.0
Southern Region,77.0,39.0
Western Region,83.0,39.0
National,86.0,39.0
Eastern Region,74.0,39.0
North-Eastern Region,62.0,39.0
Northen Region,66.0,39.0
Southern Region,77.0,39.0
Western Region,83.0,39.0
National,86.0,39.0
Eastern Region,74.0,39.0
North-Eastern Region,62.0,39.0
Northen Region,66.0,39.0
Southern Region,77.0,39.0
Western Region,83.0,39.0
National,86.0,39.0
Eastern Region,74.0,39.0
North-Eastern Region,62.0,39.0
Northen Region,66.0,39.0
Southern Region,77.0,39.0
Western Region,83.0,39.0
National,86.0,39.0
Eastern Region,74.0,39.0
North-Eastern Region,62.0,39.0
Northen Region,66.0,39.0
Southern Region,77.0,39.0
Western Region,83.0,39.0
National,86.0,39.0
Eastern Region,74.0,39.0
North-Eastern Region,62.0,39.0
Northen Region,66.0,39.0
Southern Region,77.0,39.0
Western Region,83.0,39.0
National,86.0,39.0
Eastern Region,74.0,39.0
North-Eastern Region,62.0,39.0
Northen Region,66.0,39.0
Southern Region,77.0,39.0
Western Region,83.0,39.0
National,86.0,39.0
Eastern Region,74.0,39.0
North-Eastern Region,62.0,39.0
Northen Region,66.0,39.0
Southern Region,77.0,39.0
Western Region,83.0,39.0
National,86.0,39.0
Eastern Region,74.0,39.0
North-Eastern Region,62.0,39.0
Northen Region,66.0,39.0
Southern Region,77.0,39.0
Western Region,83.0,39.0
National,86.0,39.0
Eastern Region,74.0,39.0
North-Eastern Region,62.0,39.0
Northen Region,66.0,39.0
Southern Region,77.0,39.0
Western Region,83.0,39.0
National,86.0,39.0
Eastern Region,74.0,39.0
North-Eastern Region,62.0,39.0
Northen Region,66.0,39.0
Southern Region,77.0,39.0
Western Region,83.0,39.0
National,86.0,39.0
Eastern Region,74.0,39.0
North-Eastern Region,62.0,39.0
Northen Region,66.0,39.0
Southern Region,77.0,39.0
Western Region,83.0,39.0
National,86.0,39.0
Eastern Region,74.0,39.0
North-Eastern Region,62.0,39.0
Northen Region,66.0,39.0
Southern Region,77.0,39.0
Western Region,83.0,39.0
National,86.0,39.0
Eastern Region,74.0,39.0
North-Eastern Region,62.0,39.0
Northen Region,66.0,39.0
Southern Region,77.0,39.0
Western Region,83.0,39.0
National,86.0,39.0
Eastern Region,74.0,39.0
North-Eastern Region,62.0,39.0
Northen Region,66.0,39.0
Southern Region,77.0,39.0
Western Region,83.0,39.0
National,86.0,39.0
Eastern Region,74.0,39.0
North-Eastern Region,62.0,39.0
Northen Region,66.0,39.0
Southern Region,77.0,39.0
Western Region,83.0,39.0
National,86.0,39.0
Eastern Region,74.0,39.0
North-Eastern Region,62.0,39.0
Northen Region,66.0,39.0
Southern Region,77.0,39.0
Western Region,83.0,39.0
National,86.0,39.0
Eastern Region,74.0,39.0
North-Eastern Region,62.0,39.0
Northen Region,66.0,39.0
Southern Region,77.0,39.0
Western Region,83.0,39.0
National,86.0,39.0
Eastern Region,74.0,39.0
North-Eastern Region,62.0,39.0
Northen Region,66.0,39.0
Southern Region,77.0,39.0
Western Region,83.0,39.0
National,86.0,39.0
Eastern Region,74.0,39.0
North-Eastern Region,62.0,39.0
Northen Region,66.0,39.0
Southern Region,77.0,39.0
Western Region,83.0,39.0
National,86.0,39.0
Eastern Region,74.0,39.0
North-Eastern Region,62.0,39.0
Northen Region,66.0,39.0
Southern Region,77.0,39.0
Western Region,83.0,39.0
National,86.0,39.0
Eastern Region,74.0,39.0
North-Eastern Region,62.0,39.0
Northen Region,66.0,39.0
Southern Region,77.0,39.0
Western Region,83.0,39.0
National,86.0,39.0
Eastern Region,74.0,39.0
North-Eastern Region,62.0,39.0
Northen Region,66.0,39.0
Southern Region,77.0,39.0
Western Region,83.0,39.0
National,86.0,39.0
Eastern Region,74.0,39.0
North-Eastern Region,62.0,39.0
Northen Region,66.0,39.0
Southern Region,77.0,39.0
Western Region,83.0,39.0
National,86.0,39.0
Eastern Region,74.0,39.0
North-Eastern Region,62.0,39.0
Northen Region,66.0,39.0
Southern Region,77.0,39.0
Western Region,83.0,39.0
National,86.0,39.0
Eastern Region,74.0,39.0
North-Eastern Region,62.0,39.0
Northen Region,66.0,39.0
Southern Region,77.0,39.0
Western Region,83.0,39.0
National,86.0,39.0
Eastern Region,74.0,39.0
North-Eastern Region,62.0,39.0
Northen Region,66.0,39.0
Southern Region,77.0,39.0
Western Region,83.0,39.0
National,86.0,39.0
Eastern Region,74.0,39.0
North-Eastern Region,62.0,39.0
Northen Region,66.0,39.0
Southern Region,77.0,39.0
Western Region,83.0,39.0
National,86.0,39.0
Eastern Region,74.0,39.0
North-Eastern Region,62.0,39.0
Northen Region,66.0,39.0
Southern Region,77.0,39.0
Western Region,83.0,39.0
National,86.0,39.0
Eastern Region,74.0,39.0
North-Eastern Region,62.0,39.0
Northen Region,66.0,39.0
Southern Region,77.0,39.0
Western Region,83.0,39.0
National,86.0,39.0
Eastern Region,74.0,39.0
North-Eastern Region,62.0,39.0
Northen Region,66.0,39.0
Southern Region,77.0,39.0
Western Region,83.0,39.0
National,86.0,39.0
Eastern Region,74.0,39.0
North-Eastern Region,62.0,39.0
Northen Region,66.0,39.0
Southern Region,77.0,39.0
Western Region,83.0,39.0
National,86.0,39.0
Eastern Region,74.0,39.0
North-Eastern Region,62.0,39.0
Northen Region,66.0,39.0
Southern Region,77.0,39.0
Western Region,83.0,39.0
National,86.0,39.0
Eastern Region,74.0,39.0
North-Eastern Region,62.0,39.0
Northen Region,66.0,39.0
Southern Region,77.0,39.0
Western Region,83.0,39.0
National,86.0,39.0
Eastern Region,74.0,39.0
North-Eastern Region,62.0,39.0
Northen Region,66.0,39.0
Southern Region,77.0,39.0
Western Region,83.0,39.0
National,86.0,39.0
Eastern Region,74.0,39.0
North-Eastern Region,62.0,39.0
Northen Region,66.0,39.0
Southern Region,77.0,39.0
Western Region,83.0,39.0
National,86.0,39.0
Eastern Region,74.0,39.0
North-Eastern Region,62.0,39.0
Northen Region,66.0,39.0
Southern Region,77.0,39.0
Western Region,83.0,39.0
National,86.0,39.0
Eastern Region,74.0,39.0
North-Eastern Region,62.0,39.0
Northen Region,66.0,39.0
Southern Region,77.0,39.0
Western Region,83.0,39.0
National,86.0,40.0
Eastern Region,74.0,40.0
North-Eastern Region,62.0,40.0
Northen Region,66.0,40.0
Southern Region,77.0,40.0
Western Region,83.0,40.0
National,85.0,40.0
Eastern Region,74.0,40.0
North-Eastern Region,62.0,40.0
Northen Region,66.0,40.0
Southern Region,77.0,40.0
Western Region,83.0,40.0
National,85.0,40.0
Eastern Region,74.0,40.0
North-Eastern Region,62.0,40.0
Northen Region,66.0,40.0
Southern Region,77.0,40.0
Western Region,83.0,40.0
National,85.0,40.0
Eastern Region,74.0,40.0
North-Eastern Region,62.0,40.0
Northen Region,66.0,40.0
Southern Region,77.0,40.0
Western Region,83.0,40.0
National,85.0,40.0
Eastern Region,74.0,40.0
North-Eastern Region,62.0,40.0
Northen Region,66.0,40.0
Southern Region,77.0,40.0
Western Region,83.0,40.0
National,85.0,40.0
Eastern Region,74.0,40.0
North-Eastern Region,62.0,40.0
Northen Region,66.0,40.0
Southern Region,77.0,40.0
Western Region,83.0,40.0
National,85.0,40.0
Eastern Region,74.0,40.0
North-Eastern Region,62.0,40.0
Northen Region,66.0,40.0
Southern Region,77.0,40.0
Western Region,83.0,40.0
National,85.0,40.0
Eastern Region,74.0,40.0
North-Eastern Region,62.0,40.0
Northen Region,66.0,40.0
Southern Region,77.0,40.0
Western Region,83.0,40.0
National,85.0,40.0
Eastern Region,74.0,40.0
North-Eastern Region,62.0,40.0
Northen Region,66.0,40.0
Southern Region,77.0,40.0
Western Region,83.0,40.0
National,85.0,40.0
Eastern Region,74.0,40.0
North-Eastern Region,62.0,40.0
Northen Region,66.0,40.0
Southern Region,77.0,40.0
Western Region,83.0,40.0
National,85.0,40.0
Eastern Region,74.0,40.0
North-Eastern Region,62.0,40.0
Northen Region,66.0,40.0
Southern Region,77.0,40.0
Western Region,83.0,40.0
National,85.0,40.0
Eastern Region,74.0,40.0
North-Eastern Region,62.0,40.0
Northen Region,66.0,40.0
Southern Region,77.0,40.0
Western Region,83.0,40.0
National,85.0,40.0
Eastern Region,74.0,40.0
North-Eastern Region,62.0,40.0
Northen Region,66.0,40.0
Southern Region,77.0,40.0
Western Region,83.0,40.0
National,85.0,40.0
Eastern Region,74.0,40.0
North-Eastern Region,62.0,40.0
Northen Region,66.0,40.0
Southern Region,77.0,40.0
Western Region,83.0,40.0
National,85.0,40.0
Eastern Region,74.0,40.0
North-Eastern Region,62.0,40.0
Northen Region,66.0,40.0
Southern Region,77.0,40.0
Western Region,83.0,40.0
National,85.0,40.0
Eastern Region,74.0,40.0
North-Eastern Region,62.0,40.0
Northen Region,66.0,40.0
Southern Region,77.0,40.0
Western Region,83.0,40.0
National,85.0,40.0
Eastern Region,74.0,40.0
North-Eastern Region,62.0,40.0
Northen Region,66.0,40.0
Southern Region,77.0,40.0
Western Region,83.0,40.0
National,85.0,40.0
Eastern Region,74.0,40.0
North-Eastern Region,62.0,40.0
Northen Region,66.0,40.0
Southern Region,77.0,40.0
Western Region,83.0,40.0
National,85.0,40.0
Eastern Region,74.0,40.0
North-Eastern Region,62.0,40.0
Northen Region,66.0,40.0
Southern Region,77.0,40.0
Western Region,83.0,40.0
National,85.0,40.0
Eastern Region,74.0,40.0
North-Eastern Region,62.0,40.0
Northen Region,66.0,40.0
Southern Region,77.0,40.0
Western Region,83.0,40.0
National,85.0,40.0
Eastern Region,74.0,40.0
North-Eastern Region,62.0,40.0
Northen Region,66.0,40.0
Southern Region,77.0,40.0
Western Region,83.0,40.0
National,85.0,40.0
Eastern Region,74.0,40.0
North-Eastern Region,62.0,40.0
Northen Region,66.0,40.0
Southern Region,77.0,40.0
Western Region,83.0,40.0
National,85.0,40.0
Eastern Region,74.0,40.0
North-Eastern Region,62.0,40.0
Northen Region,66.0,40.0
Southern Region,77.0,40.0
Western Region,83.0,40.0
National,85.0,40.0
Eastern Region,74.0,40.0
North-Eastern Region,62.0,40.0
Northen Region,66.0,40.0
Southern Region,77.0,40.0
Western Region,83.0,40.0
National,85.0,40.0
Eastern Region,74.0,40.0
North-Eastern Region,62.0,40.0
Northen Region,66.0,40.0
Southern Region,77.0,40.0
Western Region,83.0,40.0
National,85.0,40.0
Eastern Region,74.0,40.0
North-Eastern Region,62.0,40.0
Northen Region,66.0,40.0
Southern Region,77.0,40.0
Western Region,83.0,40.0
National,85.0,40.0
Eastern Region,74.0,40.0
North-Eastern Region,62.0,40.0
Northen Region,66.0,40.0
Southern Region,77.0,40.0
Western Region,83.0,40.0
National,85.0,40.0
Eastern Region,74.0,40.0
North-Eastern Region,62.0,40.0
Northen Region,66.0,40.0
Southern Region,77.0,40.0
Western Region,83.0,40.0
National,85.0,40.0
Eastern Region,74.0,40.0
North-Eastern Region,62.0,40.0
Northen Region,66.0,40.0
Southern Region,77.0,40.0
Western Region,83.0,40.0
National,85.0,40.0
Eastern Region,74.0,40.0
North-Eastern Region,62.0,40.0
Northen Region,66.0,40.0
Southern Region,77.0,40.0
Western Region,83.0,40.0
National,85.0,40.0
Eastern Region,74.0,40.0
North-Eastern Region,62.0,40.0
Northen Region,66.0,40.0
Southern Region,77.0,40.0
Western Region,83.0,40.0
National,85.0,40.0
Eastern Region,74.0,40.0
North-Eastern Region,61.0,40.0
Northen Region,66.0,40.0
Southern Region,76.0,40.0
Western Region,83.0,40.0
National,85.0,40.0
Eastern Region,74.0,40.0
North-Eastern Region,61.0,40.0
Northen Region,66.0,40.0
Southern Region,76.0,40.0
Western Region,83.0,40.0
National,85.0,40.0
Eastern Region,74.0,40.0
North-Eastern Region,61.0,40.0
Northen Region,66.0,40.0
Southern Region,76.0,40.0
Western Region,83.0,40.0
National,85.0,40.0
Eastern Region,74.0,40.0
North-Eastern Region,61.0,40.0
Northen Region,66.0,40.0
Southern Region,76.0,40.0
Western Region,83.0,40.0
National,85.0,40.0
Eastern Region,74.0,40.0
North-Eastern Region,61.0,40.0
Northen Region,66.0,40.0
Southern Region,76.0,40.0
Western Region,83.0,40.0
National,85.0,40.0
Eastern Region,74.0,40.0
North-Eastern Region,61.0,40.0
Northen Region,66.0,40.0
Southern Region,76.0,40.0
Western Region,83.0,40.0
National,85.0,40.0
Eastern Region,74.0,40.0
North-Eastern Region,61.0,40.0
Northen Region,66.0,40.0
Southern Region,76.0,40.0
Western Region,83.0,40.0
National,85.0,40.0
Eastern Region,74.0,40.0
North-Eastern Region,61.0,40.0
Northen Region,66.0,40.0
Southern Region,76.0,40.0
Western Region,83.0,40.0
National,85.0,40.0
Eastern Region,74.0,40.0
North-Eastern Region,61.0,40.0
Northen Region,66.0,40.0
Southern Region,76.0,40.0
Western Region,83.0,40.0
National,85.0,40.0
Eastern Region,74.0,40.0
North-Eastern Region,61.0,40.0
Northen Region,66.0,40.0
Southern Region,76.0,40.0
Western Region,83.0,40.0
National,85.0,40.0
Eastern Region,74.0,40.0
North-Eastern Region,61.0,40.0
Northen Region,66.0,40.0
Southern Region,76.0,40.0
Western Region,83.0,40.0
National,85.0,40.0
Eastern Region,74.0,40.0
North-Eastern Region,61.0,40.0
Northen Region,66.0,40.0
Southern Region,76.0,40.0
Western Region,83.0,40.0
National,85.0,40.0
Eastern Region,74.0,40.0
North-Eastern Region,61.0,40.0
Northen Region,66.0,40.0
Southern Region,76.0,40.0
Western Region,83.0,40.0
National,85.0,41.0
Eastern Region,74.0,41.0
North-Eastern Region,61.0,41.0
Northen Region,66.0,41.0
Southern Region,76.0,41.0
Western Region,83.0,41.0
National,85.0,41.0
Eastern Region,74.0,41.0
North-Eastern Region,61.0,41.0
Northen Region,66.0,41.0
Southern Region,76.0,41.0
Western Region,83.0,41.0
National,85.0,41.0
Eastern Region,74.0,41.0
North-Eastern Region,61.0,41.0
Northen Region,66.0,41.0
Southern Region,76.0,41.0
Western Region,83.0,41.0
National,85.0,41.0
Eastern Region,74.0,41.0
North-Eastern Region,61.0,41.0
Northen Region,66.0,41.0
Southern Region,76.0,41.0
Western Region,83.0,41.0
National,85.0,41.0
Eastern Region,74.0,41.0
North-Eastern Region,61.0,41.0
Northen Region,66.0,41.0
Southern Region,76.0,41.0
Western Region,83.0,41.0
National,85.0,41.0
Eastern Region,74.0,41.0
North-Eastern Region,61.0,41.0
Northen Region,66.0,41.0
Southern Region,76.0,41.0
Western Region,83.0,41.0
National,85.0,41.0
Eastern Region,74.0,41.0
North-Eastern Region,61.0,41.0
Northen Region,66.0,41.0
Southern Region,76.0,41.0
Western Region,83.0,41.0
National,85.0,41.0
Eastern Region,74.0,41.0
North-Eastern Region,61.0,41.0
Northen Region,66.0,41.0
Southern Region,76.0,41.0
Western Region,83.0,41.0
National,85.0,41.0
Eastern Region,74.0,41.0
North-Eastern Region,61.0,41.0
Northen Region,66.0,41.0
Southern Region,76.0,41.0
Western Region,83.0,41.0
National,85.0,41.0
Eastern Region,74.0,41.0
North-Eastern Region,61.0,41.0
Northen Region,66.0,41.0
Southern Region,76.0,41.0
Western Region,83.0,41.0
National,85.0,41.0
Eastern Region,74.0,41.0
North-Eastern Region,61.0,41.0
Northen Region,66.0,41.0
Southern Region,76.0,41.0
Western Region,83.0,41.0
National,85.0,41.0
Eastern Region,74.0,41.0
North-Eastern Region,61.0,41.0
Northen Region,66.0,41.0
Southern Region,76.0,41.0
Western Region,83.0,41.0
National,85.0,41.0
Eastern Region,74.0,41.0
North-Eastern Region,61.0,41.0
Northen Region,66.0,41.0
Southern Region,76.0,41.0
Western Region,83.0,41.0
National,85.0,41.0
Eastern Region,74.0,41.0
North-Eastern Region,61.0,41.0
Northen Region,66.0,41.0
Southern Region,76.0,41.0
Western Region,83.0,41.0
National,85.0,41.0
Eastern Region,74.0,41.0
North-Eastern Region,61.0,41.0
Northen Region,66.0,41.0
Southern Region,76.0,41.0
Western Region,83.0,41.0
National,85.0,41.0
Eastern Region,74.0,41.0
North-Eastern Region,61.0,41.0
Northen Region,66.0,41.0
Southern Region,76.0,41.0
Western Region,83.0,41.0
National,85.0,41.0
Eastern Region,74.0,41.0
North-Eastern Region,61.0,41.0
Northen Region,66.0,41.0
Southern Region,76.0,41.0
Western Region,83.0,41.0
National,85.0,41.0
Eastern Region,74.0,41.0
North-Eastern Region,61.0,41.0
Northen Region,66.0,41.0
Southern Region,76.0,41.0
Western Region,83.0,41.0
National,85.0,41.0
Eastern Region,74.0,41.0
North-Eastern Region,61.0,41.0
Northen Region,66.0,41.0
Southern Region,76.0,41.0
Western Region,83.0,41.0
National,85.0,41.0
Eastern Region,74.0,41.0
North-Eastern Region,61.0,41.0
Northen Region,66.0,41.0
Southern Region,76.0,41.0
Western Region,83.0,41.0
National,85.0,41.0
Eastern Region,74.0,41.0
North-Eastern Region,61.0,41.0
Northen Region,66.0,41.0
Southern Region,76.0,41.0
Western Region,83.0,41.0
National,85.0,41.0
Eastern Region,74.0,41.0
North-Eastern Region,61.0,41.0
Northen Region,66.0,41.0
Southern Region,76.0,41.0
Western Region,83.0,41.0
National,85.0,41.0
Eastern Region,74.0,41.0
North-Eastern Region,61.0,41.0
Northen Region,66.0,41.0
Southern Region,76.0,41.0
Western Region,83.0,41.0
National,85.0,41.0
Eastern Region,74.0,41.0
North-Eastern Region,61.0,41.0
Northen Region,66.0,41.0
Southern Region,76.0,41.0
Western Region,83.0,41.0
National,85.0,41.0
Eastern Region,74.0,41.0
North-Eastern Region,61.0,41.0
Northen Region,66.0,41.0
Southern Region,76.0,41.0
Western Region,83.0,41.0
National,85.0,41.0
Eastern Region,73.0,41.0
North-Eastern Region,61.0,41.0
Northen Region,66.0,41.0
Southern Region,76.0,41.0
Western Region,83.0,41.0
National,85.0,41.0
Eastern Region,73.0,41.0
North-Eastern Region,61.0,41.0
Northen Region,66.0,41.0
Southern Region,76.0,41.0
Western Region,83.0,41.0
National,85.0,41.0
Eastern Region,73.0,41.0
North-Eastern Region,61.0,41.0
Northen Region,66.0,41.0
Southern Region,76.0,41.0
Western Region,83.0,41.0
National,85.0,41.0
Eastern Region,73.0,41.0
North-Eastern Region,61.0,41.0
Northen Region,66.0,41.0
Southern Region,76.0,41.0
Western Region,83.0,41.0
National,85.0,41.0
Eastern Region,73.0,41.0
North-Eastern Region,61.0,41.0
Northen Region,66.0,41.0
Southern Region,76.0,41.0
Western Region,83.0,41.0
National,85.0,41.0
Eastern Region,73.0,41.0
North-Eastern Region,61.0,41.0
Northen Region,66.0,41.0
Southern Region,76.0,41.0
Western Region,83.0,41.0
National,85.0,41.0
Eastern Region,73.0,41.0
North-Eastern Region,61.0,41.0
Northen Region,66.0,41.0
Southern Region,76.0,41.0
Western Region,83.0,41.0
National,85.0,41.0
Eastern Region,73.0,41.0
North-Eastern Region,61.0,41.0
Northen Region,66.0,41.0
Southern Region,76.0,41.0
Western Region,83.0,41.0
National,85.0,41.0
Eastern Region,73.0,41.0
North-Eastern Region,61.0,41.0
Northen Region,66.0,41.0
Southern Region,76.0,41.0
Western Region,83.0,41.0
National,85.0,41.0
Eastern Region,73.0,41.0
North-Eastern Region,61.0,41.0
Northen Region,66.0,41.0
Southern Region,76.0,41.0
Western Region,83.0,41.0
National,85.0,41.0
Eastern Region,73.0,41.0
North-Eastern Region,61.0,41.0
Northen Region,66.0,41.0
Southern Region,76.0,41.0
Western Region,83.0,41.0
National,85.0,41.0
Eastern Region,73.0,41.0
North-Eastern Region,61.0,41.0
Northen Region,66.0,41.0
Southern Region,76.0,41.0
Western Region,83.0,41.0
National,85.0,41.0
Eastern Region,73.0,41.0
North-Eastern Region,61.0,41.0
Northen Region,66.0,41.0
Southern Region,76.0,41.0
Western Region,83.0,41.0
National,85.0,41.0
Eastern Region,73.0,41.0
North-Eastern Region,61.0,41.0
Northen Region,66.0,41.0
Southern Region,76.0,41.0
Western Region,83.0,41.0
National,85.0,41.0
Eastern Region,73.0,41.0
North-Eastern Region,61.0,41.0
Northen Region,66.0,41.0
Southern Region,76.0,41.0
Western Region,83.0,41.0
National,85.0,41.0
Eastern Region,73.0,41.0
North-Eastern Region,61.0,41.0
Northen Region,65.0,41.0
Southern Region,76.0,41.0
Western Region,83.0,41.0
National,85.0,41.0
Eastern Region,73.0,41.0
North-Eastern Region,61.0,41.0
Northen Region,65.0,41.0
Southern Region,76.0,41.0
Western Region,83.0,41.0
National,85.0,41.0
Eastern Region,73.0,41.0
North-Eastern Region,61.0,41.0
Northen Region,65.0,41.0
Southern Region,76.0,41.0
Western Region,83.0,41.0
National,85.0,42.0
Eastern Region,73.0,42.0
North-Eastern Region,61.0,42.0
Northen Region,65.0,42.0
Southern Region,76.0,42.0
Western Region,83.0,42.0
National,85.0,42.0
Eastern Region,73.0,42.0
North-Eastern Region,61.0,42.0
Northen Region,65.0,42.0
Southern Region,76.0,42.0
Western Region,83.0,42.0
National,85.0,42.0
Eastern Region,73.0,42.0
North-Eastern Region,61.0,42.0
Northen Region,65.0,42.0
Southern Region,76.0,42.0
Western Region,83.0,42.0
National,85.0,42.0
Eastern Region,73.0,42.0
North-Eastern Region,61.0,42.0
Northen Region,65.0,42.0
Southern Region,76.0,42.0
Western Region,82.0,42.0
National,85.0,42.0
Eastern Region,73.0,42.0
North-Eastern Region,61.0,42.0
Northen Region,65.0,42.0
Southern Region,76.0,42.0
Western Region,82.0,42.0
National,85.0,42.0
Eastern Region,73.0,42.0
North-Eastern Region,61.0,42.0
Northen Region,65.0,42.0
Southern Region,76.0,42.0
Western Region,82.0,42.0
National,85.0,42.0
Eastern Region,73.0,42.0
North-Eastern Region,61.0,42.0
Northen Region,65.0,42.0
Southern Region,76.0,42.0
Western Region,82.0,42.0
National,85.0,42.0
Eastern Region,73.0,42.0
North-Eastern Region,61.0,42.0
Northen Region,65.0,42.0
Southern Region,76.0,42.0
Western Region,82.0,42.0
National,85.0,42.0
Eastern Region,73.0,42.0
North-Eastern Region,61.0,42.0
Northen Region,65.0,42.0
Southern Region,76.0,42.0
Western Region,82.0,42.0
National,85.0,42.0
Eastern Region,73.0,42.0
North-Eastern Region,61.0,42.0
Northen Region,65.0,42.0
Southern Region,76.0,42.0
Western Region,82.0,42.0
National,85.0,42.0
Eastern Region,73.0,42.0
North-Eastern Region,61.0,42.0
Northen Region,65.0,42.0
Southern Region,76.0,42.0
Western Region,82.0,42.0
National,85.0,42.0
Eastern Region,73.0,42.0
North-Eastern Region,61.0,42.0
Northen Region,65.0,42.0
Southern Region,76.0,42.0
Western Region,82.0,42.0
National,85.0,42.0
Eastern Region,73.0,42.0
North-Eastern Region,61.0,42.0
Northen Region,65.0,42.0
Southern Region,76.0,42.0
Western Region,82.0,42.0
National,85.0,42.0
Eastern Region,73.0,42.0
North-Eastern Region,61.0,42.0
Northen Region,65.0,42.0
Southern Region,76.0,42.0
Western Region,82.0,42.0
National,85.0,42.0
Eastern Region,73.0,42.0
North-Eastern Region,61.0,42.0
Northen Region,65.0,42.0
Southern Region,76.0,42.0
Western Region,82.0,42.0
National,85.0,42.0
Eastern Region,73.0,42.0
North-Eastern Region,61.0,42.0
Northen Region,65.0,42.0
Southern Region,76.0,42.0
Western Region,82.0,42.0
National,85.0,42.0
Eastern Region,73.0,42.0
North-Eastern Region,61.0,42.0
Northen Region,65.0,42.0
Southern Region,76.0,42.0
Western Region,82.0,42.0
National,85.0,42.0
Eastern Region,73.0,42.0
North-Eastern Region,61.0,42.0
Northen Region,65.0,42.0
Southern Region,76.0,42.0
Western Region,82.0,42.0
National,85.0,42.0
Eastern Region,73.0,42.0
North-Eastern Region,61.0,42.0
Northen Region,65.0,42.0
Southern Region,76.0,42.0
Western Region,82.0,42.0
National,85.0,42.0
Eastern Region,73.0,42.0
North-Eastern Region,61.0,42.0
Northen Region,65.0,42.0
Southern Region,76.0,42.0
Western Region,82.0,42.0
National,85.0,42.0
Eastern Region,73.0,42.0
North-Eastern Region,61.0,42.0
Northen Region,65.0,42.0
Southern Region,76.0,42.0
Western Region,82.0,42.0
National,85.0,42.0
Eastern Region,73.0,42.0
North-Eastern Region,61.0,42.0
Northen Region,65.0,42.0
Southern Region,76.0,42.0
Western Region,82.0,42.0
National,85.0,42.0
Eastern Region,73.0,42.0
North-Eastern Region,61.0,42.0
Northen Region,65.0,42.0
Southern Region,76.0,42.0
Western Region,82.0,42.0
National,85.0,42.0
Eastern Region,73.0,42.0
North-Eastern Region,61.0,42.0
Northen Region,65.0,42.0
Southern Region,76.0,42.0
Western Region,82.0,42.0
National,85.0,42.0
Eastern Region,73.0,42.0
North-Eastern Region,61.0,42.0
Northen Region,65.0,42.0
Southern Region,76.0,42.0
Western Region,82.0,42.0
National,85.0,42.0
Eastern Region,73.0,42.0
North-Eastern Region,61.0,42.0
Northen Region,65.0,42.0
Southern Region,76.0,42.0
Western Region,82.0,42.0
National,85.0,42.0
Eastern Region,73.0,42.0
North-Eastern Region,61.0,42.0
Northen Region,65.0,42.0
Southern Region,76.0,42.0
Western Region,82.0,42.0
National,85.0,42.0
Eastern Region,73.0,42.0
North-Eastern Region,61.0,42.0
Northen Region,65.0,42.0
Southern Region,76.0,42.0
Western Region,82.0,42.0
National,85.0,42.0
Eastern Region,73.0,42.0
North-Eastern Region,61.0,42.0
Northen Region,65.0,42.0
Southern Region,76.0,42.0
Western Region,82.0,42.0
National,85.0,42.0
Eastern Region,73.0,42.0
North-Eastern Region,61.0,42.0
Northen Region,65.0,42.0
Southern Region,76.0,42.0
Western Region,82.0,42.0
National,85.0,42.0
Eastern Region,73.0,42.0
North-Eastern Region,61.0,42.0
Northen Region,65.0,42.0
Southern Region,76.0,42.0
Western Region,82.0,42.0
National,85.0,42.0
Eastern Region,73.0,42.0
North-Eastern Region,61.0,42.0
Northen Region,65.0,42.0
Southern Region,76.0,42.0
Western Region,82.0,42.0
National,85.0,42.0
Eastern Region,73.0,42.0
North-Eastern Region,61.0,42.0
Northen Region,65.0,42.0
Southern Region,76.0,42.0
Western Region,82.0,42.0
National,85.0,42.0
Eastern Region,73.0,42.0
North-Eastern Region,61.0,42.0
Northen Region,65.0,42.0
Southern Region,76.0,42.0
Western Region,82.0,42.0
National,85.0,42.0
Eastern Region,73.0,42.0
North-Eastern Region,61.0,42.0
Northen Region,65.0,42.0
Southern Region,76.0,42.0
Western Region,82.0,42.0
National,85.0,42.0
Eastern Region,73.0,42.0
North-Eastern Region,61.0,42.0
Northen Region,65.0,42.0
Southern Region,76.0,42.0
Western Region,82.0,42.0
National,85.0,42.0
Eastern Region,73.0,42.0
North-Eastern Region,61.0,42.0
Northen Region,65.0,42.0
Southern Region,76.0,42.0
Western Region,82.0,42.0
National,85.0,42.0
Eastern Region,73.0,42.0
North-Eastern Region,61.0,42.0
Northen Region,65.0,42.0
Southern Region,76.0,42.0
Western Region,82.0,42.0
National,85.0,42.0
Eastern Region,73.0,42.0
North-Eastern Region,61.0,42.0
Northen Region,65.0,42.0
Southern Region,76.0,42.0
Western Region,82.0,42.0
National,85.0,42.0
Eastern Region,73.0,42.0
North-Eastern Region,61.0,42.0
Northen Region,65.0,42.0
Southern Region,76.0,42.0
Western Region,82.0,42.0
National,85.0,42.0
Eastern Region,73.0,42.0
North-Eastern Region,61.0,42.0
Northen Region,65.0,42.0
Southern Region,76.0,42.0
Western Region,82.0,42.0
National,85.0,42.0
Eastern Region,73.0,42.0
North-Eastern Region,61.0,42.0
Northen Region,65.0,42.0
Southern Region,76.0,42.0
Western Region,82.0,42.0
National,85.0,42.0
Eastern Region,73.0,42.0
North-Eastern Region,61.0,42.0
Northen Region,65.0,42.0
Southern Region,76.0,42.0
Western Region,82.0,42.0
National,85.0,42.0
Eastern Region,73.0,42.0
North-Eastern Region,61.0,42.0
Northen Region,65.0,42.0
Southern Region,76.0,42.0
Western Region,82.0,42.0
National,85.0,43.0
Eastern Region,73.0,43.0
North-Eastern Region,61.0,43.0
Northen Region,65.0,43.0
Southern Region,76.0,43.0
Western Region,82.0,43.0
National,85.0,43.0
Eastern Region,73.0,43.0
North-Eastern Region,61.0,43.0
Northen Region,65.0,43.0
Southern Region,76.0,43.0
Western Region,82.0,43.0
National,85.0,43.0
Eastern Region,73.0,43.0
North-Eastern Region,61.0,43.0
Northen Region,65.0,43.0
Southern Region,76.0,43.0
Western Region,82.0,43.0
National,85.0,43.0
Eastern Region,73.0,43.0
North-Eastern Region,60.0,43.0
Northen Region,65.0,43.0
Southern Region,76.0,43.0
Western Region,82.0,43.0
National,85.0,43.0
Eastern Region,73.0,43.0
North-Eastern Region,60.0,43.0
Northen Region,65.0,43.0
Southern Region,76.0,43.0
Western Region,82.0,43.0
National,85.0,43.0
Eastern Region,73.0,43.0
North-Eastern Region,60.0,43.0
Northen Region,65.0,43.0
Southern Region,76.0,43.0
Western Region,82.0,43.0
National,85.0,43.0
Eastern Region,73.0,43.0
North-Eastern Region,60.0,43.0
Northen Region,65.0,43.0
Southern Region,76.0,43.0
Western Region,82.0,43.0
National,85.0,43.0
Eastern Region,73.0,43.0
North-Eastern Region,60.0,43.0
Northen Region,65.0,43.0
Southern Region,76.0,43.0
Western Region,82.0,43.0
National,85.0,43.0
Eastern Region,73.0,43.0
North-Eastern Region,60.0,43.0
Northen Region,65.0,43.0
Southern Region,76.0,43.0
Western Region,82.0,43.0
National,85.0,43.0
Eastern Region,73.0,43.0
North-Eastern Region,60.0,43.0
Northen Region,65.0,43.0
Southern Region,76.0,43.0
Western Region,82.0,43.0
National,85.0,43.0
Eastern Region,73.0,43.0
North-Eastern Region,60.0,43.0
Northen Region,65.0,43.0
Southern Region,76.0,43.0
Western Region,82.0,43.0
National,85.0,43.0
Eastern Region,73.0,43.0
North-Eastern Region,60.0,43.0
Northen Region,65.0,43.0
Southern Region,76.0,43.0
Western Region,82.0,43.0
National,85.0,43.0
Eastern Region,73.0,43.0
North-Eastern Region,60.0,43.0
Northen Region,65.0,43.0
Southern Region,76.0,43.0
Western Region,82.0,43.0
National,85.0,43.0
Eastern Region,73.0,43.0
North-Eastern Region,60.0,43.0
Northen Region,65.0,43.0
Southern Region,76.0,43.0
Western Region,82.0,43.0
National,85.0,43.0
Eastern Region,73.0,43.0
North-Eastern Region,60.0,43.0
Northen Region,65.0,43.0
Southern Region,76.0,43.0
Western Region,82.0,43.0
National,85.0,43.0
Eastern Region,73.0,43.0
North-Eastern Region,60.0,43.0
Northen Region,65.0,43.0
Southern Region,76.0,43.0
Western Region,82.0,43.0
National,85.0,43.0
Eastern Region,73.0,43.0
North-Eastern Region,60.0,43.0
Northen Region,65.0,43.0
Southern Region,76.0,43.0
Western Region,82.0,43.0
National,85.0,43.0
Eastern Region,73.0,43.0
North-Eastern Region,60.0,43.0
Northen Region,65.0,43.0
Southern Region,76.0,43.0
Western Region,82.0,43.0
National,85.0,43.0
Eastern Region,73.0,43.0
North-Eastern Region,60.0,43.0
Northen Region,65.0,43.0
Southern Region,76.0,43.0
Western Region,82.0,43.0
National,85.0,43.0
Eastern Region,73.0,43.0
North-Eastern Region,60.0,43.0
Northen Region,65.0,43.0
Southern Region,76.0,43.0
Western Region,82.0,43.0
National,85.0,43.0
Eastern Region,73.0,43.0
North-Eastern Region,60.0,43.0
Northen Region,65.0,43.0
Southern Region,76.0,43.0
Western Region,82.0,43.0
National,85.0,43.0
Eastern Region,73.0,43.0
North-Eastern Region,60.0,43.0
Northen Region,65.0,43.0
Southern Region,76.0,43.0
Western Region,82.0,43.0
National,85.0,43.0
Eastern Region,73.0,43.0
North-Eastern Region,60.0,43.0
Northen Region,65.0,43.0
Southern Region,76.0,43.0
Western Region,82.0,43.0
National,85.0,43.0
Eastern Region,73.0,43.0
North-Eastern Region,60.0,43.0
Northen Region,65.0,43.0
Southern Region,76.0,43.0
Western Region,82.0,43.0
National,85.0,43.0
Eastern Region,73.0,43.0
North-Eastern Region,60.0,43.0
Northen Region,65.0,43.0
Southern Region,76.0,43.0
Western Region,82.0,43.0
National,85.0,43.0
Eastern Region,73.0,43.0
North-Eastern Region,60.0,43.0
Northen Region,65.0,43.0
Southern Region,76.0,43.0
Western Region,82.0,43.0
National,85.0,43.0
Eastern Region,73.0,43.0
North-Eastern Region,60.0,43.0
Northen Region,65.0,43.0
Southern Region,76.0,43.0
Western Region,82.0,43.0
National,85.0,43.0
Eastern Region,73.0,43.0
North-Eastern Region,60.0,43.0
Northen Region,65.0,43.0
Southern Region,76.0,43.0
Western Region,82.0,43.0
National,85.0,43.0
Eastern Region,73.0,43.0
North-Eastern Region,60.0,43.0
Northen Region,65.0,43.0
Southern Region,76.0,43.0
Western Region,82.0,43.0
National,85.0,43.0
Eastern Region,73.0,43.0
North-Eastern Region,60.0,43.0
Northen Region,65.0,43.0
Southern Region,76.0,43.0
Western Region,82.0,43.0
National,85.0,43.0
Eastern Region,73.0,43.0
North-Eastern Region,60.0,43.0
Northen Region,65.0,43.0
Southern Region,76.0,43.0
Western Region,82.0,43.0
National,85.0,43.0
Eastern Region,73.0,43.0
North-Eastern Region,60.0,43.0
Northen Region,65.0,43.0
Southern Region,76.0,43.0
Western Region,82.0,43.0
National,85.0,43.0
Eastern Region,73.0,43.0
North-Eastern Region,60.0,43.0
Northen Region,65.0,43.0
Southern Region,76.0,43.0
Western Region,82.0,43.0
National,85.0,43.0
Eastern Region,73.0,43.0
North-Eastern Region,60.0,43.0
Northen Region,65.0,43.0
Southern Region,76.0,43.0
Western Region,82.0,43.0
National,85.0,43.0
Eastern Region,73.0,43.0
North-Eastern Region,60.0,43.0
Northen Region,65.0,43.0
Southern Region,76.0,43.0
Western Region,82.0,43.0
National,85.0,43.0
Eastern Region,73.0,43.0
North-Eastern Region,60.0,43.0
Northen Region,65.0,43.0
Southern Region,76.0,43.0
Western Region,82.0,43.0
National,85.0,43.0
Eastern Region,73.0,43.0
North-Eastern Region,60.0,43.0
Northen Region,65.0,43.0
Southern Region,76.0,43.0
Western Region,82.0,43.0
National,85.0,43.0
Eastern Region,73.0,43.0
North-Eastern Region,60.0,43.0
Northen Region,65.0,43.0
Southern Region,76.0,43.0
Western Region,82.0,43.0
National,85.0,43.0
Eastern Region,73.0,43.0
North-Eastern Region,60.0,43.0
Northen Region,65.0,43.0
Southern Region,76.0,43.0
Western Region,82.0,43.0
National,85.0,43.0
Eastern Region,73.0,43.0
North-Eastern Region,60.0,43.0
Northen Region,65.0,43.0
Southern Region,76.0,43.0
Western Region,82.0,43.0
National,85.0,43.0
Eastern Region,73.0,43.0
North-Eastern Region,60.0,43.0
Northen Region,65.0,43.0
Southern Region,76.0,43.0
Western Region,82.0,43.0
National,85.0,43.0
Eastern Region,73.0,43.0
North-Eastern Region,60.0,43.0
Northen Region,65.0,43.0
Southern Region,76.0,43.0
Western Region,82.0,43.0
National,85.0,43.0
Eastern Region,73.0,43.0
North-Eastern Region,60.0,43.0
Northen Region,65.0,43.0
Southern Region,76.0,43.0
Western Region,82.0,43.0
National,85.0,44.0
Eastern Region,73.0,44.0
North-Eastern Region,60.0,44.0
Northen Region,65.0,44.0
Southern Region,76.0,44.0
Western Region,82.0,44.0
National,85.0,44.0
Eastern Region,73.0,44.0
North-Eastern Region,60.0,44.0
Northen Region,65.0,44.0
Southern Region,76.0,44.0
Western Region,82.0,44.0
National,85.0,44.0
Eastern Region,73.0,44.0
North-Eastern Region,60.0,44.0
Northen Region,65.0,44.0
Southern Region,76.0,44.0
Western Region,82.0,44.0
National,85.0,44.0
Eastern Region,73.0,44.0
North-Eastern Region,60.0,44.0
Northen Region,65.0,44.0
Southern Region,76.0,44.0
Western Region,82.0,44.0
National,85.0,44.0
Eastern Region,73.0,44.0
North-Eastern Region,60.0,44.0
Northen Region,65.0,44.0
Southern Region,76.0,44.0
Western Region,82.0,44.0
National,85.0,44.0
Eastern Region,73.0,44.0
North-Eastern Region,60.0,44.0
Northen Region,65.0,44.0
Southern Region,76.0,44.0
Western Region,82.0,44.0
National,85.0,44.0
Eastern Region,73.0,44.0
North-Eastern Region,60.0,44.0
Northen Region,65.0,44.0
Southern Region,76.0,44.0
Western Region,82.0,44.0
National,85.0,44.0
Eastern Region,73.0,44.0
North-Eastern Region,60.0,44.0
Northen Region,65.0,44.0
Southern Region,76.0,44.0
Western Region,82.0,44.0
National,85.0,44.0
Eastern Region,73.0,44.0
North-Eastern Region,60.0,44.0
Northen Region,65.0,44.0
Southern Region,75.0,44.0
Western Region,82.0,44.0
National,85.0,44.0
Eastern Region,73.0,44.0
North-Eastern Region,60.0,44.0
Northen Region,65.0,44.0
Southern Region,75.0,44.0
Western Region,82.0,44.0
National,85.0,44.0
Eastern Region,73.0,44.0
North-Eastern Region,60.0,44.0
Northen Region,65.0,44.0
Southern Region,75.0,44.0
Western Region,82.0,44.0
National,85.0,44.0
Eastern Region,73.0,44.0
North-Eastern Region,60.0,44.0
Northen Region,65.0,44.0
Southern Region,75.0,44.0
Western Region,82.0,44.0
National,85.0,44.0
Eastern Region,73.0,44.0
North-Eastern Region,60.0,44.0
Northen Region,65.0,44.0
Southern Region,75.0,44.0
Western Region,82.0,44.0
National,85.0,44.0
Eastern Region,73.0,44.0
North-Eastern Region,60.0,44.0
Northen Region,65.0,44.0
Southern Region,75.0,44.0
Western Region,82.0,44.0
National,85.0,44.0
Eastern Region,73.0,44.0
North-Eastern Region,60.0,44.0
Northen Region,65.0,44.0
Southern Region,75.0,44.0
Western Region,82.0,44.0
National,85.0,44.0
Eastern Region,73.0,44.0
North-Eastern Region,60.0,44.0
Northen Region,65.0,44.0
Southern Region,75.0,44.0
Western Region,82.0,44.0
National,85.0,44.0
Eastern Region,73.0,44.0
North-Eastern Region,60.0,44.0
Northen Region,65.0,44.0
Southern Region,75.0,44.0
Western Region,82.0,44.0
National,85.0,44.0
Eastern Region,73.0,44.0
North-Eastern Region,60.0,44.0
Northen Region,65.0,44.0
Southern Region,75.0,44.0
Western Region,82.0,44.0
National,85.0,44.0
Eastern Region,73.0,44.0
North-Eastern Region,60.0,44.0
Northen Region,65.0,44.0
Southern Region,75.0,44.0
Western Region,82.0,44.0
National,85.0,44.0
Eastern Region,73.0,44.0
North-Eastern Region,60.0,44.0
Northen Region,65.0,44.0
Southern Region,75.0,44.0
Western Region,82.0,44.0
National,85.0,44.0
Eastern Region,72.0,44.0
North-Eastern Region,60.0,44.0
Northen Region,65.0,44.0
Southern Region,75.0,44.0
Western Region,82.0,44.0
National,85.0,44.0
Eastern Region,72.0,44.0
North-Eastern Region,60.0,44.0
Northen Region,65.0,44.0
Southern Region,75.0,44.0
Western Region,82.0,44.0
National,85.0,44.0
Eastern Region,72.0,44.0
North-Eastern Region,60.0,44.0
Northen Region,65.0,44.0
Southern Region,75.0,44.0
Western Region,82.0,44.0
National,85.0,44.0
Eastern Region,72.0,44.0
North-Eastern Region,60.0,44.0
Northen Region,65.0,44.0
Southern Region,75.0,44.0
Western Region,82.0,44.0
National,85.0,44.0
Eastern Region,72.0,44.0
North-Eastern Region,60.0,44.0
Northen Region,65.0,44.0
Southern Region,75.0,44.0
Western Region,82.0,44.0
National,85.0,44.0
Eastern Region,72.0,44.0
North-Eastern Region,60.0,44.0
Northen Region,65.0,44.0
Southern Region,75.0,44.0
Western Region,82.0,44.0
National,85.0,44.0
Eastern Region,72.0,44.0
North-Eastern Region,60.0,44.0
Northen Region,65.0,44.0
Southern Region,75.0,44.0
Western Region,82.0,44.0
National,85.0,44.0
Eastern Region,72.0,44.0
North-Eastern Region,60.0,44.0
Northen Region,65.0,44.0
Southern Region,75.0,44.0
Western Region,82.0,44.0
National,85.0,44.0
Eastern Region,72.0,44.0
North-Eastern Region,60.0,44.0
Northen Region,65.0,44.0
Southern Region,75.0,44.0
Western Region,82.0,44.0
National,85.0,44.0
Eastern Region,72.0,44.0
North-Eastern Region,60.0,44.0
Northen Region,65.0,44.0
Southern Region,75.0,44.0
Western Region,82.0,44.0
National,85.0,44.0
Eastern Region,72.0,44.0
North-Eastern Region,60.0,44.0
Northen Region,65.0,44.0
Southern Region,75.0,44.0
Western Region,82.0,44.0
National,85.0,44.0
Eastern Region,72.0,44.0
North-Eastern Region,60.0,44.0
Northen Region,65.0,44.0
Southern Region,75.0,44.0
Western Region,82.0,44.0
National,85.0,44.0
Eastern Region,72.0,44.0
North-Eastern Region,60.0,44.0
Northen Region,65.0,44.0
Southern Region,75.0,44.0
Western Region,82.0,44.0
National,85.0,44.0
Eastern Region,72.0,44.0
North-Eastern Region,60.0,44.0
Northen Region,65.0,44.0
Southern Region,75.0,44.0
Western Region,82.0,44.0
National,85.0,44.0
Eastern Region,72.0,44.0
North-Eastern Region,60.0,44.0
Northen Region,65.0,44.0
Southern Region,75.0,44.0
Western Region,82.0,44.0
National,85.0,44.0
Eastern Region,72.0,44.0
North-Eastern Region,60.0,44.0
Northen Region,65.0,44.0
Southern Region,75.0,44.0
Western Region,82.0,44.0
National,85.0,44.0
Eastern Region,72.0,44.0
North-Eastern Region,60.0,44.0
Northen Region,65.0,44.0
Southern Region,75.0,44.0
Western Region,82.0,44.0
National,85.0,44.0
Eastern Region,72.0,44.0
North-Eastern Region,60.0,44.0
Northen Region,65.0,44.0
Southern Region,75.0,44.0
Western Region,82.0,44.0
National,85.0,44.0
Eastern Region,72.0,44.0
North-Eastern Region,60.0,44.0
Northen Region,65.0,44.0
Southern Region,75.0,44.0
Western Region,82.0,44.0
National,85.0,44.0
Eastern Region,72.0,44.0
North-Eastern Region,60.0,44.0
Northen Region,65.0,44.0
Southern Region,75.0,44.0
Western Region,82.0,44.0
National,85.0,44.0
Eastern Region,72.0,44.0
North-Eastern Region,60.0,44.0
Northen Region,65.0,44.0
Southern Region,75.0,44.0
Western Region,82.0,44.0
National,85.0,44.0
Eastern Region,72.0,44.0
North-Eastern Region,60.0,44.0
Northen Region,65.0,44.0
Southern Region,75.0,44.0
Western Region,82.0,44.0
National,85.0,44.0
Eastern Region,72.0,44.0
North-Eastern Region,60.0,44.0
Northen Region,65.0,44.0
Southern Region,75.0,44.0
Western Region,82.0,44.0
National,85.0,44.0
Eastern Region,72.0,44.0
North-Eastern Region,60.0,44.0
Northen Region,65.0,44.0
Southern Region,75.0,44.0
Western Region,82.0,44.0
National,85.0,45.0
Eastern Region,72.0,45.0
North-Eastern Region,60.0,45.0
Northen Region,65.0,45.0
Southern Region,75.0,45.0
Western Region,82.0,45.0
National,85.0,45.0
Eastern Region,72.0,45.0
North-Eastern Region,60.0,45.0
Northen Region,65.0,45.0
Southern Region,75.0,45.0
Western Region,82.0,45.0
National,85.0,45.0
Eastern Region,72.0,45.0
North-Eastern Region,60.0,45.0
Northen Region,65.0,45.0
Southern Region,75.0,45.0
Western Region,82.0,45.0
National,85.0,45.0
Eastern Region,72.0,45.0
North-Eastern Region,60.0,45.0
Northen Region,65.0,45.0
Southern Region,75.0,45.0
Western Region,82.0,45.0
National,85.0,45.0
Eastern Region,72.0,45.0
North-Eastern Region,60.0,45.0
Northen Region,65.0,45.0
Southern Region,75.0,45.0
Western Region,82.0,45.0
National,85.0,45.0
Eastern Region,72.0,45.0
North-Eastern Region,60.0,45.0
Northen Region,65.0,45.0
Southern Region,75.0,45.0
Western Region,82.0,45.0
National,85.0,45.0
Eastern Region,72.0,45.0
North-Eastern Region,60.0,45.0
Northen Region,65.0,45.0
Southern Region,75.0,45.0
Western Region,82.0,45.0
National,85.0,45.0
Eastern Region,72.0,45.0
North-Eastern Region,60.0,45.0
Northen Region,65.0,45.0
Southern Region,75.0,45.0
Western Region,82.0,45.0
National,85.0,45.0
Eastern Region,72.0,45.0
North-Eastern Region,60.0,45.0
Northen Region,65.0,45.0
Southern Region,75.0,45.0
Western Region,82.0,45.0
National,85.0,45.0
Eastern Region,72.0,45.0
North-Eastern Region,60.0,45.0
Northen Region,65.0,45.0
Southern Region,75.0,45.0
Western Region,82.0,45.0
National,85.0,45.0
Eastern Region,72.0,45.0
North-Eastern Region,60.0,45.0
Northen Region,64.0,45.0
Southern Region,75.0,45.0
Western Region,82.0,45.0
National,85.0,45.0
Eastern Region,72.0,45.0
North-Eastern Region,60.0,45.0
Northen Region,64.0,45.0
Southern Region,75.0,45.0
Western Region,82.0,45.0
National,85.0,45.0
Eastern Region,72.0,45.0
North-Eastern Region,60.0,45.0
Northen Region,64.0,45.0
Southern Region,75.0,45.0
Western Region,82.0,45.0
National,85.0,45.0
Eastern Region,72.0,45.0
North-Eastern Region,60.0,45.0
Northen Region,64.0,45.0
Southern Region,75.0,45.0
Western Region,82.0,45.0
National,85.0,45.0
Eastern Region,72.0,45.0
North-Eastern Region,60.0,45.0
Northen Region,64.0,45.0
Southern Region,75.0,45.0
Western Region,82.0,45.0
National,85.0,45.0
Eastern Region,72.0,45.0
North-Eastern Region,60.0,45.0
Northen Region,64.0,45.0
Southern Region,75.0,45.0
Western Region,82.0,45.0
National,85.0,45.0
Eastern Region,72.0,45.0
North-Eastern Region,60.0,45.0
Northen Region,64.0,45.0
Southern Region,75.0,45.0
Western Region,82.0,45.0
National,85.0,45.0
Eastern Region,72.0,45.0
North-Eastern Region,60.0,45.0
Northen Region,64.0,45.0
Southern Region,75.0,45.0
Western Region,82.0,45.0
National,85.0,45.0
Eastern Region,72.0,45.0
North-Eastern Region,60.0,45.0
Northen Region,64.0,45.0
Southern Region,75.0,45.0
Western Region,82.0,45.0
National,85.0,45.0
Eastern Region,72.0,45.0
North-Eastern Region,60.0,45.0
Northen Region,64.0,45.0
Southern Region,75.0,45.0
Western Region,82.0,45.0
National,85.0,45.0
Eastern Region,72.0,45.0
North-Eastern Region,60.0,45.0
Northen Region,64.0,45.0
Southern Region,75.0,45.0
Western Region,82.0,45.0
National,85.0,45.0
Eastern Region,72.0,45.0
North-Eastern Region,60.0,45.0
Northen Region,64.0,45.0
Southern Region,75.0,45.0
Western Region,82.0,45.0
National,85.0,45.0
Eastern Region,72.0,45.0
North-Eastern Region,60.0,45.0
Northen Region,64.0,45.0
Southern Region,75.0,45.0
Western Region,82.0,45.0
National,85.0,45.0
Eastern Region,72.0,45.0
North-Eastern Region,60.0,45.0
Northen Region,64.0,45.0
Southern Region,75.0,45.0
Western Region,82.0,45.0
National,85.0,45.0
Eastern Region,72.0,45.0
North-Eastern Region,60.0,45.0
Northen Region,64.0,45.0
Southern Region,75.0,45.0
Western Region,82.0,45.0
National,85.0,45.0
Eastern Region,72.0,45.0
North-Eastern Region,60.0,45.0
Northen Region,64.0,45.0
Southern Region,75.0,45.0
Western Region,82.0,45.0
National,85.0,45.0
Eastern Region,72.0,45.0
North-Eastern Region,60.0,45.0
Northen Region,64.0,45.0
Southern Region,75.0,45.0
Western Region,82.0,45.0
National,85.0,45.0
Eastern Region,72.0,45.0
North-Eastern Region,60.0,45.0
Northen Region,64.0,45.0
Southern Region,75.0,45.0
Western Region,82.0,45.0
National,85.0,45.0
Eastern Region,72.0,45.0
North-Eastern Region,60.0,45.0
Northen Region,64.0,45.0
Southern Region,75.0,45.0
Western Region,82.0,45.0
National,85.0,45.0
Eastern Region,72.0,45.0
North-Eastern Region,60.0,45.0
Northen Region,64.0,45.0
Southern Region,75.0,45.0
Western Region,82.0,45.0
National,85.0,45.0
Eastern Region,72.0,45.0
North-Eastern Region,60.0,45.0
Northen Region,64.0,45.0
Southern Region,75.0,45.0
Western Region,82.0,45.0
National,85.0,45.0
Eastern Region,72.0,45.0
North-Eastern Region,60.0,45.0
Northen Region,64.0,45.0
Southern Region,75.0,45.0
Western Region,82.0,45.0
National,85.0,45.0
Eastern Region,72.0,45.0
North-Eastern Region,60.0,45.0
Northen Region,64.0,45.0
Southern Region,75.0,45.0
Western Region,82.0,45.0
National,85.0,45.0
Eastern Region,72.0,45.0
North-Eastern Region,60.0,45.0
Northen Region,64.0,45.0
Southern Region,75.0,45.0
Western Region,82.0,45.0
National,85.0,45.0
Eastern Region,72.0,45.0
North-Eastern Region,60.0,45.0
Northen Region,64.0,45.0
Southern Region,75.0,45.0
Western Region,82.0,45.0
National,85.0,45.0
Eastern Region,72.0,45.0
North-Eastern Region,60.0,45.0
Northen Region,64.0,45.0
Southern Region,75.0,45.0
Western Region,81.0,45.0
National,85.0,45.0
Eastern Region,72.0,45.0
North-Eastern Region,60.0,45.0
Northen Region,64.0,45.0
Southern Region,75.0,45.0
Western Region,81.0,45.0
National,85.0,45.0
Eastern Region,72.0,45.0
North-Eastern Region,60.0,45.0
Northen Region,64.0,45.0
Southern Region,75.0,45.0
Western Region,81.0,45.0
National,85.0,45.0
Eastern Region,72.0,45.0
North-Eastern Region,60.0,45.0
Northen Region,64.0,45.0
Southern Region,75.0,45.0
Western Region,81.0,45.0
National,85.0,45.0
Eastern Region,72.0,45.0
North-Eastern Region,60.0,45.0
Northen Region,64.0,45.0
Southern Region,75.0,45.0
Western Region,81.0,45.0
National,85.0,45.0
Eastern Region,72.0,45.0
North-Eastern Region,60.0,45.0
Northen Region,64.0,45.0
Southern Region,75.0,45.0
Western Region,81.0,45.0
National,84.0,45.0
Eastern Region,72.0,45.0
North-Eastern Region,60.0,45.0
Northen Region,64.0,45.0
Southern Region,75.0,45.0
Western Region,81.0,45.0
National,84.0,45.0
Eastern Region,72.0,45.0
North-Eastern Region,60.0,45.0
Northen Region,64.0,45.0
Southern Region,75.0,45.0
Western Region,81.0,45.0
National,84.0,46.0
Eastern Region,72.0,46.0
North-Eastern Region,60.0,46.0
Northen Region,64.0,46.0
Southern Region,75.0,46.0
Western Region,81.0,46.0
National,84.0,46.0
Eastern Region,72.0,46.0
North-Eastern Region,60.0,46.0
Northen Region,64.0,46.0
Southern Region,75.0,46.0
Western Region,81.0,46.0
National,84.0,46.0
Eastern Region,72.0,46.0
North-Eastern Region,60.0,46.0
Northen Region,64.0,46.0
Southern Region,75.0,46.0
Western Region,81.0,46.0
National,84.0,46.0
Eastern Region,72.0,46.0
North-Eastern Region,60.0,46.0
Northen Region,64.0,46.0
Southern Region,75.0,46.0
Western Region,81.0,46.0
National,84.0,46.0
Eastern Region,72.0,46.0
North-Eastern Region,59.0,46.0
Northen Region,64.0,46.0
Southern Region,75.0,46.0
Western Region,81.0,46.0
National,84.0,46.0
Eastern Region,72.0,46.0
North-Eastern Region,59.0,46.0
Northen Region,64.0,46.0
Southern Region,75.0,46.0
Western Region,81.0,46.0
National,84.0,46.0
Eastern Region,72.0,46.0
North-Eastern Region,59.0,46.0
Northen Region,64.0,46.0
Southern Region,75.0,46.0
Western Region,81.0,46.0
National,84.0,46.0
Eastern Region,72.0,46.0
North-Eastern Region,59.0,46.0
Northen Region,64.0,46.0
Southern Region,75.0,46.0
Western Region,81.0,46.0
National,84.0,46.0
Eastern Region,72.0,46.0
North-Eastern Region,59.0,46.0
Northen Region,64.0,46.0
Southern Region,75.0,46.0
Western Region,81.0,46.0
National,84.0,46.0
Eastern Region,72.0,46.0
North-Eastern Region,59.0,46.0
Northen Region,64.0,46.0
Southern Region,75.0,46.0
Western Region,81.0,46.0
National,84.0,46.0
Eastern Region,72.0,46.0
North-Eastern Region,59.0,46.0
Northen Region,64.0,46.0
Southern Region,75.0,46.0
Western Region,81.0,46.0
National,84.0,46.0
Eastern Region,72.0,46.0
North-Eastern Region,59.0,46.0
Northen Region,64.0,46.0
Southern Region,75.0,46.0
Western Region,81.0,46.0
National,84.0,46.0
Eastern Region,72.0,46.0
North-Eastern Region,59.0,46.0
Northen Region,64.0,46.0
Southern Region,75.0,46.0
Western Region,81.0,46.0
National,84.0,46.0
Eastern Region,72.0,46.0
North-Eastern Region,59.0,46.0
Northen Region,64.0,46.0
Southern Region,75.0,46.0
Western Region,81.0,46.0
National,84.0,46.0
Eastern Region,72.0,46.0
North-Eastern Region,59.0,46.0
Northen Region,64.0,46.0
Southern Region,75.0,46.0
Western Region,81.0,46.0
National,84.0,46.0
Eastern Region,72.0,46.0
North-Eastern Region,59.0,46.0
Northen Region,64.0,46.0
Southern Region,75.0,46.0
Western Region,81.0,46.0
National,84.0,46.0
Eastern Region,72.0,46.0
North-Eastern Region,59.0,46.0
Northen Region,64.0,46.0
Southern Region,75.0,46.0
Western Region,81.0,46.0
National,84.0,46.0
Eastern Region,72.0,46.0
North-Eastern Region,59.0,46.0
Northen Region,64.0,46.0
Southern Region,75.0,46.0
Western Region,81.0,46.0
National,84.0,46.0
Eastern Region,72.0,46.0
North-Eastern Region,59.0,46.0
Northen Region,64.0,46.0
Southern Region,75.0,46.0
Western Region,81.0,46.0
National,84.0,46.0
Eastern Region,72.0,46.0
North-Eastern Region,59.0,46.0
Northen Region,64.0,46.0
Southern Region,75.0,46.0
Western Region,81.0,46.0
National,84.0,46.0
Eastern Region,72.0,46.0
North-Eastern Region,59.0,46.0
Northen Region,64.0,46.0
Southern Region,75.0,46.0
Western Region,81.0,46.0
National,84.0,46.0
Eastern Region,72.0,46.0
North-Eastern Region,59.0,46.0
Northen Region,64.0,46.0
Southern Region,75.0,46.0
Western Region,81.0,46.0
National,84.0,46.0
Eastern Region,72.0,46.0
North-Eastern Region,59.0,46.0
Northen Region,64.0,46.0
Southern Region,75.0,46.0
Western Region,81.0,46.0
National,84.0,46.0
Eastern Region,72.0,46.0
North-Eastern Region,59.0,46.0
Northen Region,64.0,46.0
Southern Region,75.0,46.0
Western Region,81.0,46.0
National,84.0,46.0
Eastern Region,72.0,46.0
North-Eastern Region,59.0,46.0
Northen Region,64.0,46.0
Southern Region,75.0,46.0
Western Region,81.0,46.0
National,84.0,46.0
Eastern Region,72.0,46.0
North-Eastern Region,59.0,46.0
Northen Region,64.0,46.0
Southern Region,75.0,46.0
Western Region,81.0,46.0
National,84.0,46.0
Eastern Region,72.0,46.0
North-Eastern Region,59.0,46.0
Northen Region,64.0,46.0
Southern Region,75.0,46.0
Western Region,81.0,46.0
National,84.0,46.0
Eastern Region,72.0,46.0
North-Eastern Region,59.0,46.0
Northen Region,64.0,46.0
Southern Region,75.0,46.0
Western Region,81.0,46.0
National,84.0,46.0
Eastern Region,72.0,46.0
North-Eastern Region,59.0,46.0
Northen Region,64.0,46.0
Southern Region,75.0,46.0
Western Region,81.0,46.0
National,84.0,46.0
Eastern Region,72.0,46.0
North-Eastern Region,59.0,46.0
Northen Region,64.0,46.0
Southern Region,75.0,46.0
Western Region,81.0,46.0
National,84.0,46.0
Eastern Region,72.0,46.0
North-Eastern Region,59.0,46.0
Northen Region,64.0,46.0
Southern Region,75.0,46.0
Western Region,81.0,46.0
National,84.0,46.0
Eastern Region,72.0,46.0
North-Eastern Region,59.0,46.0
Northen Region,64.0,46.0
Southern Region,75.0,46.0
Western Region,81.0,46.0
National,84.0,46.0
Eastern Region,72.0,46.0
North-Eastern Region,59.0,46.0
Northen Region,64.0,46.0
Southern Region,75.0,46.0
Western Region,81.0,46.0
National,84.0,46.0
Eastern Region,72.0,46.0
North-Eastern Region,59.0,46.0
Northen Region,64.0,46.0
Southern Region,75.0,46.0
Western Region,81.0,46.0
National,84.0,46.0
Eastern Region,72.0,46.0
North-Eastern Region,59.0,46.0
Northen Region,64.0,46.0
Southern Region,75.0,46.0
Western Region,81.0,46.0
National,84.0,46.0
Eastern Region,72.0,46.0
North-Eastern Region,59.0,46.0
Northen Region,64.0,46.0
Southern Region,75.0,46.0
Western Region,81.0,46.0
National,84.0,46.0
Eastern Region,72.0,46.0
North-Eastern Region,59.0,46.0
Northen Region,64.0,46.0
Southern Region,75.0,46.0
Western Region,81.0,46.0
National,84.0,46.0
Eastern Region,72.0,46.0
North-Eastern Region,59.0,46.0
Northen Region,64.0,46.0
Southern Region,75.0,46.0
Western Region,81.0,46.0
National,84.0,46.0
Eastern Region,72.0,46.0
North-Eastern Region,59.0,46.0
Northen Region,64.0,46.0
Southern Region,75.0,46.0
Western Region,81.0,46.0
National,84.0,46.0
Eastern Region,72.0,46.0
North-Eastern Region,59.0,46.0
Northen Region,64.0,46.0
Southern Region,75.0,46.0
Western Region,81.0,46.0
National,84.0,46.0
Eastern Region,72.0,46.0
North-Eastern Region,59.0,46.0
Northen Region,64.0,46.0
Southern Region,75.0,46.0
Western Region,81.0,46.0
National,84.0,46.0
Eastern Region,72.0,46.0
North-Eastern Region,59.0,46.0
Northen Region,64.0,46.0
Southern Region,75.0,46.0
Western Region,81.0,46.0
National,84.0,46.0
Eastern Region,72.0,46.0
North-Eastern Region,59.0,46.0
Northen Region,64.0,46.0
Southern Region,75.0,46.0
Western Region,81.0,46.0
National,84.0,47.0
Eastern Region,72.0,47.0
North-Eastern Region,59.0,47.0
Northen Region,64.0,47.0
Southern Region,75.0,47.0
Western Region,81.0,47.0
National,84.0,47.0
Eastern Region,72.0,47.0
North-Eastern Region,59.0,47.0
Northen Region,64.0,47.0
Southern Region,75.0,47.0
Western Region,81.0,47.0
National,84.0,47.0
Eastern Region,72.0,47.0
North-Eastern Region,59.0,47.0
Northen Region,64.0,47.0
Southern Region,75.0,47.0
Western Region,81.0,47.0
National,84.0,47.0
Eastern Region,72.0,47.0
North-Eastern Region,59.0,47.0
Northen Region,64.0,47.0
Southern Region,75.0,47.0
Western Region,81.0,47.0
National,84.0,47.0
Eastern Region,72.0,47.0
North-Eastern Region,59.0,47.0
Northen Region,64.0,47.0
Southern Region,75.0,47.0
Western Region,81.0,47.0
National,84.0,47.0
Eastern Region,72.0,47.0
North-Eastern Region,59.0,47.0
Northen Region,64.0,47.0
Southern Region,75.0,47.0
Western Region,81.0,47.0
National,84.0,47.0
Eastern Region,72.0,47.0
North-Eastern Region,59.0,47.0
Northen Region,64.0,47.0
Southern Region,75.0,47.0
Western Region,81.0,47.0
National,84.0,47.0
Eastern Region,72.0,47.0
North-Eastern Region,59.0,47.0
Northen Region,64.0,47.0
Southern Region,75.0,47.0
Western Region,81.0,47.0
National,84.0,47.0
Eastern Region,72.0,47.0
North-Eastern Region,59.0,47.0
Northen Region,64.0,47.0
Southern Region,75.0,47.0
Western Region,81.0,47.0
National,84.0,47.0
Eastern Region,72.0,47.0
North-Eastern Region,59.0,47.0
Northen Region,64.0,47.0
Southern Region,75.0,47.0
Western Region,81.0,47.0
National,84.0,47.0
Eastern Region,72.0,47.0
North-Eastern Region,59.0,47.0
Northen Region,64.0,47.0
Southern Region,75.0,47.0
Western Region,81.0,47.0
National,84.0,47.0
Eastern Region,72.0,47.0
North-Eastern Region,59.0,47.0
Northen Region,64.0,47.0
Southern Region,75.0,47.0
Western Region,81.0,47.0
National,84.0,47.0
Eastern Region,72.0,47.0
North-Eastern Region,59.0,47.0
Northen Region,64.0,47.0
Southern Region,75.0,47.0
Western Region,81.0,47.0
National,84.0,47.0
Eastern Region,72.0,47.0
North-Eastern Region,59.0,47.0
Northen Region,64.0,47.0
Southern Region,75.0,47.0
Western Region,81.0,47.0
National,84.0,47.0
Eastern Region,72.0,47.0
North-Eastern Region,59.0,47.0
Northen Region,64.0,47.0
Southern Region,75.0,47.0
Western Region,81.0,47.0
National,84.0,47.0
Eastern Region,72.0,47.0
North-Eastern Region,59.0,47.0
Northen Region,64.0,47.0
Southern Region,75.0,47.0
Western Region,81.0,47.0
National,84.0,47.0
Eastern Region,72.0,47.0
North-Eastern Region,59.0,47.0
Northen Region,64.0,47.0
Southern Region,75.0,47.0
Western Region,81.0,47.0
National,84.0,47.0
Eastern Region,72.0,47.0
North-Eastern Region,59.0,47.0
Northen Region,64.0,47.0
Southern Region,75.0,47.0
Western Region,81.0,47.0
National,84.0,47.0
Eastern Region,72.0,47.0
North-Eastern Region,59.0,47.0
Northen Region,64.0,47.0
Southern Region,75.0,47.0
Western Region,81.0,47.0
National,84.0,47.0
Eastern Region,72.0,47.0
North-Eastern Region,59.0,47.0
Northen Region,64.0,47.0
Southern Region,75.0,47.0
Western Region,81.0,47.0
National,84.0,47.0
Eastern Region,72.0,47.0
North-Eastern Region,59.0,47.0
Northen Region,64.0,47.0
Southern Region,75.0,47.0
Western Region,81.0,47.0
National,84.0,47.0
Eastern Region,72.0,47.0
North-Eastern Region,59.0,47.0
Northen Region,64.0,47.0
Southern Region,75.0,47.0
Western Region,81.0,47.0
National,84.0,47.0
Eastern Region,72.0,47.0
North-Eastern Region,59.0,47.0
Northen Region,64.0,47.0
Southern Region,75.0,47.0
Western Region,81.0,47.0
National,84.0,47.0
Eastern Region,72.0,47.0
North-Eastern Region,59.0,47.0
Northen Region,64.0,47.0
Southern Region,75.0,47.0
Western Region,81.0,47.0
National,84.0,47.0
Eastern Region,72.0,47.0
North-Eastern Region,59.0,47.0
Northen Region,64.0,47.0
Southern Region,75.0,47.0
Western Region,81.0,47.0
National,84.0,47.0
Eastern Region,72.0,47.0
North-Eastern Region,59.0,47.0
Northen Region,64.0,47.0
Southern Region,75.0,47.0
Western Region,81.0,47.0
National,84.0,47.0
Eastern Region,72.0,47.0
North-Eastern Region,59.0,47.0
Northen Region,64.0,47.0
Southern Region,75.0,47.0
Western Region,81.0,47.0
National,84.0,47.0
Eastern Region,72.0,47.0
North-Eastern Region,59.0,47.0
Northen Region,64.0,47.0
Southern Region,75.0,47.0
Western Region,81.0,47.0
National,84.0,47.0
Eastern Region,72.0,47.0
North-Eastern Region,59.0,47.0
Northen Region,64.0,47.0
Southern Region,75.0,47.0
Western Region,81.0,47.0
National,84.0,47.0
Eastern Region,72.0,47.0
North-Eastern Region,59.0,47.0
Northen Region,64.0,47.0
Southern Region,75.0,47.0
Western Region,81.0,47.0
National,84.0,47.0
Eastern Region,72.0,47.0
North-Eastern Region,59.0,47.0
Northen Region,64.0,47.0
Southern Region,75.0,47.0
Western Region,81.0,47.0
National,84.0,47.0
Eastern Region,72.0,47.0
North-Eastern Region,59.0,47.0
Northen Region,64.0,47.0
Southern Region,75.0,47.0
Western Region,81.0,47.0
National,84.0,47.0
Eastern Region,72.0,47.0
North-Eastern Region,59.0,47.0
Northen Region,64.0,47.0
Southern Region,75.0,47.0
Western Region,81.0,47.0
National,84.0,47.0
Eastern Region,72.0,47.0
North-Eastern Region,59.0,47.0
Northen Region,64.0,47.0
Southern Region,75.0,47.0
Western Region,81.0,47.0
National,84.0,47.0
Eastern Region,72.0,47.0
North-Eastern Region,59.0,47.0
Northen Region,64.0,47.0
Southern Region,75.0,47.0
Western Region,81.0,47.0
National,84.0,47.0
Eastern Region,72.0,47.0
North-Eastern Region,59.0,47.0
Northen Region,64.0,47.0
Southern Region,75.0,47.0
Western Region,81.0,47.0
National,84.0,47.0
Eastern Region,72.0,47.0
North-Eastern Region,59.0,47.0
Northen Region,64.0,47.0
Southern Region,75.0,47.0
Western Region,81.0,47.0
National,84.0,47.0
Eastern Region,72.0,47.0
North-Eastern Region,59.0,47.0
Northen Region,64.0,47.0
Southern Region,75.0,47.0
Western Region,81.0,47.0
National,84.0,47.0
Eastern Region,71.0,47.0
North-Eastern Region,59.0,47.0
Northen Region,64.0,47.0
Southern Region,75.0,47.0
Western Region,81.0,47.0
National,84.0,47.0
Eastern Region,71.0,47.0
North-Eastern Region,59.0,47.0
Northen Region,64.0,47.0
Southern Region,75.0,47.0
Western Region,81.0,47.0
National,84.0,47.0
Eastern Region,71.0,47.0
North-Eastern Region,59.0,47.0
Northen Region,64.0,47.0
Southern Region,75.0,47.0
Western Region,81.0,47.0
National,84.0,47.0
Eastern Region,71.0,47.0
North-Eastern Region,59.0,47.0
Northen Region,64.0,47.0
Southern Region,75.0,47.0
Western Region,81.0,47.0
National,84.0,47.0
Eastern Region,71.0,47.0
North-Eastern Region,59.0,47.0
Northen Region,64.0,47.0
Southern Region,75.0,47.0
Western Region,81.0,47.0
National,84.0,47.0
Eastern Region,71.0,47.0
North-Eastern Region,59.0,47.0
Northen Region,64.0,47.0
Southern Region,75.0,47.0
Western Region,81.0,47.0
National,84.0,48.0
Eastern Region,71.0,48.0
North-Eastern Region,59.0,48.0
Northen Region,64.0,48.0
Southern Region,75.0,48.0
Western Region,81.0,48.0
National,84.0,48.0
Eastern Region,71.0,48.0
North-Eastern Region,59.0,48.0
Northen Region,64.0,48.0
Southern Region,75.0,48.0
Western Region,81.0,48.0
National,84.0,48.0
Eastern Region,71.0,48.0
North-Eastern Region,59.0,48.0
Northen Region,64.0,48.0
Southern Region,75.0,48.0
Western Region,81.0,48.0
National,84.0,48.0
Eastern Region,71.0,48.0
North-Eastern Region,59.0,48.0
Northen Region,64.0,48.0
Southern Region,74.0,48.0
Western Region,81.0,48.0
National,84.0,48.0
Eastern Region,71.0,48.0
North-Eastern Region,59.0,48.0
Northen Region,64.0,48.0
Southern Region,74.0,48.0
Western Region,81.0,48.0
National,84.0,48.0
Eastern Region,71.0,48.0
North-Eastern Region,59.0,48.0
Northen Region,64.0,48.0
Southern Region,74.0,48.0
Western Region,81.0,48.0
National,84.0,48.0
Eastern Region,71.0,48.0
North-Eastern Region,59.0,48.0
Northen Region,64.0,48.0
Southern Region,74.0,48.0
Western Region,81.0,48.0
National,84.0,48.0
Eastern Region,71.0,48.0
North-Eastern Region,59.0,48.0
Northen Region,64.0,48.0
Southern Region,74.0,48.0
Western Region,81.0,48.0
National,84.0,48.0
Eastern Region,71.0,48.0
North-Eastern Region,59.0,48.0
Northen Region,64.0,48.0
Southern Region,74.0,48.0
Western Region,81.0,48.0
National,84.0,48.0
Eastern Region,71.0,48.0
North-Eastern Region,59.0,48.0
Northen Region,64.0,48.0
Southern Region,74.0,48.0
Western Region,81.0,48.0
National,84.0,48.0
Eastern Region,71.0,48.0
North-Eastern Region,59.0,48.0
Northen Region,64.0,48.0
Southern Region,74.0,48.0
Western Region,81.0,48.0
National,84.0,48.0
Eastern Region,71.0,48.0
North-Eastern Region,59.0,48.0
Northen Region,64.0,48.0
Southern Region,74.0,48.0
Western Region,81.0,48.0
National,84.0,48.0
Eastern Region,71.0,48.0
North-Eastern Region,59.0,48.0
Northen Region,64.0,48.0
Southern Region,74.0,48.0
Western Region,81.0,48.0
National,84.0,48.0
Eastern Region,71.0,48.0
North-Eastern Region,59.0,48.0
Northen Region,64.0,48.0
Southern Region,74.0,48.0
Western Region,81.0,48.0
National,84.0,48.0
Eastern Region,71.0,48.0
North-Eastern Region,59.0,48.0
Northen Region,64.0,48.0
Southern Region,74.0,48.0
Western Region,81.0,48.0
National,84.0,48.0
Eastern Region,71.0,48.0
North-Eastern Region,59.0,48.0
Northen Region,64.0,48.0
Southern Region,74.0,48.0
Western Region,81.0,48.0
National,84.0,48.0
Eastern Region,71.0,48.0
North-Eastern Region,59.0,48.0
Northen Region,64.0,48.0
Southern Region,74.0,48.0
Western Region,81.0,48.0
National,84.0,48.0
Eastern Region,71.0,48.0
North-Eastern Region,59.0,48.0
Northen Region,64.0,48.0
Southern Region,74.0,48.0
Western Region,81.0,48.0
National,84.0,48.0
Eastern Region,71.0,48.0
North-Eastern Region,59.0,48.0
Northen Region,64.0,48.0
Southern Region,74.0,48.0
Western Region,81.0,48.0
National,84.0,48.0
Eastern Region,71.0,48.0
North-Eastern Region,59.0,48.0
Northen Region,64.0,48.0
Southern Region,74.0,48.0
Western Region,81.0,48.0
National,84.0,48.0
Eastern Region,71.0,48.0
North-Eastern Region,59.0,48.0
Northen Region,64.0,48.0
Southern Region,74.0,48.0
Western Region,81.0,48.0
National,84.0,48.0
Eastern Region,71.0,48.0
North-Eastern Region,59.0,48.0
Northen Region,64.0,48.0
Southern Region,74.0,48.0
Western Region,81.0,48.0
National,84.0,48.0
Eastern Region,71.0,48.0
North-Eastern Region,59.0,48.0
Northen Region,64.0,48.0
Southern Region,74.0,48.0
Western Region,81.0,48.0
National,84.0,48.0
Eastern Region,71.0,48.0
North-Eastern Region,59.0,48.0
Northen Region,64.0,48.0
Southern Region,74.0,48.0
Western Region,81.0,48.0
National,84.0,48.0
Eastern Region,71.0,48.0
North-Eastern Region,59.0,48.0
Northen Region,64.0,48.0
Southern Region,74.0,48.0
Western Region,81.0,48.0
National,84.0,48.0
Eastern Region,71.0,48.0
North-Eastern Region,59.0,48.0
Northen Region,64.0,48.0
Southern Region,74.0,48.0
Western Region,81.0,48.0
National,84.0,48.0
Eastern Region,71.0,48.0
North-Eastern Region,59.0,48.0
Northen Region,64.0,48.0
Southern Region,74.0,48.0
Western Region,81.0,48.0
National,84.0,48.0
Eastern Region,71.0,48.0
North-Eastern Region,59.0,48.0
Northen Region,64.0,48.0
Southern Region,74.0,48.0
Western Region,81.0,48.0
National,84.0,48.0
Eastern Region,71.0,48.0
North-Eastern Region,59.0,48.0
Northen Region,64.0,48.0
Southern Region,74.0,48.0
Western Region,81.0,48.0
National,84.0,48.0
Eastern Region,71.0,48.0
North-Eastern Region,59.0,48.0
Northen Region,64.0,48.0
Southern Region,74.0,48.0
Western Region,81.0,48.0
National,84.0,48.0
Eastern Region,71.0,48.0
North-Eastern Region,59.0,48.0
Northen Region,64.0,48.0
Southern Region,74.0,48.0
Western Region,81.0,48.0
National,84.0,48.0
Eastern Region,71.0,48.0
North-Eastern Region,59.0,48.0
Northen Region,64.0,48.0
Southern Region,74.0,48.0
Western Region,81.0,48.0
National,84.0,48.0
Eastern Region,71.0,48.0
North-Eastern Region,59.0,48.0
Northen Region,64.0,48.0
Southern Region,74.0,48.0
Western Region,81.0,48.0
National,84.0,48.0
Eastern Region,71.0,48.0
North-Eastern Region,59.0,48.0
Northen Region,64.0,48.0
Southern Region,74.0,48.0
Western Region,81.0,48.0
National,84.0,48.0
Eastern Region,71.0,48.0
North-Eastern Region,59.0,48.0
Northen Region,64.0,48.0
Southern Region,74.0,48.0
Western Region,81.0,48.0
National,84.0,48.0
Eastern Region,71.0,48.0
North-Eastern Region,59.0,48.0
Northen Region,64.0,48.0
Southern Region,74.0,48.0
Western Region,81.0,48.0
National,84.0,48.0
Eastern Region,71.0,48.0
North-Eastern Region,59.0,48.0
Northen Region,64.0,48.0
Southern Region,74.0,48.0
Western Region,81.0,48.0
National,84.0,48.0
Eastern Region,71.0,48.0
North-Eastern Region,59.0,48.0
Northen Region,64.0,48.0
Southern Region,74.0,48.0
Western Region,81.0,48.0
National,84.0,48.0
Eastern Region,71.0,48.0
North-Eastern Region,59.0,48.0
Northen Region,64.0,48.0
Southern Region,74.0,48.0
Western Region,81.0,48.0
National,84.0,48.0
Eastern Region,71.0,48.0
North-Eastern Region,59.0,48.0
Northen Region,64.0,48.0
Southern Region,74.0,48.0
Western Region,81.0,48.0
National,84.0,48.0
Eastern Region,71.0,48.0
North-Eastern Region,59.0,48.0
Northen Region,64.0,48.0
Southern Region,74.0,48.0
Western Region,81.0,48.0
National,84.0,48.0
Eastern Region,71.0,48.0
North-Eastern Region,59.0,48.0
Northen Region,64.0,48.0
Southern Region,74.0,48.0
Western Region,81.0,48.0
National,84.0,48.0
Eastern Region,71.0,48.0
North-Eastern Region,59.0,48.0
Northen Region,64.0,48.0
Southern Region,74.0,48.0
Western Region,81.0,48.0
National,84.0,49.0
Eastern Region,71.0,49.0
North-Eastern Region,59.0,49.0
Northen Region,64.0,49.0
Southern Region,74.0,49.0
Western Region,81.0,49.0
National,84.0,49.0
Eastern Region,71.0,49.0
North-Eastern Region,59.0,49.0
Northen Region,64.0,49.0
Southern Region,74.0,49.0
Western Region,81.0,49.0
National,84.0,49.0
Eastern Region,71.0,49.0
North-Eastern Region,59.0,49.0
Northen Region,64.0,49.0
Southern Region,74.0,49.0
Western Region,81.0,49.0
National,84.0,49.0
Eastern Region,71.0,49.0
North-Eastern Region,59.0,49.0
Northen Region,63.0,49.0
Southern Region,74.0,49.0
Western Region,81.0,49.0
National,84.0,49.0
Eastern Region,71.0,49.0
North-Eastern Region,59.0,49.0
Northen Region,63.0,49.0
Southern Region,74.0,49.0
Western Region,81.0,49.0
National,84.0,49.0
Eastern Region,71.0,49.0
North-Eastern Region,59.0,49.0
Northen Region,63.0,49.0
Southern Region,74.0,49.0
Western Region,81.0,49.0
National,84.0,49.0
Eastern Region,71.0,49.0
North-Eastern Region,59.0,49.0
Northen Region,63.0,49.0
Southern Region,74.0,49.0
Western Region,81.0,49.0
National,84.0,49.0
Eastern Region,71.0,49.0
North-Eastern Region,59.0,49.0
Northen Region,63.0,49.0
Southern Region,74.0,49.0
Western Region,81.0,49.0
National,84.0,49.0
Eastern Region,71.0,49.0
North-Eastern Region,59.0,49.0
Northen Region,63.0,49.0
Southern Region,74.0,49.0
Western Region,81.0,49.0
National,84.0,49.0
Eastern Region,71.0,49.0
North-Eastern Region,59.0,49.0
Northen Region,63.0,49.0
Southern Region,74.0,49.0
Western Region,81.0,49.0
National,84.0,49.0
Eastern Region,71.0,49.0
North-Eastern Region,59.0,49.0
Northen Region,63.0,49.0
Southern Region,74.0,49.0
Western Region,81.0,49.0
National,84.0,49.0
Eastern Region,71.0,49.0
North-Eastern Region,59.0,49.0
Northen Region,63.0,49.0
Southern Region,74.0,49.0
Western Region,81.0,49.0
National,84.0,49.0
Eastern Region,71.0,49.0
North-Eastern Region,59.0,49.0
Northen Region,63.0,49.0
Southern Region,74.0,49.0
Western Region,81.0,49.0
National,84.0,49.0
Eastern Region,71.0,49.0
North-Eastern Region,59.0,49.0
Northen Region,63.0,49.0
Southern Region,74.0,49.0
Western Region,81.0,49.0
National,84.0,49.0
Eastern Region,71.0,49.0
North-Eastern Region,59.0,49.0
Northen Region,63.0,49.0
Southern Region,74.0,49.0
Western Region,80.0,49.0
National,84.0,49.0
Eastern Region,71.0,49.0
North-Eastern Region,59.0,49.0
Northen Region,63.0,49.0
Southern Region,74.0,49.0
Western Region,80.0,49.0
National,84.0,49.0
Eastern Region,71.0,49.0
North-Eastern Region,59.0,49.0
Northen Region,63.0,49.0
Southern Region,74.0,49.0
Western Region,80.0,49.0
National,84.0,49.0
Eastern Region,71.0,49.0
North-Eastern Region,59.0,49.0
Northen Region,63.0,49.0
Southern Region,74.0,49.0
Western Region,80.0,49.0
National,84.0,49.0
Eastern Region,71.0,49.0
North-Eastern Region,58.0,49.0
Northen Region,63.0,49.0
Southern Region,74.0,49.0
Western Region,80.0,49.0
National,84.0,49.0
Eastern Region,71.0,49.0
North-Eastern Region,58.0,49.0
Northen Region,63.0,49.0
Southern Region,74.0,49.0
Western Region,80.0,49.0
National,84.0,49.0
Eastern Region,71.0,49.0
North-Eastern Region,58.0,49.0
Northen Region,63.0,49.0
Southern Region,74.0,49.0
Western Region,80.0,49.0
National,84.0,49.0
Eastern Region,71.0,49.0
North-Eastern Region,58.0,49.0
Northen Region,63.0,49.0
Southern Region,74.0,49.0
Western Region,80.0,49.0
National,84.0,49.0
Eastern Region,71.0,49.0
North-Eastern Region,58.0,49.0
Northen Region,63.0,49.0
Southern Region,74.0,49.0
Western Region,80.0,49.0
National,84.0,49.0
Eastern Region,71.0,49.0
North-Eastern Region,58.0,49.0
Northen Region,63.0,49.0
Southern Region,74.0,49.0
Western Region,80.0,49.0
National,84.0,49.0
Eastern Region,71.0,49.0
North-Eastern Region,58.0,49.0
Northen Region,63.0,49.0
Southern Region,74.0,49.0
Western Region,80.0,49.0
National,84.0,49.0
Eastern Region,71.0,49.0
North-Eastern Region,58.0,49.0
Northen Region,63.0,49.0
Southern Region,74.0,49.0
Western Region,80.0,49.0
National,84.0,49.0
Eastern Region,71.0,49.0
North-Eastern Region,58.0,49.0
Northen Region,63.0,49.0
Southern Region,74.0,49.0
Western Region,80.0,49.0
National,84.0,49.0
Eastern Region,71.0,49.0
North-Eastern Region,58.0,49.0
Northen Region,63.0,49.0
Southern Region,74.0,49.0
Western Region,80.0,49.0
National,84.0,49.0
Eastern Region,71.0,49.0
North-Eastern Region,58.0,49.0
Northen Region,63.0,49.0
Southern Region,74.0,49.0
Western Region,80.0,49.0
National,84.0,49.0
Eastern Region,71.0,49.0
North-Eastern Region,58.0,49.0
Northen Region,63.0,49.0
Southern Region,74.0,49.0
Western Region,80.0,49.0
National,84.0,49.0
Eastern Region,71.0,49.0
North-Eastern Region,58.0,49.0
Northen Region,63.0,49.0
Southern Region,74.0,49.0
Western Region,80.0,49.0
National,84.0,49.0
Eastern Region,71.0,49.0
North-Eastern Region,58.0,49.0
Northen Region,63.0,49.0
Southern Region,74.0,49.0
Western Region,80.0,49.0
National,84.0,49.0
Eastern Region,71.0,49.0
North-Eastern Region,58.0,49.0
Northen Region,63.0,49.0
Southern Region,74.0,49.0
Western Region,80.0,49.0
National,84.0,49.0
Eastern Region,71.0,49.0
North-Eastern Region,58.0,49.0
Northen Region,63.0,49.0
Southern Region,74.0,49.0
Western Region,80.0,49.0
National,84.0,49.0
Eastern Region,71.0,49.0
North-Eastern Region,58.0,49.0
Northen Region,63.0,49.0
Southern Region,74.0,49.0
Western Region,80.0,49.0
National,84.0,49.0
Eastern Region,71.0,49.0
North-Eastern Region,58.0,49.0
Northen Region,63.0,49.0
Southern Region,74.0,49.0
Western Region,80.0,49.0
National,84.0,49.0
Eastern Region,71.0,49.0
North-Eastern Region,58.0,49.0
Northen Region,63.0,49.0
Southern Region,74.0,49.0
Western Region,80.0,49.0
National,84.0,49.0
Eastern Region,71.0,49.0
North-Eastern Region,58.0,49.0
Northen Region,63.0,49.0
Southern Region,74.0,49.0
Western Region,80.0,49.0
National,84.0,49.0
Eastern Region,71.0,49.0
North-Eastern Region,58.0,49.0
Northen Region,63.0,49.0
Southern Region,74.0,49.0
Western Region,80.0,49.0
National,84.0,49.0
Eastern Region,71.0,49.0
North-Eastern Region,58.0,49.0
Northen Region,63.0,49.0
Southern Region,74.0,49.0
Western Region,80.0,49.0
National,84.0,49.0
Eastern Region,71.0,49.0
North-Eastern Region,58.0,49.0
Northen Region,63.0,49.0
Southern Region,74.0,49.0
Western Region,80.0,49.0
National,84.0,49.0
Eastern Region,71.0,49.0
North-Eastern Region,58.0,49.0
Northen Region,63.0,49.0
Southern Region,74.0,49.0
Western Region,80.0,49.0
National,84.0,49.0
Eastern Region,71.0,49.0
North-Eastern Region,58.0,49.0
Northen Region,63.0,49.0
Southern Region,74.0,49.0
Western Region,80.0,49.0
National,84.0,49.0
Eastern Region,71.0,49.0
North-Eastern Region,58.0,49.0
Northen Region,63.0,49.0
Southern Region,74.0,49.0
Western Region,80.0,49.0
National,84.0,50.0
Eastern Region,71.0,50.0
North-Eastern Region,58.0,50.0
Northen Region,63.0,50.0
Southern Region,74.0,50.0
Western Region,80.0,50.0
National,84.0,50.0
Eastern Region,71.0,50.0
North-Eastern Region,58.0,50.0
Northen Region,63.0,50.0
Southern Region,74.0,50.0
Western Region,80.0,50.0
National,84.0,50.0
Eastern Region,71.0,50.0
North-Eastern Region,58.0,50.0
Northen Region,63.0,50.0
Southern Region,74.0,50.0
Western Region,80.0,50.0
National,84.0,50.0
Eastern Region,71.0,50.0
North-Eastern Region,58.0,50.0
Northen Region,63.0,50.0
Southern Region,74.0,50.0
Western Region,80.0,50.0
National,84.0,50.0
Eastern Region,71.0,50.0
North-Eastern Region,58.0,50.0
Northen Region,63.0,50.0
Southern Region,74.0,50.0
Western Region,80.0,50.0
National,84.0,50.0
Eastern Region,71.0,50.0
North-Eastern Region,58.0,50.0
Northen Region,63.0,50.0
Southern Region,74.0,50.0
Western Region,80.0,50.0
National,84.0,50.0
Eastern Region,71.0,50.0
North-Eastern Region,58.0,50.0
Northen Region,63.0,50.0
Southern Region,74.0,50.0
Western Region,80.0,50.0
National,84.0,50.0
Eastern Region,71.0,50.0
North-Eastern Region,58.0,50.0
Northen Region,63.0,50.0
Southern Region,74.0,50.0
Western Region,80.0,50.0
National,84.0,50.0
Eastern Region,71.0,50.0
North-Eastern Region,58.0,50.0
Northen Region,63.0,50.0
Southern Region,74.0,50.0
Western Region,80.0,50.0
National,84.0,50.0
Eastern Region,71.0,50.0
North-Eastern Region,58.0,50.0
Northen Region,63.0,50.0
Southern Region,74.0,50.0
Western Region,80.0,50.0
National,84.0,50.0
Eastern Region,71.0,50.0
North-Eastern Region,58.0,50.0
Northen Region,63.0,50.0
Southern Region,74.0,50.0
Western Region,80.0,50.0
National,84.0,50.0
Eastern Region,71.0,50.0
North-Eastern Region,58.0,50.0
Northen Region,63.0,50.0
Southern Region,74.0,50.0
Western Region,80.0,50.0
National,84.0,50.0
Eastern Region,71.0,50.0
North-Eastern Region,58.0,50.0
Northen Region,63.0,50.0
Southern Region,74.0,50.0
Western Region,80.0,50.0
National,84.0,50.0
Eastern Region,71.0,50.0
North-Eastern Region,58.0,50.0
Northen Region,63.0,50.0
Southern Region,74.0,50.0
Western Region,80.0,50.0
National,84.0,50.0
Eastern Region,71.0,50.0
North-Eastern Region,58.0,50.0
Northen Region,63.0,50.0
Southern Region,74.0,50.0
Western Region,80.0,50.0
National,84.0,50.0
Eastern Region,71.0,50.0
North-Eastern Region,58.0,50.0
Northen Region,63.0,50.0
Southern Region,74.0,50.0
Western Region,80.0,50.0
National,84.0,50.0
Eastern Region,71.0,50.0
North-Eastern Region,58.0,50.0
Northen Region,63.0,50.0
Southern Region,74.0,50.0
Western Region,80.0,50.0
National,84.0,50.0
Eastern Region,71.0,50.0
North-Eastern Region,58.0,50.0
Northen Region,63.0,50.0
Southern Region,74.0,50.0
Western Region,80.0,50.0
National,84.0,50.0
Eastern Region,71.0,50.0
North-Eastern Region,58.0,50.0
Northen Region,63.0,50.0
Southern Region,74.0,50.0
Western Region,80.0,50.0
National,84.0,50.0
Eastern Region,71.0,50.0
North-Eastern Region,58.0,50.0
Northen Region,63.0,50.0
Southern Region,74.0,50.0
Western Region,80.0,50.0
National,84.0,50.0
Eastern Region,71.0,50.0
North-Eastern Region,58.0,50.0
Northen Region,63.0,50.0
Southern Region,74.0,50.0
Western Region,80.0,50.0
National,84.0,50.0
Eastern Region,71.0,50.0
North-Eastern Region,58.0,50.0
Northen Region,63.0,50.0
Southern Region,74.0,50.0
Western Region,80.0,50.0
National,84.0,50.0
Eastern Region,71.0,50.0
North-Eastern Region,58.0,50.0
Northen Region,63.0,50.0
Southern Region,74.0,50.0
Western Region,80.0,50.0
National,84.0,50.0
Eastern Region,71.0,50.0
North-Eastern Region,58.0,50.0
Northen Region,63.0,50.0
Southern Region,74.0,50.0
Western Region,80.0,50.0
National,84.0,50.0
Eastern Region,71.0,50.0
North-Eastern Region,58.0,50.0
Northen Region,63.0,50.0
Southern Region,74.0,50.0
Western Region,80.0,50.0
National,84.0,50.0
Eastern Region,71.0,50.0
North-Eastern Region,58.0,50.0
Northen Region,63.0,50.0
Southern Region,74.0,50.0
Western Region,80.0,50.0
National,84.0,50.0
Eastern Region,71.0,50.0
North-Eastern Region,58.0,50.0
Northen Region,63.0,50.0
Southern Region,74.0,50.0
Western Region,80.0,50.0
National,84.0,50.0
Eastern Region,71.0,50.0
North-Eastern Region,58.0,50.0
Northen Region,63.0,50.0
Southern Region,74.0,50.0
Western Region,80.0,50.0
National,84.0,50.0
Eastern Region,71.0,50.0
North-Eastern Region,58.0,50.0
Northen Region,63.0,50.0
Southern Region,74.0,50.0
Western Region,80.0,50.0
National,84.0,50.0
Eastern Region,71.0,50.0
North-Eastern Region,58.0,50.0
Northen Region,63.0,50.0
Southern Region,74.0,50.0
Western Region,80.0,50.0
National,84.0,50.0
Eastern Region,71.0,50.0
North-Eastern Region,58.0,50.0
Northen Region,63.0,50.0
Southern Region,74.0,50.0
Western Region,80.0,50.0
National,84.0,50.0
Eastern Region,71.0,50.0
North-Eastern Region,58.0,50.0
Northen Region,63.0,50.0
Southern Region,74.0,50.0
Western Region,80.0,50.0
National,84.0,50.0
Eastern Region,71.0,50.0
North-Eastern Region,58.0,50.0
Northen Region,63.0,50.0
Southern Region,74.0,50.0
Western Region,80.0,50.0
National,84.0,50.0
Eastern Region,71.0,50.0
North-Eastern Region,58.0,50.0
Northen Region,63.0,50.0
Southern Region,74.0,50.0
Western Region,80.0,50.0
National,84.0,50.0
Eastern Region,71.0,50.0
North-Eastern Region,58.0,50.0
Northen Region,63.0,50.0
Southern Region,74.0,50.0
Western Region,80.0,50.0
National,84.0,50.0
Eastern Region,71.0,50.0
North-Eastern Region,58.0,50.0
Northen Region,63.0,50.0
Southern Region,74.0,50.0
Western Region,80.0,50.0
National,84.0,50.0
Eastern Region,71.0,50.0
North-Eastern Region,58.0,50.0
Northen Region,63.0,50.0
Southern Region,74.0,50.0
Western Region,80.0,50.0
National,84.0,50.0
Eastern Region,71.0,50.0
North-Eastern Region,58.0,50.0
Northen Region,63.0,50.0
Southern Region,74.0,50.0
Western Region,80.0,50.0
National,84.0,50.0
Eastern Region,71.0,50.0
North-Eastern Region,58.0,50.0
Northen Region,63.0,50.0
Southern Region,74.0,50.0
Western Region,80.0,50.0
National,84.0,50.0
Eastern Region,71.0,50.0
North-Eastern Region,58.0,50.0
Northen Region,63.0,50.0
Southern Region,74.0,50.0
Western Region,80.0,50.0
National,84.0,50.0
Eastern Region,71.0,50.0
North-Eastern Region,58.0,50.0
Northen Region,63.0,50.0
Southern Region,74.0,50.0
Western Region,80.0,50.0
National,84.0,50.0
Eastern Region,71.0,50.0
North-Eastern Region,58.0,50.0
Northen Region,63.0,50.0
Southern Region,74.0,50.0
Western Region,80.0,50.0
National,84.0,50.0
Eastern Region,71.0,50.0
North-Eastern Region,58.0,50.0
Northen Region,63.0,50.0
Southern Region,74.0,50.0
Western Region,80.0,50.0
National,84.0,51.0
Eastern Region,71.0,51.0
North-Eastern Region,58.0,51.0
Northen Region,63.0,51.0
Southern Region,74.0,51.0
Western Region,80.0,51.0
National,84.0,51.0
Eastern Region,71.0,51.0
North-Eastern Region,58.0,51.0
Northen Region,63.0,51.0
Southern Region,74.0,51.0
Western Region,80.0,51.0
National,84.0,51.0
Eastern Region,70.0,51.0
North-Eastern Region,58.0,51.0
Northen Region,63.0,51.0
Southern Region,74.0,51.0
Western Region,80.0,51.0
National,84.0,51.0
Eastern Region,70.0,51.0
North-Eastern Region,58.0,51.0
Northen Region,63.0,51.0
Southern Region,74.0,51.0
Western Region,80.0,51.0
National,84.0,51.0
Eastern Region,70.0,51.0
North-Eastern Region,58.0,51.0
Northen Region,63.0,51.0
Southern Region,74.0,51.0
Western Region,80.0,51.0
National,84.0,51.0
Eastern Region,70.0,51.0
North-Eastern Region,58.0,51.0
Northen Region,63.0,51.0
Southern Region,74.0,51.0
Western Region,80.0,51.0
National,84.0,51.0
Eastern Region,70.0,51.0
North-Eastern Region,58.0,51.0
Northen Region,63.0,51.0
Southern Region,74.0,51.0
Western Region,80.0,51.0
National,84.0,51.0
Eastern Region,70.0,51.0
North-Eastern Region,58.0,51.0
Northen Region,63.0,51.0
Southern Region,74.0,51.0
Western Region,80.0,51.0
National,84.0,51.0
Eastern Region,70.0,51.0
North-Eastern Region,58.0,51.0
Northen Region,63.0,51.0
Southern Region,74.0,51.0
Western Region,80.0,51.0
National,84.0,51.0
Eastern Region,70.0,51.0
North-Eastern Region,58.0,51.0
Northen Region,63.0,51.0
Southern Region,74.0,51.0
Western Region,80.0,51.0
National,84.0,51.0
Eastern Region,70.0,51.0
North-Eastern Region,58.0,51.0
Northen Region,63.0,51.0
Southern Region,74.0,51.0
Western Region,80.0,51.0
National,84.0,51.0
Eastern Region,70.0,51.0
North-Eastern Region,58.0,51.0
Northen Region,63.0,51.0
Southern Region,74.0,51.0
Western Region,80.0,51.0
National,84.0,51.0
Eastern Region,70.0,51.0
North-Eastern Region,58.0,51.0
Northen Region,63.0,51.0
Southern Region,74.0,51.0
Western Region,80.0,51.0
National,84.0,51.0
Eastern Region,70.0,51.0
North-Eastern Region,58.0,51.0
Northen Region,63.0,51.0
Southern Region,74.0,51.0
Western Region,80.0,51.0
National,84.0,51.0
Eastern Region,70.0,51.0
North-Eastern Region,58.0,51.0
Northen Region,63.0,51.0
Southern Region,74.0,51.0
Western Region,80.0,51.0
National,84.0,51.0
Eastern Region,70.0,51.0
North-Eastern Region,58.0,51.0
Northen Region,63.0,51.0
Southern Region,74.0,51.0
Western Region,80.0,51.0
National,84.0,51.0
Eastern Region,70.0,51.0
North-Eastern Region,58.0,51.0
Northen Region,63.0,51.0
Southern Region,74.0,51.0
Western Region,80.0,51.0
National,84.0,51.0
Eastern Region,70.0,51.0
North-Eastern Region,58.0,51.0
Northen Region,63.0,51.0
Southern Region,74.0,51.0
Western Region,80.0,51.0
National,84.0,51.0
Eastern Region,70.0,51.0
North-Eastern Region,58.0,51.0
Northen Region,63.0,51.0
Southern Region,74.0,51.0
Western Region,80.0,51.0
National,84.0,51.0
Eastern Region,70.0,51.0
North-Eastern Region,58.0,51.0
Northen Region,63.0,51.0
Southern Region,74.0,51.0
Western Region,80.0,51.0
National,84.0,51.0
Eastern Region,70.0,51.0
North-Eastern Region,58.0,51.0
Northen Region,63.0,51.0
Southern Region,74.0,51.0
Western Region,80.0,51.0
National,84.0,51.0
Eastern Region,70.0,51.0
North-Eastern Region,58.0,51.0
Northen Region,63.0,51.0
Southern Region,74.0,51.0
Western Region,80.0,51.0
National,84.0,51.0
Eastern Region,70.0,51.0
North-Eastern Region,58.0,51.0
Northen Region,63.0,51.0
Southern Region,74.0,51.0
Western Region,80.0,51.0
National,84.0,51.0
Eastern Region,70.0,51.0
North-Eastern Region,58.0,51.0
Northen Region,63.0,51.0
Southern Region,74.0,51.0
Western Region,80.0,51.0
National,84.0,51.0
Eastern Region,70.0,51.0
North-Eastern Region,58.0,51.0
Northen Region,63.0,51.0
Southern Region,74.0,51.0
Western Region,80.0,51.0
National,84.0,51.0
Eastern Region,70.0,51.0
North-Eastern Region,58.0,51.0
Northen Region,63.0,51.0
Southern Region,74.0,51.0
Western Region,80.0,51.0
National,84.0,51.0
Eastern Region,70.0,51.0
North-Eastern Region,58.0,51.0
Northen Region,63.0,51.0
Southern Region,74.0,51.0
Western Region,80.0,51.0
National,84.0,51.0
Eastern Region,70.0,51.0
North-Eastern Region,58.0,51.0
Northen Region,63.0,51.0
Southern Region,74.0,51.0
Western Region,80.0,51.0
National,84.0,51.0
Eastern Region,70.0,51.0
North-Eastern Region,58.0,51.0
Northen Region,63.0,51.0
Southern Region,74.0,51.0
Western Region,80.0,51.0
National,84.0,51.0
Eastern Region,70.0,51.0
North-Eastern Region,58.0,51.0
Northen Region,63.0,51.0
Southern Region,74.0,51.0
Western Region,80.0,51.0
National,83.0,51.0
Eastern Region,70.0,51.0
North-Eastern Region,58.0,51.0
Northen Region,63.0,51.0
Southern Region,74.0,51.0
Western Region,80.0,51.0
National,83.0,51.0
Eastern Region,70.0,51.0
North-Eastern Region,58.0,51.0
Northen Region,63.0,51.0
Southern Region,74.0,51.0
Western Region,80.0,51.0
National,83.0,51.0
Eastern Region,70.0,51.0
North-Eastern Region,58.0,51.0
Northen Region,63.0,51.0
Southern Region,74.0,51.0
Western Region,80.0,51.0
National,83.0,51.0
Eastern Region,70.0,51.0
North-Eastern Region,58.0,51.0
Northen Region,63.0,51.0
Southern Region,74.0,51.0
Western Region,80.0,51.0
National,83.0,51.0
Eastern Region,70.0,51.0
North-Eastern Region,58.0,51.0
Northen Region,63.0,51.0
Southern Region,74.0,51.0
Western Region,80.0,51.0
National,83.0,51.0
Eastern Region,70.0,51.0
North-Eastern Region,58.0,51.0
Northen Region,63.0,51.0
Southern Region,74.0,51.0
Western Region,80.0,51.0
National,83.0,51.0
Eastern Region,70.0,51.0
North-Eastern Region,58.0,51.0
Northen Region,63.0,51.0
Southern Region,73.0,51.0
Western Region,80.0,51.0
National,83.0,51.0
Eastern Region,70.0,51.0
North-Eastern Region,58.0,51.0
Northen Region,63.0,51.0
Southern Region,73.0,51.0
Western Region,80.0,51.0
National,83.0,51.0
Eastern Region,70.0,51.0
North-Eastern Region,58.0,51.0
Northen Region,63.0,51.0
Southern Region,73.0,51.0
Western Region,80.0,51.0
National,83.0,51.0
Eastern Region,70.0,51.0
North-Eastern Region,58.0,51.0
Northen Region,63.0,51.0
Southern Region,73.0,51.0
Western Region,80.0,51.0
National,83.0,51.0
Eastern Region,70.0,51.0
North-Eastern Region,58.0,51.0
Northen Region,63.0,51.0
Southern Region,73.0,51.0
Western Region,80.0,51.0
National,83.0,51.0
Eastern Region,70.0,51.0
North-Eastern Region,58.0,51.0
Northen Region,63.0,51.0
Southern Region,73.0,51.0
Western Region,80.0,51.0
National,83.0,51.0
Eastern Region,70.0,51.0
North-Eastern Region,58.0,51.0
Northen Region,63.0,51.0
Southern Region,73.0,51.0
Western Region,80.0,51.0
National,83.0,51.0
Eastern Region,70.0,51.0
North-Eastern Region,58.0,51.0
Northen Region,63.0,51.0
Southern Region,73.0,51.0
Western Region,80.0,51.0
National,83.0,52.0
Eastern Region,70.0,52.0
North-Eastern Region,58.0,52.0
Northen Region,63.0,52.0
Southern Region,73.0,52.0
Western Region,80.0,52.0
National,83.0,52.0
Eastern Region,70.0,52.0
North-Eastern Region,58.0,52.0
Northen Region,63.0,52.0
Southern Region,73.0,52.0
Western Region,80.0,52.0
National,83.0,52.0
Eastern Region,70.0,52.0
North-Eastern Region,58.0,52.0
Northen Region,63.0,52.0
Southern Region,73.0,52.0
Western Region,80.0,52.0
National,83.0,52.0
Eastern Region,70.0,52.0
North-Eastern Region,58.0,52.0
Northen Region,63.0,52.0
Southern Region,73.0,52.0
Western Region,80.0,52.0
National,83.0,52.0
Eastern Region,70.0,52.0
North-Eastern Region,58.0,52.0
Northen Region,63.0,52.0
Southern Region,73.0,52.0
Western Region,80.0,52.0
National,83.0,52.0
Eastern Region,70.0,52.0
North-Eastern Region,58.0,52.0
Northen Region,63.0,52.0
Southern Region,73.0,52.0
Western Region,80.0,52.0
National,83.0,52.0
Eastern Region,70.0,52.0
North-Eastern Region,58.0,52.0
Northen Region,63.0,52.0
Southern Region,73.0,52.0
Western Region,80.0,52.0
National,83.0,52.0
Eastern Region,70.0,52.0
North-Eastern Region,58.0,52.0
Northen Region,63.0,52.0
Southern Region,73.0,52.0
Western Region,80.0,52.0
National,83.0,52.0
Eastern Region,70.0,52.0
North-Eastern Region,58.0,52.0
Northen Region,63.0,52.0
Southern Region,73.0,52.0
Western Region,80.0,52.0
National,83.0,52.0
Eastern Region,70.0,52.0
North-Eastern Region,58.0,52.0
Northen Region,63.0,52.0
Southern Region,73.0,52.0
Western Region,80.0,52.0
National,83.0,52.0
Eastern Region,70.0,52.0
North-Eastern Region,58.0,52.0
Northen Region,63.0,52.0
Southern Region,73.0,52.0
Western Region,80.0,52.0
National,83.0,52.0
Eastern Region,70.0,52.0
North-Eastern Region,58.0,52.0
Northen Region,63.0,52.0
Southern Region,73.0,52.0
Western Region,80.0,52.0
National,83.0,52.0
Eastern Region,70.0,52.0
North-Eastern Region,58.0,52.0
Northen Region,63.0,52.0
Southern Region,73.0,52.0
Western Region,80.0,52.0
National,83.0,52.0
Eastern Region,70.0,52.0
North-Eastern Region,58.0,52.0
Northen Region,63.0,52.0
Southern Region,73.0,52.0
Western Region,80.0,52.0
National,83.0,52.0
Eastern Region,70.0,52.0
North-Eastern Region,58.0,52.0
Northen Region,63.0,52.0
Southern Region,73.0,52.0
Western Region,80.0,52.0
National,83.0,52.0
Eastern Region,70.0,52.0
North-Eastern Region,58.0,52.0
Northen Region,63.0,52.0
Southern Region,73.0,52.0
Western Region,80.0,52.0
National,83.0,52.0
Eastern Region,70.0,52.0
North-Eastern Region,58.0,52.0
Northen Region,63.0,52.0
Southern Region,73.0,52.0
Western Region,80.0,52.0
National,83.0,52.0
Eastern Region,70.0,52.0
North-Eastern Region,58.0,52.0
Northen Region,63.0,52.0
Southern Region,73.0,52.0
Western Region,80.0,52.0
National,83.0,52.0
Eastern Region,70.0,52.0
North-Eastern Region,58.0,52.0
Northen Region,63.0,52.0
Southern Region,73.0,52.0
Western Region,80.0,52.0
National,83.0,52.0
Eastern Region,70.0,52.0
North-Eastern Region,58.0,52.0
Northen Region,63.0,52.0
Southern Region,73.0,52.0
Western Region,80.0,52.0
National,83.0,52.0
Eastern Region,70.0,52.0
North-Eastern Region,58.0,52.0
Northen Region,63.0,52.0
Southern Region,73.0,52.0
Western Region,80.0,52.0
National,83.0,52.0
Eastern Region,70.0,52.0
North-Eastern Region,58.0,52.0
Northen Region,63.0,52.0
Southern Region,73.0,52.0
Western Region,80.0,52.0
National,83.0,52.0
Eastern Region,70.0,52.0
North-Eastern Region,58.0,52.0
Northen Region,63.0,52.0
Southern Region,73.0,52.0
Western Region,80.0,52.0
National,83.0,52.0
Eastern Region,70.0,52.0
North-Eastern Region,58.0,52.0
Northen Region,63.0,52.0
Southern Region,73.0,52.0
Western Region,80.0,52.0
National,83.0,52.0
Eastern Region,70.0,52.0
North-Eastern Region,58.0,52.0
Northen Region,63.0,52.0
Southern Region,73.0,52.0
Western Region,80.0,52.0
National,83.0,52.0
Eastern Region,70.0,52.0
North-Eastern Region,58.0,52.0
Northen Region,63.0,52.0
Southern Region,73.0,52.0
Western Region,80.0,52.0
National,83.0,52.0
Eastern Region,70.0,52.0
North-Eastern Region,58.0,52.0
Northen Region,63.0,52.0
Southern Region,73.0,52.0
Western Region,80.0,52.0
National,83.0,52.0
Eastern Region,70.0,52.0
North-Eastern Region,58.0,52.0
Northen Region,63.0,52.0
Southern Region,73.0,52.0
Western Region,80.0,52.0
National,83.0,52.0
Eastern Region,70.0,52.0
North-Eastern Region,58.0,52.0
Northen Region,63.0,52.0
Southern Region,73.0,52.0
Western Region,80.0,52.0
National,83.0,52.0
Eastern Region,70.0,52.0
North-Eastern Region,58.0,52.0
Northen Region,63.0,52.0
Southern Region,73.0,52.0
Western Region,80.0,52.0
National,83.0,52.0
Eastern Region,70.0,52.0
North-Eastern Region,58.0,52.0
Northen Region,63.0,52.0
Southern Region,73.0,52.0
Western Region,80.0,52.0
National,83.0,52.0
Eastern Region,70.0,52.0
North-Eastern Region,58.0,52.0
Northen Region,63.0,52.0
Southern Region,73.0,52.0
Western Region,80.0,52.0
National,83.0,52.0
Eastern Region,70.0,52.0
North-Eastern Region,58.0,52.0
Northen Region,63.0,52.0
Southern Region,73.0,52.0
Western Region,80.0,52.0
National,83.0,52.0
Eastern Region,70.0,52.0
North-Eastern Region,58.0,52.0
Northen Region,62.0,52.0
Southern Region,73.0,52.0
Western Region,80.0,52.0
National,83.0,52.0
Eastern Region,70.0,52.0
North-Eastern Region,58.0,52.0
Northen Region,62.0,52.0
Southern Region,73.0,52.0
Western Region,80.0,52.0
National,83.0,52.0
Eastern Region,70.0,52.0
North-Eastern Region,58.0,52.0
Northen Region,62.0,52.0
Southern Region,73.0,52.0
Western Region,80.0,52.0
National,83.0,52.0
Eastern Region,70.0,52.0
North-Eastern Region,58.0,52.0
Northen Region,62.0,52.0
Southern Region,73.0,52.0
Western Region,80.0,52.0
National,83.0,52.0
Eastern Region,70.0,52.0
North-Eastern Region,58.0,52.0
Northen Region,62.0,52.0
Southern Region,73.0,52.0
Western Region,80.0,52.0
National,83.0,52.0
Eastern Region,70.0,52.0
North-Eastern Region,58.0,52.0
Northen Region,62.0,52.0
Southern Region,73.0,52.0
Western Region,80.0,52.0
National,83.0,52.0
Eastern Region,70.0,52.0
North-Eastern Region,58.0,52.0
Northen Region,62.0,52.0
Southern Region,73.0,52.0
Western Region,80.0,52.0
National,83.0,52.0
Eastern Region,70.0,52.0
North-Eastern Region,57.0,52.0
Northen Region,62.0,52.0
Southern Region,73.0,52.0
Western Region,80.0,52.0
National,83.0,52.0
Eastern Region,70.0,52.0
North-Eastern Region,57.0,52.0
Northen Region,62.0,52.0
Southern Region,73.0,52.0
Western Region,80.0,52.0
National,83.0,52.0
Eastern Region,70.0,52.0
North-Eastern Region,57.0,52.0
Northen Region,62.0,52.0
Southern Region,73.0,52.0
Western Region,80.0,52.0
National,83.0,53.0
Eastern Region,70.0,53.0
North-Eastern Region,57.0,53.0
Northen Region,62.0,53.0
Southern Region,73.0,53.0
Western Region,80.0,53.0
National,83.0,53.0
Eastern Region,70.0,53.0
North-Eastern Region,57.0,53.0
Northen Region,62.0,53.0
Southern Region,73.0,53.0
Western Region,80.0,53.0
National,83.0,53.0
Eastern Region,70.0,53.0
North-Eastern Region,57.0,53.0
Northen Region,62.0,53.0
Southern Region,73.0,53.0
Western Region,80.0,53.0
National,83.0,53.0
Eastern Region,70.0,53.0
North-Eastern Region,57.0,53.0
Northen Region,62.0,53.0
Southern Region,73.0,53.0
Western Region,80.0,53.0
National,83.0,53.0
Eastern Region,70.0,53.0
North-Eastern Region,57.0,53.0
Northen Region,62.0,53.0
Southern Region,73.0,53.0
Western Region,80.0,53.0
National,83.0,53.0
Eastern Region,70.0,53.0
North-Eastern Region,57.0,53.0
Northen Region,62.0,53.0
Southern Region,73.0,53.0
Western Region,80.0,53.0
National,83.0,53.0
Eastern Region,70.0,53.0
North-Eastern Region,57.0,53.0
Northen Region,62.0,53.0
Southern Region,73.0,53.0
Western Region,80.0,53.0
National,83.0,53.0
Eastern Region,70.0,53.0
North-Eastern Region,57.0,53.0
Northen Region,62.0,53.0
Southern Region,73.0,53.0
Western Region,80.0,53.0
National,83.0,53.0
Eastern Region,70.0,53.0
North-Eastern Region,57.0,53.0
Northen Region,62.0,53.0
Southern Region,73.0,53.0
Western Region,80.0,53.0
National,83.0,53.0
Eastern Region,70.0,53.0
North-Eastern Region,57.0,53.0
Northen Region,62.0,53.0
Southern Region,73.0,53.0
Western Region,80.0,53.0
National,83.0,53.0
Eastern Region,70.0,53.0
North-Eastern Region,57.0,53.0
Northen Region,62.0,53.0
Southern Region,73.0,53.0
Western Region,80.0,53.0
National,83.0,53.0
Eastern Region,70.0,53.0
North-Eastern Region,57.0,53.0
Northen Region,62.0,53.0
Southern Region,73.0,53.0
Western Region,80.0,53.0
National,83.0,53.0
Eastern Region,70.0,53.0
North-Eastern Region,57.0,53.0
Northen Region,62.0,53.0
Southern Region,73.0,53.0
Western Region,80.0,53.0
National,83.0,53.0
Eastern Region,70.0,53.0
North-Eastern Region,57.0,53.0
Northen Region,62.0,53.0
Southern Region,73.0,53.0
Western Region,80.0,53.0
National,83.0,53.0
Eastern Region,70.0,53.0
North-Eastern Region,57.0,53.0
Northen Region,62.0,53.0
Southern Region,73.0,53.0
Western Region,80.0,53.0
National,83.0,53.0
Eastern Region,70.0,53.0
North-Eastern Region,57.0,53.0
Northen Region,62.0,53.0
Southern Region,73.0,53.0
Western Region,80.0,53.0
National,83.0,53.0
Eastern Region,70.0,53.0
North-Eastern Region,57.0,53.0
Northen Region,62.0,53.0
Southern Region,73.0,53.0
Western Region,80.0,53.0
National,83.0,53.0
Eastern Region,70.0,53.0
North-Eastern Region,57.0,53.0
Northen Region,62.0,53.0
Southern Region,73.0,53.0
Western Region,80.0,53.0
National,83.0,53.0
Eastern Region,70.0,53.0
North-Eastern Region,57.0,53.0
Northen Region,62.0,53.0
Southern Region,73.0,53.0
Western Region,80.0,53.0
National,83.0,53.0
Eastern Region,70.0,53.0
North-Eastern Region,57.0,53.0
Northen Region,62.0,53.0
Southern Region,73.0,53.0
Western Region,80.0,53.0
National,83.0,53.0
Eastern Region,70.0,53.0
North-Eastern Region,57.0,53.0
Northen Region,62.0,53.0
Southern Region,73.0,53.0
Western Region,79.0,53.0
National,83.0,53.0
Eastern Region,70.0,53.0
North-Eastern Region,57.0,53.0
Northen Region,62.0,53.0
Southern Region,73.0,53.0
Western Region,79.0,53.0
National,83.0,53.0
Eastern Region,70.0,53.0
North-Eastern Region,57.0,53.0
Northen Region,62.0,53.0
Southern Region,73.0,53.0
Western Region,79.0,53.0
National,83.0,53.0
Eastern Region,70.0,53.0
North-Eastern Region,57.0,53.0
Northen Region,62.0,53.0
Southern Region,73.0,53.0
Western Region,79.0,53.0
National,83.0,53.0
Eastern Region,70.0,53.0
North-Eastern Region,57.0,53.0
Northen Region,62.0,53.0
Southern Region,73.0,53.0
Western Region,79.0,53.0
National,83.0,53.0
Eastern Region,70.0,53.0
North-Eastern Region,57.0,53.0
Northen Region,62.0,53.0
Southern Region,73.0,53.0
Western Region,79.0,53.0
National,83.0,53.0
Eastern Region,70.0,53.0
North-Eastern Region,57.0,53.0
Northen Region,62.0,53.0
Southern Region,73.0,53.0
Western Region,79.0,53.0
National,83.0,53.0
Eastern Region,70.0,53.0
North-Eastern Region,57.0,53.0
Northen Region,62.0,53.0
Southern Region,73.0,53.0
Western Region,79.0,53.0
National,83.0,53.0
Eastern Region,70.0,53.0
North-Eastern Region,57.0,53.0
Northen Region,62.0,53.0
Southern Region,73.0,53.0
Western Region,79.0,53.0
National,83.0,53.0
Eastern Region,70.0,53.0
North-Eastern Region,57.0,53.0
Northen Region,62.0,53.0
Southern Region,73.0,53.0
Western Region,79.0,53.0
National,83.0,53.0
Eastern Region,70.0,53.0
North-Eastern Region,57.0,53.0
Northen Region,62.0,53.0
Southern Region,73.0,53.0
Western Region,79.0,53.0
National,83.0,53.0
Eastern Region,70.0,53.0
North-Eastern Region,57.0,53.0
Northen Region,62.0,53.0
Southern Region,73.0,53.0
Western Region,79.0,53.0
National,83.0,53.0
Eastern Region,70.0,53.0
North-Eastern Region,57.0,53.0
Northen Region,62.0,53.0
Southern Region,73.0,53.0
Western Region,79.0,53.0
National,83.0,53.0
Eastern Region,70.0,53.0
North-Eastern Region,57.0,53.0
Northen Region,62.0,53.0
Southern Region,73.0,53.0
Western Region,79.0,53.0
National,83.0,53.0
Eastern Region,70.0,53.0
North-Eastern Region,57.0,53.0
Northen Region,62.0,53.0
Southern Region,73.0,53.0
Western Region,79.0,53.0
National,83.0,53.0
Eastern Region,70.0,53.0
North-Eastern Region,57.0,53.0
Northen Region,62.0,53.0
Southern Region,73.0,53.0
Western Region,79.0,53.0
National,83.0,53.0
Eastern Region,70.0,53.0
North-Eastern Region,57.0,53.0
Northen Region,62.0,53.0
Southern Region,73.0,53.0
Western Region,79.0,53.0
National,83.0,53.0
Eastern Region,70.0,53.0
North-Eastern Region,57.0,53.0
Northen Region,62.0,53.0
Southern Region,73.0,53.0
Western Region,79.0,53.0
National,83.0,53.0
Eastern Region,70.0,53.0
North-Eastern Region,57.0,53.0
Northen Region,62.0,53.0
Southern Region,73.0,53.0
Western Region,79.0,53.0
National,83.0,53.0
Eastern Region,70.0,53.0
North-Eastern Region,57.0,53.0
Northen Region,62.0,53.0
Southern Region,73.0,53.0
Western Region,79.0,53.0
National,83.0,53.0
Eastern Region,70.0,53.0
North-Eastern Region,57.0,53.0
Northen Region,62.0,53.0
Southern Region,73.0,53.0
Western Region,79.0,53.0
National,83.0,53.0
Eastern Region,70.0,53.0
North-Eastern Region,57.0,53.0
Northen Region,62.0,53.0
Southern Region,73.0,53.0
Western Region,79.0,53.0
National,83.0,53.0
Eastern Region,70.0,53.0
North-Eastern Region,57.0,53.0
Northen Region,62.0,53.0
Southern Region,73.0,53.0
Western Region,79.0,53.0
National,83.0,53.0
Eastern Region,70.0,53.0
North-Eastern Region,57.0,53.0
Northen Region,62.0,53.0
Southern Region,73.0,53.0
Western Region,79.0,53.0
National,83.0,54.0
Eastern Region,70.0,54.0
North-Eastern Region,57.0,54.0
Northen Region,62.0,54.0
Southern Region,73.0,54.0
Western Region,79.0,54.0
National,83.0,54.0
Eastern Region,70.0,54.0
North-Eastern Region,57.0,54.0
Northen Region,62.0,54.0
Southern Region,73.0,54.0
Western Region,79.0,54.0
National,83.0,54.0
Eastern Region,70.0,54.0
North-Eastern Region,57.0,54.0
Northen Region,62.0,54.0
Southern Region,73.0,54.0
Western Region,79.0,54.0
National,83.0,54.0
Eastern Region,70.0,54.0
North-Eastern Region,57.0,54.0
Northen Region,62.0,54.0
Southern Region,73.0,54.0
Western Region,79.0,54.0
National,83.0,54.0
Eastern Region,70.0,54.0
North-Eastern Region,57.0,54.0
Northen Region,62.0,54.0
Southern Region,73.0,54.0
Western Region,79.0,54.0
National,83.0,54.0
Eastern Region,70.0,54.0
North-Eastern Region,57.0,54.0
Northen Region,62.0,54.0
Southern Region,73.0,54.0
Western Region,79.0,54.0
National,83.0,54.0
Eastern Region,70.0,54.0
North-Eastern Region,57.0,54.0
Northen Region,62.0,54.0
Southern Region,73.0,54.0
Western Region,79.0,54.0
National,83.0,54.0
Eastern Region,70.0,54.0
North-Eastern Region,57.0,54.0
Northen Region,62.0,54.0
Southern Region,73.0,54.0
Western Region,79.0,54.0
National,83.0,54.0
Eastern Region,70.0,54.0
North-Eastern Region,57.0,54.0
Northen Region,62.0,54.0
Southern Region,73.0,54.0
Western Region,79.0,54.0
National,83.0,54.0
Eastern Region,70.0,54.0
North-Eastern Region,57.0,54.0
Northen Region,62.0,54.0
Southern Region,73.0,54.0
Western Region,79.0,54.0
National,83.0,54.0
Eastern Region,70.0,54.0
North-Eastern Region,57.0,54.0
Northen Region,62.0,54.0
Southern Region,73.0,54.0
Western Region,79.0,54.0
National,83.0,54.0
Eastern Region,70.0,54.0
North-Eastern Region,57.0,54.0
Northen Region,62.0,54.0
Southern Region,73.0,54.0
Western Region,79.0,54.0
National,83.0,54.0
Eastern Region,70.0,54.0
North-Eastern Region,57.0,54.0
Northen Region,62.0,54.0
Southern Region,73.0,54.0
Western Region,79.0,54.0
National,83.0,54.0
Eastern Region,70.0,54.0
North-Eastern Region,57.0,54.0
Northen Region,62.0,54.0
Southern Region,73.0,54.0
Western Region,79.0,54.0
National,83.0,54.0
Eastern Region,70.0,54.0
North-Eastern Region,57.0,54.0
Northen Region,62.0,54.0
Southern Region,73.0,54.0
Western Region,79.0,54.0
National,83.0,54.0
Eastern Region,70.0,54.0
North-Eastern Region,57.0,54.0
Northen Region,62.0,54.0
Southern Region,73.0,54.0
Western Region,79.0,54.0
National,83.0,54.0
Eastern Region,70.0,54.0
North-Eastern Region,57.0,54.0
Northen Region,62.0,54.0
Southern Region,73.0,54.0
Western Region,79.0,54.0
National,83.0,54.0
Eastern Region,70.0,54.0
North-Eastern Region,57.0,54.0
Northen Region,62.0,54.0
Southern Region,73.0,54.0
Western Region,79.0,54.0
National,83.0,54.0
Eastern Region,70.0,54.0
North-Eastern Region,57.0,54.0
Northen Region,62.0,54.0
Southern Region,73.0,54.0
Western Region,79.0,54.0
National,83.0,54.0
Eastern Region,70.0,54.0
North-Eastern Region,57.0,54.0
Northen Region,62.0,54.0
Southern Region,73.0,54.0
Western Region,79.0,54.0
National,83.0,54.0
Eastern Region,70.0,54.0
North-Eastern Region,57.0,54.0
Northen Region,62.0,54.0
Southern Region,73.0,54.0
Western Region,79.0,54.0
National,83.0,54.0
Eastern Region,70.0,54.0
North-Eastern Region,57.0,54.0
Northen Region,62.0,54.0
Southern Region,73.0,54.0
Western Region,79.0,54.0
National,83.0,54.0
Eastern Region,70.0,54.0
North-Eastern Region,57.0,54.0
Northen Region,62.0,54.0
Southern Region,73.0,54.0
Western Region,79.0,54.0
National,83.0,54.0
Eastern Region,70.0,54.0
North-Eastern Region,57.0,54.0
Northen Region,62.0,54.0
Southern Region,73.0,54.0
Western Region,79.0,54.0
National,83.0,54.0
Eastern Region,70.0,54.0
North-Eastern Region,57.0,54.0
Northen Region,62.0,54.0
Southern Region,73.0,54.0
Western Region,79.0,54.0
National,83.0,54.0
Eastern Region,70.0,54.0
North-Eastern Region,57.0,54.0
Northen Region,62.0,54.0
Southern Region,73.0,54.0
Western Region,79.0,54.0
National,83.0,54.0
Eastern Region,70.0,54.0
North-Eastern Region,57.0,54.0
Northen Region,62.0,54.0
Southern Region,73.0,54.0
Western Region,79.0,54.0
National,83.0,54.0
Eastern Region,70.0,54.0
North-Eastern Region,57.0,54.0
Northen Region,62.0,54.0
Southern Region,73.0,54.0
Western Region,79.0,54.0
National,83.0,54.0
Eastern Region,70.0,54.0
North-Eastern Region,57.0,54.0
Northen Region,62.0,54.0
Southern Region,73.0,54.0
Western Region,79.0,54.0
National,83.0,54.0
Eastern Region,70.0,54.0
North-Eastern Region,57.0,54.0
Northen Region,62.0,54.0
Southern Region,73.0,54.0
Western Region,79.0,54.0
National,83.0,54.0
Eastern Region,70.0,54.0
North-Eastern Region,57.0,54.0
Northen Region,62.0,54.0
Southern Region,73.0,54.0
Western Region,79.0,54.0
National,83.0,54.0
Eastern Region,70.0,54.0
North-Eastern Region,57.0,54.0
Northen Region,62.0,54.0
Southern Region,73.0,54.0
Western Region,79.0,54.0
National,83.0,54.0
Eastern Region,70.0,54.0
North-Eastern Region,57.0,54.0
Northen Region,62.0,54.0
Southern Region,73.0,54.0
Western Region,79.0,54.0
National,83.0,54.0
Eastern Region,70.0,54.0
North-Eastern Region,57.0,54.0
Northen Region,62.0,54.0
Southern Region,73.0,54.0
Western Region,79.0,54.0
National,83.0,54.0
Eastern Region,70.0,54.0
North-Eastern Region,57.0,54.0
Northen Region,62.0,54.0
Southern Region,73.0,54.0
Western Region,79.0,54.0
National,83.0,54.0
Eastern Region,70.0,54.0
North-Eastern Region,57.0,54.0
Northen Region,62.0,54.0
Southern Region,73.0,54.0
Western Region,79.0,54.0
National,83.0,54.0
Eastern Region,70.0,54.0
North-Eastern Region,57.0,54.0
Northen Region,62.0,54.0
Southern Region,73.0,54.0
Western Region,79.0,54.0
National,83.0,54.0
Eastern Region,70.0,54.0
North-Eastern Region,57.0,54.0
Northen Region,62.0,54.0
Southern Region,73.0,54.0
Western Region,79.0,54.0
National,83.0,54.0
Eastern Region,70.0,54.0
North-Eastern Region,57.0,54.0
Northen Region,62.0,54.0
Southern Region,73.0,54.0
Western Region,79.0,54.0
National,83.0,54.0
Eastern Region,70.0,54.0
North-Eastern Region,57.0,54.0
Northen Region,62.0,54.0
Southern Region,73.0,54.0
Western Region,79.0,54.0
National,83.0,54.0
Eastern Region,70.0,54.0
North-Eastern Region,57.0,54.0
Northen Region,62.0,54.0
Southern Region,73.0,54.0
Western Region,79.0,54.0
National,83.0,54.0
Eastern Region,70.0,54.0
North-Eastern Region,57.0,54.0
Northen Region,62.0,54.0
Southern Region,73.0,54.0
Western Region,79.0,54.0
National,83.0,54.0
Eastern Region,70.0,54.0
North-Eastern Region,57.0,54.0
Northen Region,62.0,54.0
Southern Region,73.0,54.0
Western Region,79.0,54.0
National,83.0,55.0
Eastern Region,70.0,55.0
North-Eastern Region,57.0,55.0
Northen Region,62.0,55.0
Southern Region,73.0,55.0
Western Region,79.0,55.0
National,83.0,55.0
Eastern Region,70.0,55.0
North-Eastern Region,57.0,55.0
Northen Region,62.0,55.0
Southern Region,73.0,55.0
Western Region,79.0,55.0
National,83.0,55.0
Eastern Region,70.0,55.0
North-Eastern Region,57.0,55.0
Northen Region,62.0,55.0
Southern Region,73.0,55.0
Western Region,79.0,55.0
National,83.0,55.0
Eastern Region,70.0,55.0
North-Eastern Region,57.0,55.0
Northen Region,62.0,55.0
Southern Region,73.0,55.0
Western Region,79.0,55.0
National,83.0,55.0
Eastern Region,69.0,55.0
North-Eastern Region,57.0,55.0
Northen Region,62.0,55.0
Southern Region,73.0,55.0
Western Region,79.0,55.0
National,83.0,55.0
Eastern Region,69.0,55.0
North-Eastern Region,57.0,55.0
Northen Region,62.0,55.0
Southern Region,73.0,55.0
Western Region,79.0,55.0
National,83.0,55.0
Eastern Region,69.0,55.0
North-Eastern Region,57.0,55.0
Northen Region,62.0,55.0
Southern Region,73.0,55.0
Western Region,79.0,55.0
National,83.0,55.0
Eastern Region,69.0,55.0
North-Eastern Region,57.0,55.0
Northen Region,62.0,55.0
Southern Region,73.0,55.0
Western Region,79.0,55.0
National,83.0,55.0
Eastern Region,69.0,55.0
North-Eastern Region,57.0,55.0
Northen Region,62.0,55.0
Southern Region,73.0,55.0
Western Region,79.0,55.0
National,83.0,55.0
Eastern Region,69.0,55.0
North-Eastern Region,57.0,55.0
Northen Region,62.0,55.0
Southern Region,73.0,55.0
Western Region,79.0,55.0
National,83.0,55.0
Eastern Region,69.0,55.0
North-Eastern Region,57.0,55.0
Northen Region,62.0,55.0
Southern Region,73.0,55.0
Western Region,79.0,55.0
National,83.0,55.0
Eastern Region,69.0,55.0
North-Eastern Region,57.0,55.0
Northen Region,62.0,55.0
Southern Region,73.0,55.0
Western Region,79.0,55.0
National,83.0,55.0
Eastern Region,69.0,55.0
North-Eastern Region,57.0,55.0
Northen Region,62.0,55.0
Southern Region,73.0,55.0
Western Region,79.0,55.0
National,83.0,55.0
Eastern Region,69.0,55.0
North-Eastern Region,57.0,55.0
Northen Region,62.0,55.0
Southern Region,73.0,55.0
Western Region,79.0,55.0
National,83.0,55.0
Eastern Region,69.0,55.0
North-Eastern Region,57.0,55.0
Northen Region,62.0,55.0
Southern Region,73.0,55.0
Western Region,79.0,55.0
National,83.0,55.0
Eastern Region,69.0,55.0
North-Eastern Region,57.0,55.0
Northen Region,62.0,55.0
Southern Region,73.0,55.0
Western Region,79.0,55.0
National,83.0,55.0
Eastern Region,69.0,55.0
North-Eastern Region,57.0,55.0
Northen Region,62.0,55.0
Southern Region,73.0,55.0
Western Region,79.0,55.0
National,83.0,55.0
Eastern Region,69.0,55.0
North-Eastern Region,57.0,55.0
Northen Region,62.0,55.0
Southern Region,73.0,55.0
Western Region,79.0,55.0
National,83.0,55.0
Eastern Region,69.0,55.0
North-Eastern Region,57.0,55.0
Northen Region,62.0,55.0
Southern Region,73.0,55.0
Western Region,79.0,55.0
National,83.0,55.0
Eastern Region,69.0,55.0
North-Eastern Region,57.0,55.0
Northen Region,62.0,55.0
Southern Region,73.0,55.0
Western Region,79.0,55.0
National,83.0,55.0
Eastern Region,69.0,55.0
North-Eastern Region,57.0,55.0
Northen Region,62.0,55.0
Southern Region,73.0,55.0
Western Region,79.0,55.0
National,83.0,55.0
Eastern Region,69.0,55.0
North-Eastern Region,57.0,55.0
Northen Region,62.0,55.0
Southern Region,73.0,55.0
Western Region,79.0,55.0
National,83.0,55.0
Eastern Region,69.0,55.0
North-Eastern Region,57.0,55.0
Northen Region,62.0,55.0
Southern Region,73.0,55.0
Western Region,79.0,55.0
National,83.0,55.0
Eastern Region,69.0,55.0
North-Eastern Region,57.0,55.0
Northen Region,62.0,55.0
Southern Region,73.0,55.0
Western Region,79.0,55.0
National,83.0,55.0
Eastern Region,69.0,55.0
North-Eastern Region,57.0,55.0
Northen Region,62.0,55.0
Southern Region,73.0,55.0
Western Region,79.0,55.0
National,83.0,55.0
Eastern Region,69.0,55.0
North-Eastern Region,57.0,55.0
Northen Region,61.0,55.0
Southern Region,73.0,55.0
Western Region,79.0,55.0
National,83.0,55.0
Eastern Region,69.0,55.0
North-Eastern Region,57.0,55.0
Northen Region,61.0,55.0
Southern Region,73.0,55.0
Western Region,79.0,55.0
National,83.0,55.0
Eastern Region,69.0,55.0
North-Eastern Region,57.0,55.0
Northen Region,61.0,55.0
Southern Region,73.0,55.0
Western Region,79.0,55.0
National,83.0,55.0
Eastern Region,69.0,55.0
North-Eastern Region,57.0,55.0
Northen Region,61.0,55.0
Southern Region,73.0,55.0
Western Region,79.0,55.0
National,83.0,55.0
Eastern Region,69.0,55.0
North-Eastern Region,57.0,55.0
Northen Region,61.0,55.0
Southern Region,73.0,55.0
Western Region,79.0,55.0
National,83.0,55.0
Eastern Region,69.0,55.0
North-Eastern Region,57.0,55.0
Northen Region,61.0,55.0
Southern Region,73.0,55.0
Western Region,79.0,55.0
National,83.0,55.0
Eastern Region,69.0,55.0
North-Eastern Region,57.0,55.0
Northen Region,61.0,55.0
Southern Region,73.0,55.0
Western Region,79.0,55.0
National,83.0,55.0
Eastern Region,69.0,55.0
North-Eastern Region,57.0,55.0
Northen Region,61.0,55.0
Southern Region,73.0,55.0
Western Region,79.0,55.0
National,83.0,55.0
Eastern Region,69.0,55.0
North-Eastern Region,57.0,55.0
Northen Region,61.0,55.0
Southern Region,73.0,55.0
Western Region,79.0,55.0
National,83.0,55.0
Eastern Region,69.0,55.0
North-Eastern Region,57.0,55.0
Northen Region,61.0,55.0
Southern Region,73.0,55.0
Western Region,79.0,55.0
National,83.0,55.0
Eastern Region,69.0,55.0
North-Eastern Region,57.0,55.0
Northen Region,61.0,55.0
Southern Region,73.0,55.0
Western Region,79.0,55.0
National,83.0,55.0
Eastern Region,69.0,55.0
North-Eastern Region,57.0,55.0
Northen Region,61.0,55.0
Southern Region,73.0,55.0
Western Region,79.0,55.0
National,83.0,55.0
Eastern Region,69.0,55.0
North-Eastern Region,57.0,55.0
Northen Region,61.0,55.0
Southern Region,72.0,55.0
Western Region,79.0,55.0
National,83.0,55.0
Eastern Region,69.0,55.0
North-Eastern Region,57.0,55.0
Northen Region,61.0,55.0
Southern Region,72.0,55.0
Western Region,79.0,55.0
National,83.0,55.0
Eastern Region,69.0,55.0
North-Eastern Region,57.0,55.0
Northen Region,61.0,55.0
Southern Region,72.0,55.0
Western Region,79.0,55.0
National,83.0,55.0
Eastern Region,69.0,55.0
North-Eastern Region,57.0,55.0
Northen Region,61.0,55.0
Southern Region,72.0,55.0
Western Region,79.0,55.0
National,83.0,55.0
Eastern Region,69.0,55.0
North-Eastern Region,57.0,55.0
Northen Region,61.0,55.0
Southern Region,72.0,55.0
Western Region,79.0,55.0
National,83.0,55.0
Eastern Region,69.0,55.0
North-Eastern Region,57.0,55.0
Northen Region,61.0,55.0
Southern Region,72.0,55.0
Western Region,79.0,55.0
National,83.0,56.0
Eastern Region,69.0,56.0
North-Eastern Region,57.0,56.0
Northen Region,61.0,56.0
Southern Region,72.0,56.0
Western Region,79.0,56.0
National,83.0,56.0
Eastern Region,69.0,56.0
North-Eastern Region,57.0,56.0
Northen Region,61.0,56.0
Southern Region,72.0,56.0
Western Region,79.0,56.0
National,83.0,56.0
Eastern Region,69.0,56.0
North-Eastern Region,57.0,56.0
Northen Region,61.0,56.0
Southern Region,72.0,56.0
Western Region,79.0,56.0
National,83.0,56.0
Eastern Region,69.0,56.0
North-Eastern Region,57.0,56.0
Northen Region,61.0,56.0
Southern Region,72.0,56.0
Western Region,79.0,56.0
National,83.0,56.0
Eastern Region,69.0,56.0
North-Eastern Region,57.0,56.0
Northen Region,61.0,56.0
Southern Region,72.0,56.0
Western Region,79.0,56.0
National,83.0,56.0
Eastern Region,69.0,56.0
North-Eastern Region,57.0,56.0
Northen Region,61.0,56.0
Southern Region,72.0,56.0
Western Region,79.0,56.0
National,83.0,56.0
Eastern Region,69.0,56.0
North-Eastern Region,57.0,56.0
Northen Region,61.0,56.0
Southern Region,72.0,56.0
Western Region,79.0,56.0
National,83.0,56.0
Eastern Region,69.0,56.0
North-Eastern Region,56.0,56.0
Northen Region,61.0,56.0
Southern Region,72.0,56.0
Western Region,79.0,56.0
National,83.0,56.0
Eastern Region,69.0,56.0
North-Eastern Region,56.0,56.0
Northen Region,61.0,56.0
Southern Region,72.0,56.0
Western Region,79.0,56.0
National,83.0,56.0
Eastern Region,69.0,56.0
North-Eastern Region,56.0,56.0
Northen Region,61.0,56.0
Southern Region,72.0,56.0
Western Region,79.0,56.0
National,83.0,56.0
Eastern Region,69.0,56.0
North-Eastern Region,56.0,56.0
Northen Region,61.0,56.0
Southern Region,72.0,56.0
Western Region,79.0,56.0
National,83.0,56.0
Eastern Region,69.0,56.0
North-Eastern Region,56.0,56.0
Northen Region,61.0,56.0
Southern Region,72.0,56.0
Western Region,79.0,56.0
National,83.0,56.0
Eastern Region,69.0,56.0
North-Eastern Region,56.0,56.0
Northen Region,61.0,56.0
Southern Region,72.0,56.0
Western Region,79.0,56.0
National,83.0,56.0
Eastern Region,69.0,56.0
North-Eastern Region,56.0,56.0
Northen Region,61.0,56.0
Southern Region,72.0,56.0
Western Region,79.0,56.0
National,83.0,56.0
Eastern Region,69.0,56.0
North-Eastern Region,56.0,56.0
Northen Region,61.0,56.0
Southern Region,72.0,56.0
Western Region,79.0,56.0
National,83.0,56.0
Eastern Region,69.0,56.0
North-Eastern Region,56.0,56.0
Northen Region,61.0,56.0
Southern Region,72.0,56.0
Western Region,79.0,56.0
National,83.0,56.0
Eastern Region,69.0,56.0
North-Eastern Region,56.0,56.0
Northen Region,61.0,56.0
Southern Region,72.0,56.0
Western Region,79.0,56.0
National,83.0,56.0
Eastern Region,69.0,56.0
North-Eastern Region,56.0,56.0
Northen Region,61.0,56.0
Southern Region,72.0,56.0
Western Region,79.0,56.0
National,83.0,56.0
Eastern Region,69.0,56.0
North-Eastern Region,56.0,56.0
Northen Region,61.0,56.0
Southern Region,72.0,56.0
Western Region,79.0,56.0
National,83.0,56.0
Eastern Region,69.0,56.0
North-Eastern Region,56.0,56.0
Northen Region,61.0,56.0
Southern Region,72.0,56.0
Western Region,79.0,56.0
National,83.0,56.0
Eastern Region,69.0,56.0
North-Eastern Region,56.0,56.0
Northen Region,61.0,56.0
Southern Region,72.0,56.0
Western Region,79.0,56.0
National,83.0,56.0
Eastern Region,69.0,56.0
North-Eastern Region,56.0,56.0
Northen Region,61.0,56.0
Southern Region,72.0,56.0
Western Region,79.0,56.0
National,83.0,56.0
Eastern Region,69.0,56.0
North-Eastern Region,56.0,56.0
Northen Region,61.0,56.0
Southern Region,72.0,56.0
Western Region,79.0,56.0
National,83.0,56.0
Eastern Region,69.0,56.0
North-Eastern Region,56.0,56.0
Northen Region,61.0,56.0
Southern Region,72.0,56.0
Western Region,79.0,56.0
National,83.0,56.0
Eastern Region,69.0,56.0
North-Eastern Region,56.0,56.0
Northen Region,61.0,56.0
Southern Region,72.0,56.0
Western Region,79.0,56.0
National,83.0,56.0
Eastern Region,69.0,56.0
North-Eastern Region,56.0,56.0
Northen Region,61.0,56.0
Southern Region,72.0,56.0
Western Region,79.0,56.0
National,83.0,56.0
Eastern Region,69.0,56.0
North-Eastern Region,56.0,56.0
Northen Region,61.0,56.0
Southern Region,72.0,56.0
Western Region,79.0,56.0
National,83.0,56.0
Eastern Region,69.0,56.0
North-Eastern Region,56.0,56.0
Northen Region,61.0,56.0
Southern Region,72.0,56.0
Western Region,79.0,56.0
National,83.0,56.0
Eastern Region,69.0,56.0
North-Eastern Region,56.0,56.0
Northen Region,61.0,56.0
Southern Region,72.0,56.0
Western Region,79.0,56.0
National,83.0,56.0
Eastern Region,69.0,56.0
North-Eastern Region,56.0,56.0
Northen Region,61.0,56.0
Southern Region,72.0,56.0
Western Region,79.0,56.0
National,83.0,56.0
Eastern Region,69.0,56.0
North-Eastern Region,56.0,56.0
Northen Region,61.0,56.0
Southern Region,72.0,56.0
Western Region,79.0,56.0
National,83.0,56.0
Eastern Region,69.0,56.0
North-Eastern Region,56.0,56.0
Northen Region,61.0,56.0
Southern Region,72.0,56.0
Western Region,79.0,56.0
National,82.0,56.0
Eastern Region,69.0,56.0
North-Eastern Region,56.0,56.0
Northen Region,61.0,56.0
Southern Region,72.0,56.0
Western Region,79.0,56.0
National,82.0,56.0
Eastern Region,69.0,56.0
North-Eastern Region,56.0,56.0
Northen Region,61.0,56.0
Southern Region,72.0,56.0
Western Region,79.0,56.0
National,82.0,56.0
Eastern Region,69.0,56.0
North-Eastern Region,56.0,56.0
Northen Region,61.0,56.0
Southern Region,72.0,56.0
Western Region,79.0,56.0
National,82.0,56.0
Eastern Region,69.0,56.0
North-Eastern Region,56.0,56.0
Northen Region,61.0,56.0
Southern Region,72.0,56.0
Western Region,79.0,56.0
National,82.0,56.0
Eastern Region,69.0,56.0
North-Eastern Region,56.0,56.0
Northen Region,61.0,56.0
Southern Region,72.0,56.0
Western Region,79.0,56.0
National,82.0,56.0
Eastern Region,69.0,56.0
North-Eastern Region,56.0,56.0
Northen Region,61.0,56.0
Southern Region,72.0,56.0
Western Region,79.0,56.0
National,82.0,56.0
Eastern Region,69.0,56.0
North-Eastern Region,56.0,56.0
Northen Region,61.0,56.0
Southern Region,72.0,56.0
Western Region,79.0,56.0
National,82.0,56.0
Eastern Region,69.0,56.0
North-Eastern Region,56.0,56.0
Northen Region,61.0,56.0
Southern Region,72.0,56.0
Western Region,79.0,56.0
National,82.0,56.0
Eastern Region,69.0,56.0
North-Eastern Region,56.0,56.0
Northen Region,61.0,56.0
Southern Region,72.0,56.0
Western Region,79.0,56.0
National,82.0,56.0
Eastern Region,69.0,56.0
North-Eastern Region,56.0,56.0
Northen Region,61.0,56.0
Southern Region,72.0,56.0
Western Region,79.0,56.0
National,82.0,56.0
Eastern Region,69.0,56.0
North-Eastern Region,56.0,56.0
Northen Region,61.0,56.0
Southern Region,72.0,56.0
Western Region,79.0,56.0
National,82.0,56.0
Eastern Region,69.0,56.0
North-Eastern Region,56.0,56.0
Northen Region,61.0,56.0
Southern Region,72.0,56.0
Western Region,79.0,56.0
National,82.0,57.0
Eastern Region,69.0,57.0
North-Eastern Region,56.0,57.0
Northen Region,61.0,57.0
Southern Region,72.0,57.0
Western Region,79.0,57.0
National,82.0,57.0
Eastern Region,69.0,57.0
North-Eastern Region,56.0,57.0
Northen Region,61.0,57.0
Southern Region,72.0,57.0
Western Region,79.0,57.0
National,82.0,57.0
Eastern Region,69.0,57.0
North-Eastern Region,56.0,57.0
Northen Region,61.0,57.0
Southern Region,72.0,57.0
Western Region,79.0,57.0
National,82.0,57.0
Eastern Region,69.0,57.0
North-Eastern Region,56.0,57.0
Northen Region,61.0,57.0
Southern Region,72.0,57.0
Western Region,79.0,57.0
National,82.0,57.0
Eastern Region,69.0,57.0
North-Eastern Region,56.0,57.0
Northen Region,61.0,57.0
Southern Region,72.0,57.0
Western Region,79.0,57.0
National,82.0,57.0
Eastern Region,69.0,57.0
North-Eastern Region,56.0,57.0
Northen Region,61.0,57.0
Southern Region,72.0,57.0
Western Region,79.0,57.0
National,82.0,57.0
Eastern Region,69.0,57.0
North-Eastern Region,56.0,57.0
Northen Region,61.0,57.0
Southern Region,72.0,57.0
Western Region,79.0,57.0
National,82.0,57.0
Eastern Region,69.0,57.0
North-Eastern Region,56.0,57.0
Northen Region,61.0,57.0
Southern Region,72.0,57.0
Western Region,79.0,57.0
National,82.0,57.0
Eastern Region,69.0,57.0
North-Eastern Region,56.0,57.0
Northen Region,61.0,57.0
Southern Region,72.0,57.0
Western Region,79.0,57.0
National,82.0,57.0
Eastern Region,69.0,57.0
North-Eastern Region,56.0,57.0
Northen Region,61.0,57.0
Southern Region,72.0,57.0
Western Region,79.0,57.0
National,82.0,57.0
Eastern Region,69.0,57.0
North-Eastern Region,56.0,57.0
Northen Region,61.0,57.0
Southern Region,72.0,57.0
Western Region,79.0,57.0
National,82.0,57.0
Eastern Region,69.0,57.0
North-Eastern Region,56.0,57.0
Northen Region,61.0,57.0
Southern Region,72.0,57.0
Western Region,79.0,57.0
National,82.0,57.0
Eastern Region,69.0,57.0
North-Eastern Region,56.0,57.0
Northen Region,61.0,57.0
Southern Region,72.0,57.0
Western Region,79.0,57.0
National,82.0,57.0
Eastern Region,69.0,57.0
North-Eastern Region,56.0,57.0
Northen Region,61.0,57.0
Southern Region,72.0,57.0
Western Region,79.0,57.0
National,82.0,57.0
Eastern Region,69.0,57.0
North-Eastern Region,56.0,57.0
Northen Region,61.0,57.0
Southern Region,72.0,57.0
Western Region,79.0,57.0
National,82.0,57.0
Eastern Region,69.0,57.0
North-Eastern Region,56.0,57.0
Northen Region,61.0,57.0
Southern Region,72.0,57.0
Western Region,79.0,57.0
National,82.0,57.0
Eastern Region,69.0,57.0
North-Eastern Region,56.0,57.0
Northen Region,61.0,57.0
Southern Region,72.0,57.0
Western Region,79.0,57.0
National,82.0,57.0
Eastern Region,69.0,57.0
North-Eastern Region,56.0,57.0
Northen Region,61.0,57.0
Southern Region,72.0,57.0
Western Region,79.0,57.0
National,82.0,57.0
Eastern Region,69.0,57.0
North-Eastern Region,56.0,57.0
Northen Region,61.0,57.0
Southern Region,72.0,57.0
Western Region,79.0,57.0
National,82.0,57.0
Eastern Region,69.0,57.0
North-Eastern Region,56.0,57.0
Northen Region,61.0,57.0
Southern Region,72.0,57.0
Western Region,79.0,57.0
National,82.0,57.0
Eastern Region,69.0,57.0
North-Eastern Region,56.0,57.0
Northen Region,61.0,57.0
Southern Region,72.0,57.0
Western Region,79.0,57.0
National,82.0,57.0
Eastern Region,69.0,57.0
North-Eastern Region,56.0,57.0
Northen Region,61.0,57.0
Southern Region,72.0,57.0
Western Region,78.0,57.0
National,82.0,57.0
Eastern Region,69.0,57.0
North-Eastern Region,56.0,57.0
Northen Region,61.0,57.0
Southern Region,72.0,57.0
Western Region,78.0,57.0
National,82.0,57.0
Eastern Region,69.0,57.0
North-Eastern Region,56.0,57.0
Northen Region,61.0,57.0
Southern Region,72.0,57.0
Western Region,78.0,57.0
National,82.0,57.0
Eastern Region,69.0,57.0
North-Eastern Region,56.0,57.0
Northen Region,61.0,57.0
Southern Region,72.0,57.0
Western Region,78.0,57.0
National,82.0,57.0
Eastern Region,69.0,57.0
North-Eastern Region,56.0,57.0
Northen Region,61.0,57.0
Southern Region,72.0,57.0
Western Region,78.0,57.0
National,82.0,57.0
Eastern Region,69.0,57.0
North-Eastern Region,56.0,57.0
Northen Region,61.0,57.0
Southern Region,72.0,57.0
Western Region,78.0,57.0
National,82.0,57.0
Eastern Region,69.0,57.0
North-Eastern Region,56.0,57.0
Northen Region,61.0,57.0
Southern Region,72.0,57.0
Western Region,78.0,57.0
National,82.0,57.0
Eastern Region,69.0,57.0
North-Eastern Region,56.0,57.0
Northen Region,61.0,57.0
Southern Region,72.0,57.0
Western Region,78.0,57.0
National,82.0,57.0
Eastern Region,69.0,57.0
North-Eastern Region,56.0,57.0
Northen Region,61.0,57.0
Southern Region,72.0,57.0
Western Region,78.0,57.0
National,82.0,57.0
Eastern Region,69.0,57.0
North-Eastern Region,56.0,57.0
Northen Region,61.0,57.0
Southern Region,72.0,57.0
Western Region,78.0,57.0
National,82.0,57.0
Eastern Region,69.0,57.0
North-Eastern Region,56.0,57.0
Northen Region,61.0,57.0
Southern Region,72.0,57.0
Western Region,78.0,57.0
National,82.0,57.0
Eastern Region,69.0,57.0
North-Eastern Region,56.0,57.0
Northen Region,61.0,57.0
Southern Region,72.0,57.0
Western Region,78.0,57.0
National,82.0,57.0
Eastern Region,69.0,57.0
North-Eastern Region,56.0,57.0
Northen Region,61.0,57.0
Southern Region,72.0,57.0
Western Region,78.0,57.0
National,82.0,57.0
Eastern Region,69.0,57.0
North-Eastern Region,56.0,57.0
Northen Region,61.0,57.0
Southern Region,72.0,57.0
Western Region,78.0,57.0
National,82.0,57.0
Eastern Region,69.0,57.0
North-Eastern Region,56.0,57.0
Northen Region,61.0,57.0
Southern Region,72.0,57.0
Western Region,78.0,57.0
National,82.0,57.0
Eastern Region,69.0,57.0
North-Eastern Region,56.0,57.0
Northen Region,61.0,57.0
Southern Region,72.0,57.0
Western Region,78.0,57.0
National,82.0,57.0
Eastern Region,69.0,57.0
North-Eastern Region,56.0,57.0
Northen Region,61.0,57.0
Southern Region,72.0,57.0
Western Region,78.0,57.0
National,82.0,57.0
Eastern Region,69.0,57.0
North-Eastern Region,56.0,57.0
Northen Region,61.0,57.0
Southern Region,72.0,57.0
Western Region,78.0,57.0
National,82.0,57.0
Eastern Region,69.0,57.0
North-Eastern Region,56.0,57.0
Northen Region,61.0,57.0
Southern Region,72.0,57.0
Western Region,78.0,57.0
National,82.0,57.0
Eastern Region,69.0,57.0
North-Eastern Region,56.0,57.0
Northen Region,61.0,57.0
Southern Region,72.0,57.0
Western Region,78.0,57.0
National,82.0,57.0
Eastern Region,69.0,57.0
North-Eastern Region,56.0,57.0
Northen Region,61.0,57.0
Southern Region,72.0,57.0
Western Region,78.0,57.0
National,82.0,57.0
Eastern Region,69.0,57.0
North-Eastern Region,56.0,57.0
Northen Region,61.0,57.0
Southern Region,72.0,57.0
Western Region,78.0,57.0
National,82.0,58.0
Eastern Region,69.0,58.0
North-Eastern Region,56.0,58.0
Northen Region,61.0,58.0
Southern Region,72.0,58.0
Western Region,78.0,58.0
National,82.0,58.0
Eastern Region,69.0,58.0
North-Eastern Region,56.0,58.0
Northen Region,61.0,58.0
Southern Region,72.0,58.0
Western Region,78.0,58.0
National,82.0,58.0
Eastern Region,69.0,58.0
North-Eastern Region,56.0,58.0
Northen Region,61.0,58.0
Southern Region,72.0,58.0
Western Region,78.0,58.0
National,82.0,58.0
Eastern Region,69.0,58.0
North-Eastern Region,56.0,58.0
Northen Region,61.0,58.0
Southern Region,72.0,58.0
Western Region,78.0,58.0
National,82.0,58.0
Eastern Region,69.0,58.0
North-Eastern Region,56.0,58.0
Northen Region,61.0,58.0
Southern Region,72.0,58.0
Western Region,78.0,58.0
National,82.0,58.0
Eastern Region,69.0,58.0
North-Eastern Region,56.0,58.0
Northen Region,61.0,58.0
Southern Region,72.0,58.0
Western Region,78.0,58.0
National,82.0,58.0
Eastern Region,69.0,58.0
North-Eastern Region,56.0,58.0
Northen Region,61.0,58.0
Southern Region,72.0,58.0
Western Region,78.0,58.0
National,82.0,58.0
Eastern Region,69.0,58.0
North-Eastern Region,56.0,58.0
Northen Region,61.0,58.0
Southern Region,72.0,58.0
Western Region,78.0,58.0
National,82.0,58.0
Eastern Region,69.0,58.0
North-Eastern Region,56.0,58.0
Northen Region,61.0,58.0
Southern Region,72.0,58.0
Western Region,78.0,58.0
National,82.0,58.0
Eastern Region,69.0,58.0
North-Eastern Region,56.0,58.0
Northen Region,61.0,58.0
Southern Region,72.0,58.0
Western Region,78.0,58.0
National,82.0,58.0
Eastern Region,69.0,58.0
North-Eastern Region,56.0,58.0
Northen Region,61.0,58.0
Southern Region,72.0,58.0
Western Region,78.0,58.0
National,82.0,58.0
Eastern Region,69.0,58.0
North-Eastern Region,56.0,58.0
Northen Region,61.0,58.0
Southern Region,72.0,58.0
Western Region,78.0,58.0
National,82.0,58.0
Eastern Region,69.0,58.0
North-Eastern Region,56.0,58.0
Northen Region,61.0,58.0
Southern Region,72.0,58.0
Western Region,78.0,58.0
National,82.0,58.0
Eastern Region,69.0,58.0
North-Eastern Region,56.0,58.0
Northen Region,61.0,58.0
Southern Region,72.0,58.0
Western Region,78.0,58.0
National,82.0,58.0
Eastern Region,69.0,58.0
North-Eastern Region,56.0,58.0
Northen Region,61.0,58.0
Southern Region,72.0,58.0
Western Region,78.0,58.0
National,82.0,58.0
Eastern Region,69.0,58.0
North-Eastern Region,56.0,58.0
Northen Region,61.0,58.0
Southern Region,72.0,58.0
Western Region,78.0,58.0
National,82.0,58.0
Eastern Region,69.0,58.0
North-Eastern Region,56.0,58.0
Northen Region,61.0,58.0
Southern Region,72.0,58.0
Western Region,78.0,58.0
National,82.0,58.0
Eastern Region,69.0,58.0
North-Eastern Region,56.0,58.0
Northen Region,61.0,58.0
Southern Region,72.0,58.0
Western Region,78.0,58.0
National,82.0,58.0
Eastern Region,69.0,58.0
North-Eastern Region,56.0,58.0
Northen Region,61.0,58.0
Southern Region,72.0,58.0
Western Region,78.0,58.0
National,82.0,58.0
Eastern Region,69.0,58.0
North-Eastern Region,56.0,58.0
Northen Region,61.0,58.0
Southern Region,72.0,58.0
Western Region,78.0,58.0
National,82.0,58.0
Eastern Region,69.0,58.0
North-Eastern Region,56.0,58.0
Northen Region,61.0,58.0
Southern Region,72.0,58.0
Western Region,78.0,58.0
National,82.0,58.0
Eastern Region,69.0,58.0
North-Eastern Region,56.0,58.0
Northen Region,61.0,58.0
Southern Region,72.0,58.0
Western Region,78.0,58.0
National,82.0,58.0
Eastern Region,69.0,58.0
North-Eastern Region,56.0,58.0
Northen Region,61.0,58.0
Southern Region,72.0,58.0
Western Region,78.0,58.0
National,82.0,58.0
Eastern Region,69.0,58.0
North-Eastern Region,56.0,58.0
Northen Region,61.0,58.0
Southern Region,72.0,58.0
Western Region,78.0,58.0
National,82.0,58.0
Eastern Region,69.0,58.0
North-Eastern Region,56.0,58.0
Northen Region,61.0,58.0
Southern Region,72.0,58.0
Western Region,78.0,58.0
National,82.0,58.0
Eastern Region,69.0,58.0
North-Eastern Region,56.0,58.0
Northen Region,61.0,58.0
Southern Region,72.0,58.0
Western Region,78.0,58.0
National,82.0,58.0
Eastern Region,69.0,58.0
North-Eastern Region,56.0,58.0
Northen Region,61.0,58.0
Southern Region,72.0,58.0
Western Region,78.0,58.0
National,82.0,58.0
Eastern Region,69.0,58.0
North-Eastern Region,56.0,58.0
Northen Region,61.0,58.0
Southern Region,72.0,58.0
Western Region,78.0,58.0
National,82.0,58.0
Eastern Region,69.0,58.0
North-Eastern Region,56.0,58.0
Northen Region,61.0,58.0
Southern Region,72.0,58.0
Western Region,78.0,58.0
National,82.0,58.0
Eastern Region,69.0,58.0
North-Eastern Region,56.0,58.0
Northen Region,61.0,58.0
Southern Region,72.0,58.0
Western Region,78.0,58.0
National,82.0,58.0
Eastern Region,69.0,58.0
North-Eastern Region,56.0,58.0
Northen Region,61.0,58.0
Southern Region,72.0,58.0
Western Region,78.0,58.0
National,82.0,58.0
Eastern Region,68.0,58.0
North-Eastern Region,56.0,58.0
Northen Region,61.0,58.0
Southern Region,72.0,58.0
Western Region,78.0,58.0
National,82.0,58.0
Eastern Region,68.0,58.0
North-Eastern Region,56.0,58.0
Northen Region,61.0,58.0
Southern Region,72.0,58.0
Western Region,78.0,58.0
National,82.0,58.0
Eastern Region,68.0,58.0
North-Eastern Region,56.0,58.0
Northen Region,61.0,58.0
Southern Region,72.0,58.0
Western Region,78.0,58.0
National,82.0,58.0
Eastern Region,68.0,58.0
North-Eastern Region,56.0,58.0
Northen Region,61.0,58.0
Southern Region,72.0,58.0
Western Region,78.0,58.0
National,82.0,58.0
Eastern Region,68.0,58.0
North-Eastern Region,56.0,58.0
Northen Region,61.0,58.0
Southern Region,72.0,58.0
Western Region,78.0,58.0
National,82.0,58.0
Eastern Region,68.0,58.0
North-Eastern Region,56.0,58.0
Northen Region,61.0,58.0
Southern Region,72.0,58.0
Western Region,78.0,58.0
National,82.0,58.0
Eastern Region,68.0,58.0
North-Eastern Region,56.0,58.0
Northen Region,61.0,58.0
Southern Region,72.0,58.0
Western Region,78.0,58.0
National,82.0,58.0
Eastern Region,68.0,58.0
North-Eastern Region,56.0,58.0
Northen Region,61.0,58.0
Southern Region,72.0,58.0
Western Region,78.0,58.0
National,82.0,58.0
Eastern Region,68.0,58.0
North-Eastern Region,56.0,58.0
Northen Region,61.0,58.0
Southern Region,72.0,58.0
Western Region,78.0,58.0
National,82.0,58.0
Eastern Region,68.0,58.0
North-Eastern Region,56.0,58.0
Northen Region,61.0,58.0
Southern Region,72.0,58.0
Western Region,78.0,58.0
National,82.0,58.0
Eastern Region,68.0,58.0
North-Eastern Region,56.0,58.0
Northen Region,61.0,58.0
Southern Region,72.0,58.0
Western Region,78.0,58.0
National,82.0,58.0
Eastern Region,68.0,58.0
North-Eastern Region,56.0,58.0
Northen Region,61.0,58.0
Southern Region,72.0,58.0
Western Region,78.0,58.0
National,82.0,58.0
Eastern Region,68.0,58.0
North-Eastern Region,56.0,58.0
Northen Region,61.0,58.0
Southern Region,72.0,58.0
Western Region,78.0,58.0
National,82.0,59.0
Eastern Region,68.0,59.0
North-Eastern Region,56.0,59.0
Northen Region,61.0,59.0
Southern Region,72.0,59.0
Western Region,78.0,59.0
National,82.0,59.0
Eastern Region,68.0,59.0
North-Eastern Region,56.0,59.0
Northen Region,61.0,59.0
Southern Region,72.0,59.0
Western Region,78.0,59.0
National,82.0,59.0
Eastern Region,68.0,59.0
North-Eastern Region,56.0,59.0
Northen Region,61.0,59.0
Southern Region,72.0,59.0
Western Region,78.0,59.0
National,82.0,59.0
Eastern Region,68.0,59.0
North-Eastern Region,56.0,59.0
Northen Region,61.0,59.0
Southern Region,72.0,59.0
Western Region,78.0,59.0
National,82.0,59.0
Eastern Region,68.0,59.0
North-Eastern Region,56.0,59.0
Northen Region,61.0,59.0
Southern Region,72.0,59.0
Western Region,78.0,59.0
National,82.0,59.0
Eastern Region,68.0,59.0
North-Eastern Region,56.0,59.0
Northen Region,61.0,59.0
Southern Region,72.0,59.0
Western Region,78.0,59.0
National,82.0,59.0
Eastern Region,68.0,59.0
North-Eastern Region,56.0,59.0
Northen Region,61.0,59.0
Southern Region,72.0,59.0
Western Region,78.0,59.0
National,82.0,59.0
Eastern Region,68.0,59.0
North-Eastern Region,56.0,59.0
Northen Region,61.0,59.0
Southern Region,72.0,59.0
Western Region,78.0,59.0
National,82.0,59.0
Eastern Region,68.0,59.0
North-Eastern Region,56.0,59.0
Northen Region,60.0,59.0
Southern Region,72.0,59.0
Western Region,78.0,59.0
National,82.0,59.0
Eastern Region,68.0,59.0
North-Eastern Region,56.0,59.0
Northen Region,60.0,59.0
Southern Region,72.0,59.0
Western Region,78.0,59.0
National,82.0,59.0
Eastern Region,68.0,59.0
North-Eastern Region,56.0,59.0
Northen Region,60.0,59.0
Southern Region,72.0,59.0
Western Region,78.0,59.0
National,82.0,59.0
Eastern Region,68.0,59.0
North-Eastern Region,56.0,59.0
Northen Region,60.0,59.0
Southern Region,72.0,59.0
Western Region,78.0,59.0
National,82.0,59.0
Eastern Region,68.0,59.0
North-Eastern Region,56.0,59.0
Northen Region,60.0,59.0
Southern Region,72.0,59.0
Western Region,78.0,59.0
National,82.0,59.0
Eastern Region,68.0,59.0
North-Eastern Region,56.0,59.0
Northen Region,60.0,59.0
Southern Region,72.0,59.0
Western Region,78.0,59.0
National,82.0,59.0
Eastern Region,68.0,59.0
North-Eastern Region,56.0,59.0
Northen Region,60.0,59.0
Southern Region,72.0,59.0
Western Region,78.0,59.0
National,82.0,59.0
Eastern Region,68.0,59.0
North-Eastern Region,56.0,59.0
Northen Region,60.0,59.0
Southern Region,72.0,59.0
Western Region,78.0,59.0
National,82.0,59.0
Eastern Region,68.0,59.0
North-Eastern Region,56.0,59.0
Northen Region,60.0,59.0
Southern Region,72.0,59.0
Western Region,78.0,59.0
National,82.0,59.0
Eastern Region,68.0,59.0
North-Eastern Region,56.0,59.0
Northen Region,60.0,59.0
Southern Region,72.0,59.0
Western Region,78.0,59.0
National,82.0,59.0
Eastern Region,68.0,59.0
North-Eastern Region,56.0,59.0
Northen Region,60.0,59.0
Southern Region,72.0,59.0
Western Region,78.0,59.0
National,82.0,59.0
Eastern Region,68.0,59.0
North-Eastern Region,56.0,59.0
Northen Region,60.0,59.0
Southern Region,72.0,59.0
Western Region,78.0,59.0
National,82.0,59.0
Eastern Region,68.0,59.0
North-Eastern Region,56.0,59.0
Northen Region,60.0,59.0
Southern Region,72.0,59.0
Western Region,78.0,59.0
National,82.0,59.0
Eastern Region,68.0,59.0
North-Eastern Region,56.0,59.0
Northen Region,60.0,59.0
Southern Region,72.0,59.0
Western Region,78.0,59.0
National,82.0,59.0
Eastern Region,68.0,59.0
North-Eastern Region,56.0,59.0
Northen Region,60.0,59.0
Southern Region,72.0,59.0
Western Region,78.0,59.0
National,82.0,59.0
Eastern Region,68.0,59.0
North-Eastern Region,56.0,59.0
Northen Region,60.0,59.0
Southern Region,72.0,59.0
Western Region,78.0,59.0
National,82.0,59.0
Eastern Region,68.0,59.0
North-Eastern Region,56.0,59.0
Northen Region,60.0,59.0
Southern Region,72.0,59.0
Western Region,78.0,59.0
National,82.0,59.0
Eastern Region,68.0,59.0
North-Eastern Region,56.0,59.0
Northen Region,60.0,59.0
Southern Region,72.0,59.0
Western Region,78.0,59.0
National,82.0,59.0
Eastern Region,68.0,59.0
North-Eastern Region,56.0,59.0
Northen Region,60.0,59.0
Southern Region,72.0,59.0
Western Region,78.0,59.0
National,82.0,59.0
Eastern Region,68.0,59.0
North-Eastern Region,56.0,59.0
Northen Region,60.0,59.0
Southern Region,72.0,59.0
Western Region,78.0,59.0
National,82.0,59.0
Eastern Region,68.0,59.0
North-Eastern Region,56.0,59.0
Northen Region,60.0,59.0
Southern Region,72.0,59.0
Western Region,78.0,59.0
National,82.0,59.0
Eastern Region,68.0,59.0
North-Eastern Region,55.0,59.0
Northen Region,60.0,59.0
Southern Region,72.0,59.0
Western Region,78.0,59.0
National,82.0,59.0
Eastern Region,68.0,59.0
North-Eastern Region,55.0,59.0
Northen Region,60.0,59.0
Southern Region,72.0,59.0
Western Region,78.0,59.0
National,82.0,59.0
Eastern Region,68.0,59.0
North-Eastern Region,55.0,59.0
Northen Region,60.0,59.0
Southern Region,72.0,59.0
Western Region,78.0,59.0
National,82.0,59.0
Eastern Region,68.0,59.0
North-Eastern Region,55.0,59.0
Northen Region,60.0,59.0
Southern Region,72.0,59.0
Western Region,78.0,59.0
National,82.0,59.0
Eastern Region,68.0,59.0
North-Eastern Region,55.0,59.0
Northen Region,60.0,59.0
Southern Region,72.0,59.0
Western Region,78.0,59.0
National,82.0,59.0
Eastern Region,68.0,59.0
North-Eastern Region,55.0,59.0
Northen Region,60.0,59.0
Southern Region,72.0,59.0
Western Region,78.0,59.0
National,82.0,59.0
Eastern Region,68.0,59.0
North-Eastern Region,55.0,59.0
Northen Region,60.0,59.0
Southern Region,72.0,59.0
Western Region,78.0,59.0
National,82.0,59.0
Eastern Region,68.0,59.0
North-Eastern Region,55.0,59.0
Northen Region,60.0,59.0
Southern Region,72.0,59.0
Western Region,78.0,59.0
National,82.0,59.0
Eastern Region,68.0,59.0
North-Eastern Region,55.0,59.0
Northen Region,60.0,59.0
Southern Region,72.0,59.0
Western Region,78.0,59.0
National,82.0,59.0
Eastern Region,68.0,59.0
North-Eastern Region,55.0,59.0
Northen Region,60.0,59.0
Southern Region,72.0,59.0
Western Region,78.0,59.0
National,82.0,59.0
Eastern Region,68.0,59.0
North-Eastern Region,55.0,59.0
Northen Region,60.0,59.0
Southern Region,72.0,59.0
Western Region,78.0,59.0
National,82.0,59.0
Eastern Region,68.0,59.0
North-Eastern Region,55.0,59.0
Northen Region,60.0,59.0
Southern Region,72.0,59.0
Western Region,78.0,59.0
National,82.0,59.0
Eastern Region,68.0,59.0
North-Eastern Region,55.0,59.0
Northen Region,60.0,59.0
Southern Region,72.0,59.0
Western Region,78.0,59.0
National,82.0,59.0
Eastern Region,68.0,59.0
North-Eastern Region,55.0,59.0
Northen Region,60.0,59.0
Southern Region,72.0,59.0
Western Region,78.0,59.0
National,82.0,60.0
Eastern Region,68.0,60.0
North-Eastern Region,55.0,60.0
Northen Region,60.0,60.0
Southern Region,72.0,60.0
Western Region,78.0,60.0
National,82.0,60.0
Eastern Region,68.0,60.0
North-Eastern Region,55.0,60.0
Northen Region,60.0,60.0
Southern Region,72.0,60.0
Western Region,78.0,60.0
National,82.0,60.0
Eastern Region,68.0,60.0
North-Eastern Region,55.0,60.0
Northen Region,60.0,60.0
Southern Region,72.0,60.0
Western Region,78.0,60.0
National,82.0,60.0
Eastern Region,68.0,60.0
North-Eastern Region,55.0,60.0
Northen Region,60.0,60.0
Southern Region,72.0,60.0
Western Region,78.0,60.0
National,82.0,60.0
Eastern Region,68.0,60.0
North-Eastern Region,55.0,60.0
Northen Region,60.0,60.0
Southern Region,72.0,60.0
Western Region,78.0,60.0
National,82.0,60.0
Eastern Region,68.0,60.0
North-Eastern Region,55.0,60.0
Northen Region,60.0,60.0
Southern Region,71.0,60.0
Western Region,78.0,60.0
National,82.0,60.0
Eastern Region,68.0,60.0
North-Eastern Region,55.0,60.0
Northen Region,60.0,60.0
Southern Region,71.0,60.0
Western Region,78.0,60.0
National,82.0,60.0
Eastern Region,68.0,60.0
North-Eastern Region,55.0,60.0
Northen Region,60.0,60.0
Southern Region,71.0,60.0
Western Region,78.0,60.0
National,82.0,60.0
Eastern Region,68.0,60.0
North-Eastern Region,55.0,60.0
Northen Region,60.0,60.0
Southern Region,71.0,60.0
Western Region,78.0,60.0
National,82.0,60.0
Eastern Region,68.0,60.0
North-Eastern Region,55.0,60.0
Northen Region,60.0,60.0
Southern Region,71.0,60.0
Western Region,78.0,60.0
National,82.0,60.0
Eastern Region,68.0,60.0
North-Eastern Region,55.0,60.0
Northen Region,60.0,60.0
Southern Region,71.0,60.0
Western Region,78.0,60.0
National,82.0,60.0
Eastern Region,68.0,60.0
North-Eastern Region,55.0,60.0
Northen Region,60.0,60.0
Southern Region,71.0,60.0
Western Region,78.0,60.0
National,82.0,60.0
Eastern Region,68.0,60.0
North-Eastern Region,55.0,60.0
Northen Region,60.0,60.0
Southern Region,71.0,60.0
Western Region,78.0,60.0
National,82.0,60.0
Eastern Region,68.0,60.0
North-Eastern Region,55.0,60.0
Northen Region,60.0,60.0
Southern Region,71.0,60.0
Western Region,78.0,60.0
National,82.0,60.0
Eastern Region,68.0,60.0
North-Eastern Region,55.0,60.0
Northen Region,60.0,60.0
Southern Region,71.0,60.0
Western Region,78.0,60.0
National,82.0,60.0
Eastern Region,68.0,60.0
North-Eastern Region,55.0,60.0
Northen Region,60.0,60.0
Southern Region,71.0,60.0
Western Region,78.0,60.0
National,82.0,60.0
Eastern Region,68.0,60.0
North-Eastern Region,55.0,60.0
Northen Region,60.0,60.0
Southern Region,71.0,60.0
Western Region,78.0,60.0
National,82.0,60.0
Eastern Region,68.0,60.0
North-Eastern Region,55.0,60.0
Northen Region,60.0,60.0
Southern Region,71.0,60.0
Western Region,78.0,60.0
National,82.0,60.0
Eastern Region,68.0,60.0
North-Eastern Region,55.0,60.0
Northen Region,60.0,60.0
Southern Region,71.0,60.0
Western Region,78.0,60.0
National,82.0,60.0
Eastern Region,68.0,60.0
North-Eastern Region,55.0,60.0
Northen Region,60.0,60.0
Southern Region,71.0,60.0
Western Region,78.0,60.0
National,82.0,60.0
Eastern Region,68.0,60.0
North-Eastern Region,55.0,60.0
Northen Region,60.0,60.0
Southern Region,71.0,60.0
Western Region,78.0,60.0
National,82.0,60.0
Eastern Region,68.0,60.0
North-Eastern Region,55.0,60.0
Northen Region,60.0,60.0
Southern Region,71.0,60.0
Western Region,78.0,60.0
National,82.0,60.0
Eastern Region,68.0,60.0
North-Eastern Region,55.0,60.0
Northen Region,60.0,60.0
Southern Region,71.0,60.0
Western Region,78.0,60.0
National,82.0,60.0
Eastern Region,68.0,60.0
North-Eastern Region,55.0,60.0
Northen Region,60.0,60.0
Southern Region,71.0,60.0
Western Region,78.0,60.0
National,82.0,60.0
Eastern Region,68.0,60.0
North-Eastern Region,55.0,60.0
Northen Region,60.0,60.0
Southern Region,71.0,60.0
Western Region,78.0,60.0
National,82.0,60.0
Eastern Region,68.0,60.0
North-Eastern Region,55.0,60.0
Northen Region,60.0,60.0
Southern Region,71.0,60.0
Western Region,78.0,60.0
National,82.0,60.0
Eastern Region,68.0,60.0
North-Eastern Region,55.0,60.0
Northen Region,60.0,60.0
Southern Region,71.0,60.0
Western Region,78.0,60.0
National,82.0,60.0
Eastern Region,68.0,60.0
North-Eastern Region,55.0,60.0
Northen Region,60.0,60.0
Southern Region,71.0,60.0
Western Region,78.0,60.0
National,82.0,60.0
Eastern Region,68.0,60.0
North-Eastern Region,55.0,60.0
Northen Region,60.0,60.0
Southern Region,71.0,60.0
Western Region,78.0,60.0
National,82.0,60.0
Eastern Region,68.0,60.0
North-Eastern Region,55.0,60.0
Northen Region,60.0,60.0
Southern Region,71.0,60.0
Western Region,78.0,60.0
National,82.0,60.0
Eastern Region,68.0,60.0
North-Eastern Region,55.0,60.0
Northen Region,60.0,60.0
Southern Region,71.0,60.0
Western Region,78.0,60.0
National,82.0,60.0
Eastern Region,68.0,60.0
North-Eastern Region,55.0,60.0
Northen Region,60.0,60.0
Southern Region,71.0,60.0
Western Region,78.0,60.0
National,82.0,60.0
Eastern Region,68.0,60.0
North-Eastern Region,55.0,60.0
Northen Region,60.0,60.0
Southern Region,71.0,60.0
Western Region,78.0,60.0
National,82.0,60.0
Eastern Region,68.0,60.0
North-Eastern Region,55.0,60.0
Northen Region,60.0,60.0
Southern Region,71.0,60.0
Western Region,78.0,60.0
National,82.0,60.0
Eastern Region,68.0,60.0
North-Eastern Region,55.0,60.0
Northen Region,60.0,60.0
Southern Region,71.0,60.0
Western Region,78.0,60.0
National,82.0,60.0
Eastern Region,68.0,60.0
North-Eastern Region,55.0,60.0
Northen Region,60.0,60.0
Southern Region,71.0,60.0
Western Region,78.0,60.0
National,82.0,60.0
Eastern Region,68.0,60.0
North-Eastern Region,55.0,60.0
Northen Region,60.0,60.0
Southern Region,71.0,60.0
Western Region,78.0,60.0
National,82.0,60.0
Eastern Region,68.0,60.0
North-Eastern Region,55.0,60.0
Northen Region,60.0,60.0
Southern Region,71.0,60.0
Western Region,78.0,60.0
National,82.0,60.0
Eastern Region,68.0,60.0
North-Eastern Region,55.0,60.0
Northen Region,60.0,60.0
Southern Region,71.0,60.0
Western Region,78.0,60.0
National,82.0,60.0
Eastern Region,68.0,60.0
North-Eastern Region,55.0,60.0
Northen Region,60.0,60.0
Southern Region,71.0,60.0
Western Region,78.0,60.0
National,82.0,60.0
Eastern Region,68.0,60.0
North-Eastern Region,55.0,60.0
Northen Region,60.0,60.0
Southern Region,71.0,60.0
Western Region,78.0,60.0
National,82.0,60.0
Eastern Region,68.0,60.0
North-Eastern Region,55.0,60.0
Northen Region,60.0,60.0
Southern Region,71.0,60.0
Western Region,78.0,60.0
National,82.0,60.0
Eastern Region,68.0,60.0
North-Eastern Region,55.0,60.0
Northen Region,60.0,60.0
Southern Region,71.0,60.0
Western Region,78.0,60.0
National,82.0,60.0
Eastern Region,68.0,60.0
North-Eastern Region,55.0,60.0
Northen Region,60.0,60.0
Southern Region,71.0,60.0
Western Region,78.0,60.0
National,82.0,61.0
Eastern Region,68.0,61.0
North-Eastern Region,55.0,61.0
Northen Region,60.0,61.0
Southern Region,71.0,61.0
Western Region,78.0,61.0
National,82.0,61.0
Eastern Region,68.0,61.0
North-Eastern Region,55.0,61.0
Northen Region,60.0,61.0
Southern Region,71.0,61.0
Western Region,78.0,61.0
National,82.0,61.0
Eastern Region,68.0,61.0
North-Eastern Region,55.0,61.0
Northen Region,60.0,61.0
Southern Region,71.0,61.0
Western Region,78.0,61.0
National,82.0,61.0
Eastern Region,68.0,61.0
North-Eastern Region,55.0,61.0
Northen Region,60.0,61.0
Southern Region,71.0,61.0
Western Region,78.0,61.0
National,82.0,61.0
Eastern Region,68.0,61.0
North-Eastern Region,55.0,61.0
Northen Region,60.0,61.0
Southern Region,71.0,61.0
Western Region,78.0,61.0
National,82.0,61.0
Eastern Region,68.0,61.0
North-Eastern Region,55.0,61.0
Northen Region,60.0,61.0
Southern Region,71.0,61.0
Western Region,78.0,61.0
National,82.0,61.0
Eastern Region,68.0,61.0
North-Eastern Region,55.0,61.0
Northen Region,60.0,61.0
Southern Region,71.0,61.0
Western Region,78.0,61.0
National,82.0,61.0
Eastern Region,68.0,61.0
North-Eastern Region,55.0,61.0
Northen Region,60.0,61.0
Southern Region,71.0,61.0
Western Region,78.0,61.0
National,82.0,61.0
Eastern Region,68.0,61.0
North-Eastern Region,55.0,61.0
Northen Region,60.0,61.0
Southern Region,71.0,61.0
Western Region,78.0,61.0
National,82.0,61.0
Eastern Region,68.0,61.0
North-Eastern Region,55.0,61.0
Northen Region,60.0,61.0
Southern Region,71.0,61.0
Western Region,78.0,61.0
National,82.0,61.0
Eastern Region,68.0,61.0
North-Eastern Region,55.0,61.0
Northen Region,60.0,61.0
Southern Region,71.0,61.0
Western Region,78.0,61.0
National,82.0,61.0
Eastern Region,68.0,61.0
North-Eastern Region,55.0,61.0
Northen Region,60.0,61.0
Southern Region,71.0,61.0
Western Region,78.0,61.0
National,82.0,61.0
Eastern Region,68.0,61.0
North-Eastern Region,55.0,61.0
Northen Region,60.0,61.0
Southern Region,71.0,61.0
Western Region,78.0,61.0
National,82.0,61.0
Eastern Region,68.0,61.0
North-Eastern Region,55.0,61.0
Northen Region,60.0,61.0
Southern Region,71.0,61.0
Western Region,78.0,61.0
National,82.0,61.0
Eastern Region,68.0,61.0
North-Eastern Region,55.0,61.0
Northen Region,60.0,61.0
Southern Region,71.0,61.0
Western Region,78.0,61.0
National,82.0,61.0
Eastern Region,68.0,61.0
North-Eastern Region,55.0,61.0
Northen Region,60.0,61.0
Southern Region,71.0,61.0
Western Region,78.0,61.0
National,82.0,61.0
Eastern Region,68.0,61.0
North-Eastern Region,55.0,61.0
Northen Region,60.0,61.0
Southern Region,71.0,61.0
Western Region,78.0,61.0
National,82.0,61.0
Eastern Region,68.0,61.0
North-Eastern Region,55.0,61.0
Northen Region,60.0,61.0
Southern Region,71.0,61.0
Western Region,78.0,61.0
National,82.0,61.0
Eastern Region,68.0,61.0
North-Eastern Region,55.0,61.0
Northen Region,60.0,61.0
Southern Region,71.0,61.0
Western Region,78.0,61.0
National,82.0,61.0
Eastern Region,68.0,61.0
North-Eastern Region,55.0,61.0
Northen Region,60.0,61.0
Southern Region,71.0,61.0
Western Region,78.0,61.0
National,82.0,61.0
Eastern Region,68.0,61.0
North-Eastern Region,55.0,61.0
Northen Region,60.0,61.0
Southern Region,71.0,61.0
Western Region,78.0,61.0
National,82.0,61.0
Eastern Region,68.0,61.0
North-Eastern Region,55.0,61.0
Northen Region,60.0,61.0
Southern Region,71.0,61.0
Western Region,78.0,61.0
National,82.0,61.0
Eastern Region,68.0,61.0
North-Eastern Region,55.0,61.0
Northen Region,60.0,61.0
Southern Region,71.0,61.0
Western Region,78.0,61.0
National,82.0,61.0
Eastern Region,68.0,61.0
North-Eastern Region,55.0,61.0
Northen Region,60.0,61.0
Southern Region,71.0,61.0
Western Region,78.0,61.0
National,82.0,61.0
Eastern Region,68.0,61.0
North-Eastern Region,55.0,61.0
Northen Region,60.0,61.0
Southern Region,71.0,61.0
Western Region,78.0,61.0
National,82.0,61.0
Eastern Region,68.0,61.0
North-Eastern Region,55.0,61.0
Northen Region,60.0,61.0
Southern Region,71.0,61.0
Western Region,78.0,61.0
National,82.0,61.0
Eastern Region,68.0,61.0
North-Eastern Region,55.0,61.0
Northen Region,60.0,61.0
Southern Region,71.0,61.0
Western Region,78.0,61.0
National,82.0,61.0
Eastern Region,68.0,61.0
North-Eastern Region,55.0,61.0
Northen Region,60.0,61.0
Southern Region,71.0,61.0
Western Region,78.0,61.0
National,82.0,61.0
Eastern Region,68.0,61.0
North-Eastern Region,55.0,61.0
Northen Region,60.0,61.0
Southern Region,71.0,61.0
Western Region,78.0,61.0
National,82.0,61.0
Eastern Region,68.0,61.0
North-Eastern Region,55.0,61.0
Northen Region,60.0,61.0
Southern Region,71.0,61.0
Western Region,78.0,61.0
National,82.0,61.0
Eastern Region,68.0,61.0
North-Eastern Region,55.0,61.0
Northen Region,60.0,61.0
Southern Region,71.0,61.0
Western Region,78.0,61.0
National,82.0,61.0
Eastern Region,68.0,61.0
North-Eastern Region,55.0,61.0
Northen Region,60.0,61.0
Southern Region,71.0,61.0
Western Region,78.0,61.0
National,82.0,61.0
Eastern Region,68.0,61.0
North-Eastern Region,55.0,61.0
Northen Region,60.0,61.0
Southern Region,71.0,61.0
Western Region,78.0,61.0
National,82.0,61.0
Eastern Region,68.0,61.0
North-Eastern Region,55.0,61.0
Northen Region,60.0,61.0
Southern Region,71.0,61.0
Western Region,78.0,61.0
National,82.0,61.0
Eastern Region,68.0,61.0
North-Eastern Region,55.0,61.0
Northen Region,60.0,61.0
Southern Region,71.0,61.0
Western Region,78.0,61.0
National,82.0,61.0
Eastern Region,68.0,61.0
North-Eastern Region,55.0,61.0
Northen Region,60.0,61.0
Southern Region,71.0,61.0
Western Region,78.0,61.0
National,82.0,61.0
Eastern Region,68.0,61.0
North-Eastern Region,55.0,61.0
Northen Region,60.0,61.0
Southern Region,71.0,61.0
Western Region,78.0,61.0
National,82.0,61.0
Eastern Region,68.0,61.0
North-Eastern Region,55.0,61.0
Northen Region,60.0,61.0
Southern Region,71.0,61.0
Western Region,78.0,61.0
National,82.0,61.0
Eastern Region,68.0,61.0
North-Eastern Region,55.0,61.0
Northen Region,60.0,61.0
Southern Region,71.0,61.0
Western Region,77.0,61.0
National,82.0,61.0
Eastern Region,68.0,61.0
North-Eastern Region,55.0,61.0
Northen Region,60.0,61.0
Southern Region,71.0,61.0
Western Region,77.0,61.0
National,82.0,61.0
Eastern Region,68.0,61.0
North-Eastern Region,55.0,61.0
Northen Region,60.0,61.0
Southern Region,71.0,61.0
Western Region,77.0,61.0
National,81.0,61.0
Eastern Region,68.0,61.0
North-Eastern Region,55.0,61.0
Northen Region,60.0,61.0
Southern Region,71.0,61.0
Western Region,77.0,61.0
National,81.0,61.0
Eastern Region,68.0,61.0
North-Eastern Region,55.0,61.0
Northen Region,60.0,61.0
Southern Region,71.0,61.0
Western Region,77.0,61.0
National,81.0,62.0
Eastern Region,68.0,62.0
North-Eastern Region,55.0,62.0
Northen Region,60.0,62.0
Southern Region,71.0,62.0
Western Region,77.0,62.0
National,81.0,62.0
Eastern Region,68.0,62.0
North-Eastern Region,55.0,62.0
Northen Region,60.0,62.0
Southern Region,71.0,62.0
Western Region,77.0,62.0
National,81.0,62.0
Eastern Region,68.0,62.0
North-Eastern Region,55.0,62.0
Northen Region,60.0,62.0
Southern Region,71.0,62.0
Western Region,77.0,62.0
National,81.0,62.0
Eastern Region,68.0,62.0
North-Eastern Region,55.0,62.0
Northen Region,60.0,62.0
Southern Region,71.0,62.0
Western Region,77.0,62.0
National,81.0,62.0
Eastern Region,68.0,62.0
North-Eastern Region,55.0,62.0
Northen Region,60.0,62.0
Southern Region,71.0,62.0
Western Region,77.0,62.0
National,81.0,62.0
Eastern Region,68.0,62.0
North-Eastern Region,55.0,62.0
Northen Region,60.0,62.0
Southern Region,71.0,62.0
Western Region,77.0,62.0
National,81.0,62.0
Eastern Region,68.0,62.0
North-Eastern Region,55.0,62.0
Northen Region,60.0,62.0
Southern Region,71.0,62.0
Western Region,77.0,62.0
National,81.0,62.0
Eastern Region,68.0,62.0
North-Eastern Region,55.0,62.0
Northen Region,60.0,62.0
Southern Region,71.0,62.0
Western Region,77.0,62.0
National,81.0,62.0
Eastern Region,68.0,62.0
North-Eastern Region,55.0,62.0
Northen Region,60.0,62.0
Southern Region,71.0,62.0
Western Region,77.0,62.0
National,81.0,62.0
Eastern Region,68.0,62.0
North-Eastern Region,55.0,62.0
Northen Region,60.0,62.0
Southern Region,71.0,62.0
Western Region,77.0,62.0
National,81.0,62.0
Eastern Region,68.0,62.0
North-Eastern Region,55.0,62.0
Northen Region,60.0,62.0
Southern Region,71.0,62.0
Western Region,77.0,62.0
National,81.0,62.0
Eastern Region,68.0,62.0
North-Eastern Region,55.0,62.0
Northen Region,60.0,62.0
Southern Region,71.0,62.0
Western Region,77.0,62.0
National,81.0,62.0
Eastern Region,68.0,62.0
North-Eastern Region,55.0,62.0
Northen Region,60.0,62.0
Southern Region,71.0,62.0
Western Region,77.0,62.0
National,81.0,62.0
Eastern Region,68.0,62.0
North-Eastern Region,55.0,62.0
Northen Region,60.0,62.0
Southern Region,71.0,62.0
Western Region,77.0,62.0
National,81.0,62.0
Eastern Region,68.0,62.0
North-Eastern Region,55.0,62.0
Northen Region,60.0,62.0
Southern Region,71.0,62.0
Western Region,77.0,62.0
National,81.0,62.0
Eastern Region,68.0,62.0
North-Eastern Region,55.0,62.0
Northen Region,60.0,62.0
Southern Region,71.0,62.0
Western Region,77.0,62.0
National,81.0,62.0
Eastern Region,68.0,62.0
North-Eastern Region,55.0,62.0
Northen Region,60.0,62.0
Southern Region,71.0,62.0
Western Region,77.0,62.0
National,81.0,62.0
Eastern Region,68.0,62.0
North-Eastern Region,55.0,62.0
Northen Region,60.0,62.0
Southern Region,71.0,62.0
Western Region,77.0,62.0
National,81.0,62.0
Eastern Region,68.0,62.0
North-Eastern Region,55.0,62.0
Northen Region,60.0,62.0
Southern Region,71.0,62.0
Western Region,77.0,62.0
National,81.0,62.0
Eastern Region,68.0,62.0
North-Eastern Region,55.0,62.0
Northen Region,60.0,62.0
Southern Region,71.0,62.0
Western Region,77.0,62.0
National,81.0,62.0
Eastern Region,68.0,62.0
North-Eastern Region,55.0,62.0
Northen Region,59.0,62.0
Southern Region,71.0,62.0
Western Region,77.0,62.0
National,81.0,62.0
Eastern Region,68.0,62.0
North-Eastern Region,55.0,62.0
Northen Region,59.0,62.0
Southern Region,71.0,62.0
Western Region,77.0,62.0
National,81.0,62.0
Eastern Region,68.0,62.0
North-Eastern Region,55.0,62.0
Northen Region,59.0,62.0
Southern Region,71.0,62.0
Western Region,77.0,62.0
National,81.0,62.0
Eastern Region,68.0,62.0
North-Eastern Region,55.0,62.0
Northen Region,59.0,62.0
Southern Region,71.0,62.0
Western Region,77.0,62.0
National,81.0,62.0
Eastern Region,68.0,62.0
North-Eastern Region,55.0,62.0
Northen Region,59.0,62.0
Southern Region,71.0,62.0
Western Region,77.0,62.0
National,81.0,62.0
Eastern Region,68.0,62.0
North-Eastern Region,55.0,62.0
Northen Region,59.0,62.0
Southern Region,71.0,62.0
Western Region,77.0,62.0
National,81.0,62.0
Eastern Region,68.0,62.0
North-Eastern Region,55.0,62.0
Northen Region,59.0,62.0
Southern Region,71.0,62.0
Western Region,77.0,62.0
National,81.0,62.0
Eastern Region,68.0,62.0
North-Eastern Region,55.0,62.0
Northen Region,59.0,62.0
Southern Region,71.0,62.0
Western Region,77.0,62.0
National,81.0,62.0
Eastern Region,67.0,62.0
North-Eastern Region,55.0,62.0
Northen Region,59.0,62.0
Southern Region,71.0,62.0
Western Region,77.0,62.0
National,81.0,62.0
Eastern Region,67.0,62.0
North-Eastern Region,55.0,62.0
Northen Region,59.0,62.0
Southern Region,71.0,62.0
Western Region,77.0,62.0
National,81.0,62.0
Eastern Region,67.0,62.0
North-Eastern Region,55.0,62.0
Northen Region,59.0,62.0
Southern Region,71.0,62.0
Western Region,77.0,62.0
National,81.0,62.0
Eastern Region,67.0,62.0
North-Eastern Region,55.0,62.0
Northen Region,59.0,62.0
Southern Region,71.0,62.0
Western Region,77.0,62.0
National,81.0,62.0
Eastern Region,67.0,62.0
North-Eastern Region,55.0,62.0
Northen Region,59.0,62.0
Southern Region,71.0,62.0
Western Region,77.0,62.0
National,81.0,62.0
Eastern Region,67.0,62.0
North-Eastern Region,55.0,62.0
Northen Region,59.0,62.0
Southern Region,71.0,62.0
Western Region,77.0,62.0
National,81.0,62.0
Eastern Region,67.0,62.0
North-Eastern Region,55.0,62.0
Northen Region,59.0,62.0
Southern Region,71.0,62.0
Western Region,77.0,62.0
National,81.0,62.0
Eastern Region,67.0,62.0
North-Eastern Region,55.0,62.0
Northen Region,59.0,62.0
Southern Region,71.0,62.0
Western Region,77.0,62.0
National,81.0,62.0
Eastern Region,67.0,62.0
North-Eastern Region,55.0,62.0
Northen Region,59.0,62.0
Southern Region,71.0,62.0
Western Region,77.0,62.0
National,81.0,62.0
Eastern Region,67.0,62.0
North-Eastern Region,55.0,62.0
Northen Region,59.0,62.0
Southern Region,71.0,62.0
Western Region,77.0,62.0
National,81.0,62.0
Eastern Region,67.0,62.0
North-Eastern Region,55.0,62.0
Northen Region,59.0,62.0
Southern Region,71.0,62.0
Western Region,77.0,62.0
National,81.0,62.0
Eastern Region,67.0,62.0
North-Eastern Region,55.0,62.0
Northen Region,59.0,62.0
Southern Region,71.0,62.0
Western Region,77.0,62.0
National,81.0,62.0
Eastern Region,67.0,62.0
North-Eastern Region,55.0,62.0
Northen Region,59.0,62.0
Southern Region,71.0,62.0
Western Region,77.0,62.0
National,81.0,62.0
Eastern Region,67.0,62.0
North-Eastern Region,55.0,62.0
Northen Region,59.0,62.0
Southern Region,71.0,62.0
Western Region,77.0,62.0
National,81.0,62.0
Eastern Region,67.0,62.0
North-Eastern Region,55.0,62.0
Northen Region,59.0,62.0
Southern Region,71.0,62.0
Western Region,77.0,62.0
National,81.0,63.0
Eastern Region,67.0,63.0
North-Eastern Region,55.0,63.0
Northen Region,59.0,63.0
Southern Region,71.0,63.0
Western Region,77.0,63.0
National,81.0,63.0
Eastern Region,67.0,63.0
North-Eastern Region,55.0,63.0
Northen Region,59.0,63.0
Southern Region,71.0,63.0
Western Region,77.0,63.0
National,81.0,63.0
Eastern Region,67.0,63.0
North-Eastern Region,55.0,63.0
Northen Region,59.0,63.0
Southern Region,71.0,63.0
Western Region,77.0,63.0
National,81.0,63.0
Eastern Region,67.0,63.0
North-Eastern Region,55.0,63.0
Northen Region,59.0,63.0
Southern Region,71.0,63.0
Western Region,77.0,63.0
National,81.0,63.0
Eastern Region,67.0,63.0
North-Eastern Region,55.0,63.0
Northen Region,59.0,63.0
Southern Region,71.0,63.0
Western Region,77.0,63.0
National,81.0,63.0
Eastern Region,67.0,63.0
North-Eastern Region,55.0,63.0
Northen Region,59.0,63.0
Southern Region,71.0,63.0
Western Region,77.0,63.0
National,81.0,63.0
Eastern Region,67.0,63.0
North-Eastern Region,55.0,63.0
Northen Region,59.0,63.0
Southern Region,71.0,63.0
Western Region,77.0,63.0
National,81.0,63.0
Eastern Region,67.0,63.0
North-Eastern Region,55.0,63.0
Northen Region,59.0,63.0
Southern Region,71.0,63.0
Western Region,77.0,63.0
National,81.0,63.0
Eastern Region,67.0,63.0
North-Eastern Region,55.0,63.0
Northen Region,59.0,63.0
Southern Region,71.0,63.0
Western Region,77.0,63.0
National,81.0,63.0
Eastern Region,67.0,63.0
North-Eastern Region,55.0,63.0
Northen Region,59.0,63.0
Southern Region,71.0,63.0
Western Region,77.0,63.0
National,81.0,63.0
Eastern Region,67.0,63.0
North-Eastern Region,55.0,63.0
Northen Region,59.0,63.0
Southern Region,71.0,63.0
Western Region,77.0,63.0
National,81.0,63.0
Eastern Region,67.0,63.0
North-Eastern Region,55.0,63.0
Northen Region,59.0,63.0
Southern Region,71.0,63.0
Western Region,77.0,63.0
National,81.0,63.0
Eastern Region,67.0,63.0
North-Eastern Region,55.0,63.0
Northen Region,59.0,63.0
Southern Region,71.0,63.0
Western Region,77.0,63.0
National,81.0,63.0
Eastern Region,67.0,63.0
North-Eastern Region,55.0,63.0
Northen Region,59.0,63.0
Southern Region,71.0,63.0
Western Region,77.0,63.0
National,81.0,63.0
Eastern Region,67.0,63.0
North-Eastern Region,55.0,63.0
Northen Region,59.0,63.0
Southern Region,71.0,63.0
Western Region,77.0,63.0
National,81.0,63.0
Eastern Region,67.0,63.0
North-Eastern Region,55.0,63.0
Northen Region,59.0,63.0
Southern Region,71.0,63.0
Western Region,77.0,63.0
National,81.0,63.0
Eastern Region,67.0,63.0
North-Eastern Region,55.0,63.0
Northen Region,59.0,63.0
Southern Region,71.0,63.0
Western Region,77.0,63.0
National,81.0,63.0
Eastern Region,67.0,63.0
North-Eastern Region,54.0,63.0
Northen Region,59.0,63.0
Southern Region,71.0,63.0
Western Region,77.0,63.0
National,81.0,63.0
Eastern Region,67.0,63.0
North-Eastern Region,54.0,63.0
Northen Region,59.0,63.0
Southern Region,71.0,63.0
Western Region,77.0,63.0
National,81.0,63.0
Eastern Region,67.0,63.0
North-Eastern Region,54.0,63.0
Northen Region,59.0,63.0
Southern Region,71.0,63.0
Western Region,77.0,63.0
National,81.0,63.0
Eastern Region,67.0,63.0
North-Eastern Region,54.0,63.0
Northen Region,59.0,63.0
Southern Region,71.0,63.0
Western Region,77.0,63.0
National,81.0,63.0
Eastern Region,67.0,63.0
North-Eastern Region,54.0,63.0
Northen Region,59.0,63.0
Southern Region,71.0,63.0
Western Region,77.0,63.0
National,81.0,63.0
Eastern Region,67.0,63.0
North-Eastern Region,54.0,63.0
Northen Region,59.0,63.0
Southern Region,71.0,63.0
Western Region,77.0,63.0
National,81.0,63.0
Eastern Region,67.0,63.0
North-Eastern Region,54.0,63.0
Northen Region,59.0,63.0
Southern Region,71.0,63.0
Western Region,77.0,63.0
National,81.0,63.0
Eastern Region,67.0,63.0
North-Eastern Region,54.0,63.0
Northen Region,59.0,63.0
Southern Region,71.0,63.0
Western Region,77.0,63.0
National,81.0,63.0
Eastern Region,67.0,63.0
North-Eastern Region,54.0,63.0
Northen Region,59.0,63.0
Southern Region,71.0,63.0
Western Region,77.0,63.0
National,81.0,63.0
Eastern Region,67.0,63.0
North-Eastern Region,54.0,63.0
Northen Region,59.0,63.0
Southern Region,71.0,63.0
Western Region,77.0,63.0
National,81.0,63.0
Eastern Region,67.0,63.0
North-Eastern Region,54.0,63.0
Northen Region,59.0,63.0
Southern Region,71.0,63.0
Western Region,77.0,63.0
National,81.0,63.0
Eastern Region,67.0,63.0
North-Eastern Region,54.0,63.0
Northen Region,59.0,63.0
Southern Region,71.0,63.0
Western Region,77.0,63.0
National,81.0,63.0
Eastern Region,67.0,63.0
North-Eastern Region,54.0,63.0
Northen Region,59.0,63.0
Southern Region,71.0,63.0
Western Region,77.0,63.0
National,81.0,63.0
Eastern Region,67.0,63.0
North-Eastern Region,54.0,63.0
Northen Region,59.0,63.0
Southern Region,71.0,63.0
Western Region,77.0,63.0
National,81.0,63.0
Eastern Region,67.0,63.0
North-Eastern Region,54.0,63.0
Northen Region,59.0,63.0
Southern Region,71.0,63.0
Western Region,77.0,63.0
National,81.0,63.0
Eastern Region,67.0,63.0
North-Eastern Region,54.0,63.0
Northen Region,59.0,63.0
Southern Region,71.0,63.0
Western Region,77.0,63.0
National,81.0,63.0
Eastern Region,67.0,63.0
North-Eastern Region,54.0,63.0
Northen Region,59.0,63.0
Southern Region,71.0,63.0
Western Region,77.0,63.0
National,81.0,63.0
Eastern Region,67.0,63.0
North-Eastern Region,54.0,63.0
Northen Region,59.0,63.0
Southern Region,71.0,63.0
Western Region,77.0,63.0
National,81.0,63.0
Eastern Region,67.0,63.0
North-Eastern Region,54.0,63.0
Northen Region,59.0,63.0
Southern Region,71.0,63.0
Western Region,77.0,63.0
National,81.0,63.0
Eastern Region,67.0,63.0
North-Eastern Region,54.0,63.0
Northen Region,59.0,63.0
Southern Region,71.0,63.0
Western Region,77.0,63.0
National,81.0,63.0
Eastern Region,67.0,63.0
North-Eastern Region,54.0,63.0
Northen Region,59.0,63.0
Southern Region,71.0,63.0
Western Region,77.0,63.0
National,81.0,63.0
Eastern Region,67.0,63.0
North-Eastern Region,54.0,63.0
Northen Region,59.0,63.0
Southern Region,71.0,63.0
Western Region,77.0,63.0
National,81.0,63.0
Eastern Region,67.0,63.0
North-Eastern Region,54.0,63.0
Northen Region,59.0,63.0
Southern Region,71.0,63.0
Western Region,77.0,63.0
National,81.0,63.0
Eastern Region,67.0,63.0
North-Eastern Region,54.0,63.0
Northen Region,59.0,63.0
Southern Region,71.0,63.0
Western Region,77.0,63.0
National,81.0,63.0
Eastern Region,67.0,63.0
North-Eastern Region,54.0,63.0
Northen Region,59.0,63.0
Southern Region,71.0,63.0
Western Region,77.0,63.0
National,81.0,63.0
Eastern Region,67.0,63.0
North-Eastern Region,54.0,63.0
Northen Region,59.0,63.0
Southern Region,71.0,63.0
Western Region,77.0,63.0
National,81.0,63.0
Eastern Region,67.0,63.0
North-Eastern Region,54.0,63.0
Northen Region,59.0,63.0
Southern Region,71.0,63.0
Western Region,77.0,63.0
National,81.0,64.0
Eastern Region,67.0,64.0
North-Eastern Region,54.0,64.0
Northen Region,59.0,64.0
Southern Region,71.0,64.0
Western Region,77.0,64.0
National,81.0,64.0
Eastern Region,67.0,64.0
North-Eastern Region,54.0,64.0
Northen Region,59.0,64.0
Southern Region,71.0,64.0
Western Region,77.0,64.0
National,81.0,64.0
Eastern Region,67.0,64.0
North-Eastern Region,54.0,64.0
Northen Region,59.0,64.0
Southern Region,70.0,64.0
Western Region,77.0,64.0
National,81.0,64.0
Eastern Region,67.0,64.0
North-Eastern Region,54.0,64.0
Northen Region,59.0,64.0
Southern Region,70.0,64.0
Western Region,77.0,64.0
National,81.0,64.0
Eastern Region,67.0,64.0
North-Eastern Region,54.0,64.0
Northen Region,59.0,64.0
Southern Region,70.0,64.0
Western Region,77.0,64.0
National,81.0,64.0
Eastern Region,67.0,64.0
North-Eastern Region,54.0,64.0
Northen Region,59.0,64.0
Southern Region,70.0,64.0
Western Region,77.0,64.0
National,81.0,64.0
Eastern Region,67.0,64.0
North-Eastern Region,54.0,64.0
Northen Region,59.0,64.0
Southern Region,70.0,64.0
Western Region,77.0,64.0
National,81.0,64.0
Eastern Region,67.0,64.0
North-Eastern Region,54.0,64.0
Northen Region,59.0,64.0
Southern Region,70.0,64.0
Western Region,77.0,64.0
National,81.0,64.0
Eastern Region,67.0,64.0
North-Eastern Region,54.0,64.0
Northen Region,59.0,64.0
Southern Region,70.0,64.0
Western Region,77.0,64.0
National,81.0,64.0
Eastern Region,67.0,64.0
North-Eastern Region,54.0,64.0
Northen Region,59.0,64.0
Southern Region,70.0,64.0
Western Region,77.0,64.0
National,81.0,64.0
Eastern Region,67.0,64.0
North-Eastern Region,54.0,64.0
Northen Region,59.0,64.0
Southern Region,70.0,64.0
Western Region,77.0,64.0
National,81.0,64.0
Eastern Region,67.0,64.0
North-Eastern Region,54.0,64.0
Northen Region,59.0,64.0
Southern Region,70.0,64.0
Western Region,77.0,64.0
National,81.0,64.0
Eastern Region,67.0,64.0
North-Eastern Region,54.0,64.0
Northen Region,59.0,64.0
Southern Region,70.0,64.0
Western Region,77.0,64.0
National,81.0,64.0
Eastern Region,67.0,64.0
North-Eastern Region,54.0,64.0
Northen Region,59.0,64.0
Southern Region,70.0,64.0
Western Region,77.0,64.0
National,81.0,64.0
Eastern Region,67.0,64.0
North-Eastern Region,54.0,64.0
Northen Region,59.0,64.0
Southern Region,70.0,64.0
Western Region,77.0,64.0
National,81.0,64.0
Eastern Region,67.0,64.0
North-Eastern Region,54.0,64.0
Northen Region,59.0,64.0
Southern Region,70.0,64.0
Western Region,77.0,64.0
National,81.0,64.0
Eastern Region,67.0,64.0
North-Eastern Region,54.0,64.0
Northen Region,59.0,64.0
Southern Region,70.0,64.0
Western Region,77.0,64.0
National,81.0,64.0
Eastern Region,67.0,64.0
North-Eastern Region,54.0,64.0
Northen Region,59.0,64.0
Southern Region,70.0,64.0
Western Region,77.0,64.0
National,81.0,64.0
Eastern Region,67.0,64.0
North-Eastern Region,54.0,64.0
Northen Region,59.0,64.0
Southern Region,70.0,64.0
Western Region,77.0,64.0
National,81.0,64.0
Eastern Region,67.0,64.0
North-Eastern Region,54.0,64.0
Northen Region,59.0,64.0
Southern Region,70.0,64.0
Western Region,77.0,64.0
National,81.0,64.0
Eastern Region,67.0,64.0
North-Eastern Region,54.0,64.0
Northen Region,59.0,64.0
Southern Region,70.0,64.0
Western Region,77.0,64.0
National,81.0,64.0
Eastern Region,67.0,64.0
North-Eastern Region,54.0,64.0
Northen Region,59.0,64.0
Southern Region,70.0,64.0
Western Region,77.0,64.0
National,81.0,64.0
Eastern Region,67.0,64.0
North-Eastern Region,54.0,64.0
Northen Region,59.0,64.0
Southern Region,70.0,64.0
Western Region,77.0,64.0
National,81.0,64.0
Eastern Region,67.0,64.0
North-Eastern Region,54.0,64.0
Northen Region,59.0,64.0
Southern Region,70.0,64.0
Western Region,77.0,64.0
National,81.0,64.0
Eastern Region,67.0,64.0
North-Eastern Region,54.0,64.0
Northen Region,59.0,64.0
Southern Region,70.0,64.0
Western Region,77.0,64.0
National,81.0,64.0
Eastern Region,67.0,64.0
North-Eastern Region,54.0,64.0
Northen Region,59.0,64.0
Southern Region,70.0,64.0
Western Region,77.0,64.0
National,81.0,64.0
Eastern Region,67.0,64.0
North-Eastern Region,54.0,64.0
Northen Region,59.0,64.0
Southern Region,70.0,64.0
Western Region,77.0,64.0
National,81.0,64.0
Eastern Region,67.0,64.0
North-Eastern Region,54.0,64.0
Northen Region,59.0,64.0
Southern Region,70.0,64.0
Western Region,77.0,64.0
National,81.0,64.0
Eastern Region,67.0,64.0
North-Eastern Region,54.0,64.0
Northen Region,59.0,64.0
Southern Region,70.0,64.0
Western Region,77.0,64.0
National,81.0,64.0
Eastern Region,67.0,64.0
North-Eastern Region,54.0,64.0
Northen Region,59.0,64.0
Southern Region,70.0,64.0
Western Region,77.0,64.0
National,81.0,64.0
Eastern Region,67.0,64.0
North-Eastern Region,54.0,64.0
Northen Region,59.0,64.0
Southern Region,70.0,64.0
Western Region,77.0,64.0
National,81.0,64.0
Eastern Region,67.0,64.0
North-Eastern Region,54.0,64.0
Northen Region,59.0,64.0
Southern Region,70.0,64.0
Western Region,77.0,64.0
National,81.0,64.0
Eastern Region,67.0,64.0
North-Eastern Region,54.0,64.0
Northen Region,59.0,64.0
Southern Region,70.0,64.0
Western Region,77.0,64.0
National,81.0,64.0
Eastern Region,67.0,64.0
North-Eastern Region,54.0,64.0
Northen Region,59.0,64.0
Southern Region,70.0,64.0
Western Region,77.0,64.0
National,81.0,64.0
Eastern Region,67.0,64.0
North-Eastern Region,54.0,64.0
Northen Region,59.0,64.0
Southern Region,70.0,64.0
Western Region,77.0,64.0
National,81.0,64.0
Eastern Region,67.0,64.0
North-Eastern Region,54.0,64.0
Northen Region,59.0,64.0
Southern Region,70.0,64.0
Western Region,77.0,64.0
National,81.0,64.0
Eastern Region,67.0,64.0
North-Eastern Region,54.0,64.0
Northen Region,59.0,64.0
Southern Region,70.0,64.0
Western Region,77.0,64.0
National,81.0,64.0
Eastern Region,67.0,64.0
North-Eastern Region,54.0,64.0
Northen Region,59.0,64.0
Southern Region,70.0,64.0
Western Region,77.0,64.0
National,81.0,64.0
Eastern Region,67.0,64.0
North-Eastern Region,54.0,64.0
Northen Region,59.0,64.0
Southern Region,70.0,64.0
Western Region,77.0,64.0
National,81.0,64.0
Eastern Region,67.0,64.0
North-Eastern Region,54.0,64.0
Northen Region,59.0,64.0
Southern Region,70.0,64.0
Western Region,77.0,64.0
National,81.0,64.0
Eastern Region,67.0,64.0
North-Eastern Region,54.0,64.0
Northen Region,59.0,64.0
Southern Region,70.0,64.0
Western Region,77.0,64.0
National,81.0,64.0
Eastern Region,67.0,64.0
North-Eastern Region,54.0,64.0
Northen Region,59.0,64.0
Southern Region,70.0,64.0
Western Region,77.0,64.0
National,81.0,64.0
Eastern Region,67.0,64.0
North-Eastern Region,54.0,64.0
Northen Region,59.0,64.0
Southern Region,70.0,64.0
Western Region,77.0,64.0
National,81.0,65.0
Eastern Region,67.0,65.0
North-Eastern Region,54.0,65.0
Northen Region,59.0,65.0
Southern Region,70.0,65.0
Western Region,77.0,65.0
National,81.0,65.0
Eastern Region,67.0,65.0
North-Eastern Region,54.0,65.0
Northen Region,59.0,65.0
Southern Region,70.0,65.0
Western Region,77.0,65.0
National,81.0,65.0
Eastern Region,67.0,65.0
North-Eastern Region,54.0,65.0
Northen Region,59.0,65.0
Southern Region,70.0,65.0
Western Region,77.0,65.0
National,81.0,65.0
Eastern Region,67.0,65.0
North-Eastern Region,54.0,65.0
Northen Region,59.0,65.0
Southern Region,70.0,65.0
Western Region,77.0,65.0
National,81.0,65.0
Eastern Region,67.0,65.0
North-Eastern Region,54.0,65.0
Northen Region,59.0,65.0
Southern Region,70.0,65.0
Western Region,77.0,65.0
National,81.0,65.0
Eastern Region,67.0,65.0
North-Eastern Region,54.0,65.0
Northen Region,59.0,65.0
Southern Region,70.0,65.0
Western Region,77.0,65.0
National,81.0,65.0
Eastern Region,67.0,65.0
North-Eastern Region,54.0,65.0
Northen Region,59.0,65.0
Southern Region,70.0,65.0
Western Region,77.0,65.0
National,81.0,65.0
Eastern Region,67.0,65.0
North-Eastern Region,54.0,65.0
Northen Region,59.0,65.0
Southern Region,70.0,65.0
Western Region,77.0,65.0
National,81.0,65.0
Eastern Region,67.0,65.0
North-Eastern Region,54.0,65.0
Northen Region,59.0,65.0
Southern Region,70.0,65.0
Western Region,77.0,65.0
National,81.0,65.0
Eastern Region,67.0,65.0
North-Eastern Region,54.0,65.0
Northen Region,59.0,65.0
Southern Region,70.0,65.0
Western Region,77.0,65.0
National,81.0,65.0
Eastern Region,67.0,65.0
North-Eastern Region,54.0,65.0
Northen Region,59.0,65.0
Southern Region,70.0,65.0
Western Region,77.0,65.0
National,81.0,65.0
Eastern Region,67.0,65.0
North-Eastern Region,54.0,65.0
Northen Region,59.0,65.0
Southern Region,70.0,65.0
Western Region,77.0,65.0
National,81.0,65.0
Eastern Region,67.0,65.0
North-Eastern Region,54.0,65.0
Northen Region,59.0,65.0
Southern Region,70.0,65.0
Western Region,77.0,65.0
National,81.0,65.0
Eastern Region,67.0,65.0
North-Eastern Region,54.0,65.0
Northen Region,59.0,65.0
Southern Region,70.0,65.0
Western Region,77.0,65.0
National,81.0,65.0
Eastern Region,67.0,65.0
North-Eastern Region,54.0,65.0
Northen Region,59.0,65.0
Southern Region,70.0,65.0
Western Region,77.0,65.0
National,81.0,65.0
Eastern Region,67.0,65.0
North-Eastern Region,54.0,65.0
Northen Region,59.0,65.0
Southern Region,70.0,65.0
Western Region,77.0,65.0
National,81.0,65.0
Eastern Region,67.0,65.0
North-Eastern Region,54.0,65.0
Northen Region,59.0,65.0
Southern Region,70.0,65.0
Western Region,77.0,65.0
National,81.0,65.0
Eastern Region,67.0,65.0
North-Eastern Region,54.0,65.0
Northen Region,59.0,65.0
Southern Region,70.0,65.0
Western Region,77.0,65.0
National,81.0,65.0
Eastern Region,67.0,65.0
North-Eastern Region,54.0,65.0
Northen Region,59.0,65.0
Southern Region,70.0,65.0
Western Region,77.0,65.0
National,81.0,65.0
Eastern Region,67.0,65.0
North-Eastern Region,54.0,65.0
Northen Region,59.0,65.0
Southern Region,70.0,65.0
Western Region,77.0,65.0
National,81.0,65.0
Eastern Region,67.0,65.0
North-Eastern Region,54.0,65.0
Northen Region,59.0,65.0
Southern Region,70.0,65.0
Western Region,77.0,65.0
National,81.0,65.0
Eastern Region,67.0,65.0
North-Eastern Region,54.0,65.0
Northen Region,59.0,65.0
Southern Region,70.0,65.0
Western Region,77.0,65.0
National,81.0,65.0
Eastern Region,67.0,65.0
North-Eastern Region,54.0,65.0
Northen Region,59.0,65.0
Southern Region,70.0,65.0
Western Region,77.0,65.0
National,81.0,65.0
Eastern Region,67.0,65.0
North-Eastern Region,54.0,65.0
Northen Region,59.0,65.0
Southern Region,70.0,65.0
Western Region,77.0,65.0
National,81.0,65.0
Eastern Region,67.0,65.0
North-Eastern Region,54.0,65.0
Northen Region,59.0,65.0
Southern Region,70.0,65.0
Western Region,77.0,65.0
National,81.0,65.0
Eastern Region,67.0,65.0
North-Eastern Region,54.0,65.0
Northen Region,59.0,65.0
Southern Region,70.0,65.0
Western Region,77.0,65.0
National,81.0,65.0
Eastern Region,67.0,65.0
North-Eastern Region,54.0,65.0
Northen Region,59.0,65.0
Southern Region,70.0,65.0
Western Region,77.0,65.0
National,81.0,65.0
Eastern Region,67.0,65.0
North-Eastern Region,54.0,65.0
Northen Region,59.0,65.0
Southern Region,70.0,65.0
Western Region,77.0,65.0
National,81.0,65.0
Eastern Region,67.0,65.0
North-Eastern Region,54.0,65.0
Northen Region,59.0,65.0
Southern Region,70.0,65.0
Western Region,77.0,65.0
National,81.0,65.0
Eastern Region,67.0,65.0
North-Eastern Region,54.0,65.0
Northen Region,59.0,65.0
Southern Region,70.0,65.0
Western Region,77.0,65.0
National,81.0,65.0
Eastern Region,67.0,65.0
North-Eastern Region,54.0,65.0
Northen Region,59.0,65.0
Southern Region,70.0,65.0
Western Region,76.0,65.0
National,81.0,65.0
Eastern Region,67.0,65.0
North-Eastern Region,54.0,65.0
Northen Region,59.0,65.0
Southern Region,70.0,65.0
Western Region,76.0,65.0
National,81.0,65.0
Eastern Region,67.0,65.0
North-Eastern Region,54.0,65.0
Northen Region,59.0,65.0
Southern Region,70.0,65.0
Western Region,76.0,65.0
National,81.0,65.0
Eastern Region,67.0,65.0
North-Eastern Region,54.0,65.0
Northen Region,59.0,65.0
Southern Region,70.0,65.0
Western Region,76.0,65.0
National,81.0,65.0
Eastern Region,67.0,65.0
North-Eastern Region,54.0,65.0
Northen Region,59.0,65.0
Southern Region,70.0,65.0
Western Region,76.0,65.0
National,81.0,65.0
Eastern Region,67.0,65.0
North-Eastern Region,54.0,65.0
Northen Region,59.0,65.0
Southern Region,70.0,65.0
Western Region,76.0,65.0
National,81.0,65.0
Eastern Region,67.0,65.0
North-Eastern Region,54.0,65.0
Northen Region,59.0,65.0
Southern Region,70.0,65.0
Western Region,76.0,65.0
National,81.0,65.0
Eastern Region,67.0,65.0
North-Eastern Region,54.0,65.0
Northen Region,59.0,65.0
Southern Region,70.0,65.0
Western Region,76.0,65.0
National,81.0,65.0
Eastern Region,67.0,65.0
North-Eastern Region,54.0,65.0
Northen Region,59.0,65.0
Southern Region,70.0,65.0
Western Region,76.0,65.0
National,81.0,65.0
Eastern Region,67.0,65.0
North-Eastern Region,54.0,65.0
Northen Region,59.0,65.0
Southern Region,70.0,65.0
Western Region,76.0,65.0
National,81.0,65.0
Eastern Region,67.0,65.0
North-Eastern Region,54.0,65.0
Northen Region,59.0,65.0
Southern Region,70.0,65.0
Western Region,76.0,65.0
National,81.0,65.0
Eastern Region,67.0,65.0
North-Eastern Region,54.0,65.0
Northen Region,59.0,65.0
Southern Region,70.0,65.0
Western Region,76.0,65.0
National,81.0,65.0
Eastern Region,67.0,65.0
North-Eastern Region,54.0,65.0
Northen Region,59.0,65.0
Southern Region,70.0,65.0
Western Region,76.0,65.0
National,81.0,65.0
Eastern Region,67.0,65.0
North-Eastern Region,54.0,65.0
Northen Region,59.0,65.0
Southern Region,70.0,65.0
Western Region,76.0,65.0
National,81.0,66.0
Eastern Region,67.0,66.0
North-Eastern Region,54.0,66.0
Northen Region,59.0,66.0
Southern Region,70.0,66.0
Western Region,76.0,66.0
National,81.0,66.0
Eastern Region,67.0,66.0
North-Eastern Region,54.0,66.0
Northen Region,59.0,66.0
Southern Region,70.0,66.0
Western Region,76.0,66.0
National,81.0,66.0
Eastern Region,67.0,66.0
North-Eastern Region,54.0,66.0
Northen Region,59.0,66.0
Southern Region,70.0,66.0
Western Region,76.0,66.0
National,81.0,66.0
Eastern Region,67.0,66.0
North-Eastern Region,54.0,66.0
Northen Region,59.0,66.0
Southern Region,70.0,66.0
Western Region,76.0,66.0
National,81.0,66.0
Eastern Region,67.0,66.0
North-Eastern Region,54.0,66.0
Northen Region,59.0,66.0
Southern Region,70.0,66.0
Western Region,76.0,66.0
National,81.0,66.0
Eastern Region,67.0,66.0
North-Eastern Region,54.0,66.0
Northen Region,58.0,66.0
Southern Region,70.0,66.0
Western Region,76.0,66.0
National,81.0,66.0
Eastern Region,67.0,66.0
North-Eastern Region,54.0,66.0
Northen Region,58.0,66.0
Southern Region,70.0,66.0
Western Region,76.0,66.0
National,81.0,66.0
Eastern Region,67.0,66.0
North-Eastern Region,54.0,66.0
Northen Region,58.0,66.0
Southern Region,70.0,66.0
Western Region,76.0,66.0
National,81.0,66.0
Eastern Region,67.0,66.0
North-Eastern Region,54.0,66.0
Northen Region,58.0,66.0
Southern Region,70.0,66.0
Western Region,76.0,66.0
National,81.0,66.0
Eastern Region,67.0,66.0
North-Eastern Region,54.0,66.0
Northen Region,58.0,66.0
Southern Region,70.0,66.0
Western Region,76.0,66.0
National,81.0,66.0
Eastern Region,67.0,66.0
North-Eastern Region,54.0,66.0
Northen Region,58.0,66.0
Southern Region,70.0,66.0
Western Region,76.0,66.0
National,81.0,66.0
Eastern Region,67.0,66.0
North-Eastern Region,54.0,66.0
Northen Region,58.0,66.0
Southern Region,70.0,66.0
Western Region,76.0,66.0
National,81.0,66.0
Eastern Region,67.0,66.0
North-Eastern Region,54.0,66.0
Northen Region,58.0,66.0
Southern Region,70.0,66.0
Western Region,76.0,66.0
National,81.0,66.0
Eastern Region,67.0,66.0
North-Eastern Region,54.0,66.0
Northen Region,58.0,66.0
Southern Region,70.0,66.0
Western Region,76.0,66.0
National,81.0,66.0
Eastern Region,67.0,66.0
North-Eastern Region,54.0,66.0
Northen Region,58.0,66.0
Southern Region,70.0,66.0
Western Region,76.0,66.0
National,81.0,66.0
Eastern Region,67.0,66.0
North-Eastern Region,54.0,66.0
Northen Region,58.0,66.0
Southern Region,70.0,66.0
Western Region,76.0,66.0
National,81.0,66.0
Eastern Region,67.0,66.0
North-Eastern Region,54.0,66.0
Northen Region,58.0,66.0
Southern Region,70.0,66.0
Western Region,76.0,66.0
National,81.0,66.0
Eastern Region,67.0,66.0
North-Eastern Region,54.0,66.0
Northen Region,58.0,66.0
Southern Region,70.0,66.0
Western Region,76.0,66.0
National,81.0,66.0
Eastern Region,67.0,66.0
North-Eastern Region,54.0,66.0
Northen Region,58.0,66.0
Southern Region,70.0,66.0
Western Region,76.0,66.0
National,81.0,66.0
Eastern Region,67.0,66.0
North-Eastern Region,54.0,66.0
Northen Region,58.0,66.0
Southern Region,70.0,66.0
Western Region,76.0,66.0
National,81.0,66.0
Eastern Region,67.0,66.0
North-Eastern Region,54.0,66.0
Northen Region,58.0,66.0
Southern Region,70.0,66.0
Western Region,76.0,66.0
National,81.0,66.0
Eastern Region,67.0,66.0
North-Eastern Region,54.0,66.0
Northen Region,58.0,66.0
Southern Region,70.0,66.0
Western Region,76.0,66.0
National,81.0,66.0
Eastern Region,67.0,66.0
North-Eastern Region,54.0,66.0
Northen Region,58.0,66.0
Southern Region,70.0,66.0
Western Region,76.0,66.0
National,81.0,66.0
Eastern Region,67.0,66.0
North-Eastern Region,54.0,66.0
Northen Region,58.0,66.0
Southern Region,70.0,66.0
Western Region,76.0,66.0
National,81.0,66.0
Eastern Region,67.0,66.0
North-Eastern Region,54.0,66.0
Northen Region,58.0,66.0
Southern Region,70.0,66.0
Western Region,76.0,66.0
National,81.0,66.0
Eastern Region,67.0,66.0
North-Eastern Region,54.0,66.0
Northen Region,58.0,66.0
Southern Region,70.0,66.0
Western Region,76.0,66.0
National,80.0,66.0
Eastern Region,67.0,66.0
North-Eastern Region,54.0,66.0
Northen Region,58.0,66.0
Southern Region,70.0,66.0
Western Region,76.0,66.0
National,80.0,66.0
Eastern Region,67.0,66.0
North-Eastern Region,54.0,66.0
Northen Region,58.0,66.0
Southern Region,70.0,66.0
Western Region,76.0,66.0
National,80.0,66.0
Eastern Region,67.0,66.0
North-Eastern Region,54.0,66.0
Northen Region,58.0,66.0
Southern Region,70.0,66.0
Western Region,76.0,66.0
National,80.0,66.0
Eastern Region,66.0,66.0
North-Eastern Region,54.0,66.0
Northen Region,58.0,66.0
Southern Region,70.0,66.0
Western Region,76.0,66.0
National,80.0,66.0
Eastern Region,66.0,66.0
North-Eastern Region,54.0,66.0
Northen Region,58.0,66.0
Southern Region,70.0,66.0
Western Region,76.0,66.0
National,80.0,66.0
Eastern Region,66.0,66.0
North-Eastern Region,54.0,66.0
Northen Region,58.0,66.0
Southern Region,70.0,66.0
Western Region,76.0,66.0
National,80.0,66.0
Eastern Region,66.0,66.0
North-Eastern Region,54.0,66.0
Northen Region,58.0,66.0
Southern Region,70.0,66.0
Western Region,76.0,66.0
National,80.0,66.0
Eastern Region,66.0,66.0
North-Eastern Region,54.0,66.0
Northen Region,58.0,66.0
Southern Region,70.0,66.0
Western Region,76.0,66.0
National,80.0,66.0
Eastern Region,66.0,66.0
North-Eastern Region,54.0,66.0
Northen Region,58.0,66.0
Southern Region,70.0,66.0
Western Region,76.0,66.0
National,80.0,66.0
Eastern Region,66.0,66.0
North-Eastern Region,54.0,66.0
Northen Region,58.0,66.0
Southern Region,70.0,66.0
Western Region,76.0,66.0
National,80.0,66.0
Eastern Region,66.0,66.0
North-Eastern Region,54.0,66.0
Northen Region,58.0,66.0
Southern Region,70.0,66.0
Western Region,76.0,66.0
National,80.0,66.0
Eastern Region,66.0,66.0
North-Eastern Region,54.0,66.0
Northen Region,58.0,66.0
Southern Region,70.0,66.0
Western Region,76.0,66.0
National,80.0,66.0
Eastern Region,66.0,66.0
North-Eastern Region,54.0,66.0
Northen Region,58.0,66.0
Southern Region,70.0,66.0
Western Region,76.0,66.0
National,80.0,66.0
Eastern Region,66.0,66.0
North-Eastern Region,54.0,66.0
Northen Region,58.0,66.0
Southern Region,70.0,66.0
Western Region,76.0,66.0
National,80.0,66.0
Eastern Region,66.0,66.0
North-Eastern Region,53.0,66.0
Northen Region,58.0,66.0
Southern Region,70.0,66.0
Western Region,76.0,66.0
National,80.0,66.0
Eastern Region,66.0,66.0
North-Eastern Region,53.0,66.0
Northen Region,58.0,66.0
Southern Region,70.0,66.0
Western Region,76.0,66.0
National,80.0,66.0
Eastern Region,66.0,66.0
North-Eastern Region,53.0,66.0
Northen Region,58.0,66.0
Southern Region,70.0,66.0
Western Region,76.0,66.0
National,80.0,67.0
Eastern Region,66.0,67.0
North-Eastern Region,53.0,67.0
Northen Region,58.0,67.0
Southern Region,70.0,67.0
Western Region,76.0,67.0
National,80.0,67.0
Eastern Region,66.0,67.0
North-Eastern Region,53.0,67.0
Northen Region,58.0,67.0
Southern Region,70.0,67.0
Western Region,76.0,67.0
National,80.0,67.0
Eastern Region,66.0,67.0
North-Eastern Region,53.0,67.0
Northen Region,58.0,67.0
Southern Region,70.0,67.0
Western Region,76.0,67.0
National,80.0,67.0
Eastern Region,66.0,67.0
North-Eastern Region,53.0,67.0
Northen Region,58.0,67.0
Southern Region,70.0,67.0
Western Region,76.0,67.0
National,80.0,67.0
Eastern Region,66.0,67.0
North-Eastern Region,53.0,67.0
Northen Region,58.0,67.0
Southern Region,70.0,67.0
Western Region,76.0,67.0
National,80.0,67.0
Eastern Region,66.0,67.0
North-Eastern Region,53.0,67.0
Northen Region,58.0,67.0
Southern Region,70.0,67.0
Western Region,76.0,67.0
National,80.0,67.0
Eastern Region,66.0,67.0
North-Eastern Region,53.0,67.0
Northen Region,58.0,67.0
Southern Region,70.0,67.0
Western Region,76.0,67.0
National,80.0,67.0
Eastern Region,66.0,67.0
North-Eastern Region,53.0,67.0
Northen Region,58.0,67.0
Southern Region,70.0,67.0
Western Region,76.0,67.0
National,80.0,67.0
Eastern Region,66.0,67.0
North-Eastern Region,53.0,67.0
Northen Region,58.0,67.0
Southern Region,70.0,67.0
Western Region,76.0,67.0
National,80.0,67.0
Eastern Region,66.0,67.0
North-Eastern Region,53.0,67.0
Northen Region,58.0,67.0
Southern Region,70.0,67.0
Western Region,76.0,67.0
National,80.0,67.0
Eastern Region,66.0,67.0
North-Eastern Region,53.0,67.0
Northen Region,58.0,67.0
Southern Region,70.0,67.0
Western Region,76.0,67.0
National,80.0,67.0
Eastern Region,66.0,67.0
North-Eastern Region,53.0,67.0
Northen Region,58.0,67.0
Southern Region,70.0,67.0
Western Region,76.0,67.0
National,80.0,67.0
Eastern Region,66.0,67.0
North-Eastern Region,53.0,67.0
Northen Region,58.0,67.0
Southern Region,70.0,67.0
Western Region,76.0,67.0
National,80.0,67.0
Eastern Region,66.0,67.0
North-Eastern Region,53.0,67.0
Northen Region,58.0,67.0
Southern Region,70.0,67.0
Western Region,76.0,67.0
National,80.0,67.0
Eastern Region,66.0,67.0
North-Eastern Region,53.0,67.0
Northen Region,58.0,67.0
Southern Region,70.0,67.0
Western Region,76.0,67.0
National,80.0,67.0
Eastern Region,66.0,67.0
North-Eastern Region,53.0,67.0
Northen Region,58.0,67.0
Southern Region,70.0,67.0
Western Region,76.0,67.0
National,80.0,67.0
Eastern Region,66.0,67.0
North-Eastern Region,53.0,67.0
Northen Region,58.0,67.0
Southern Region,70.0,67.0
Western Region,76.0,67.0
National,80.0,67.0
Eastern Region,66.0,67.0
North-Eastern Region,53.0,67.0
Northen Region,58.0,67.0
Southern Region,70.0,67.0
Western Region,76.0,67.0
National,80.0,67.0
Eastern Region,66.0,67.0
North-Eastern Region,53.0,67.0
Northen Region,58.0,67.0
Southern Region,70.0,67.0
Western Region,76.0,67.0
National,80.0,67.0
Eastern Region,66.0,67.0
North-Eastern Region,53.0,67.0
Northen Region,58.0,67.0
Southern Region,70.0,67.0
Western Region,76.0,67.0
National,80.0,67.0
Eastern Region,66.0,67.0
North-Eastern Region,53.0,67.0
Northen Region,58.0,67.0
Southern Region,70.0,67.0
Western Region,76.0,67.0
National,80.0,67.0
Eastern Region,66.0,67.0
North-Eastern Region,53.0,67.0
Northen Region,58.0,67.0
Southern Region,70.0,67.0
Western Region,76.0,67.0
National,80.0,67.0
Eastern Region,66.0,67.0
North-Eastern Region,53.0,67.0
Northen Region,58.0,67.0
Southern Region,70.0,67.0
Western Region,76.0,67.0
National,80.0,67.0
Eastern Region,66.0,67.0
North-Eastern Region,53.0,67.0
Northen Region,58.0,67.0
Southern Region,70.0,67.0
Western Region,76.0,67.0
National,80.0,67.0
Eastern Region,66.0,67.0
North-Eastern Region,53.0,67.0
Northen Region,58.0,67.0
Southern Region,70.0,67.0
Western Region,76.0,67.0
National,80.0,67.0
Eastern Region,66.0,67.0
North-Eastern Region,53.0,67.0
Northen Region,58.0,67.0
Southern Region,70.0,67.0
Western Region,76.0,67.0
National,80.0,67.0
Eastern Region,66.0,67.0
North-Eastern Region,53.0,67.0
Northen Region,58.0,67.0
Southern Region,70.0,67.0
Western Region,76.0,67.0
National,80.0,67.0
Eastern Region,66.0,67.0
North-Eastern Region,53.0,67.0
Northen Region,58.0,67.0
Southern Region,70.0,67.0
Western Region,76.0,67.0
National,80.0,67.0
Eastern Region,66.0,67.0
North-Eastern Region,53.0,67.0
Northen Region,58.0,67.0
Southern Region,70.0,67.0
Western Region,76.0,67.0
National,80.0,67.0
Eastern Region,66.0,67.0
North-Eastern Region,53.0,67.0
Northen Region,58.0,67.0
Southern Region,70.0,67.0
Western Region,76.0,67.0
National,80.0,67.0
Eastern Region,66.0,67.0
North-Eastern Region,53.0,67.0
Northen Region,58.0,67.0
Southern Region,70.0,67.0
Western Region,76.0,67.0
National,80.0,67.0
Eastern Region,66.0,67.0
North-Eastern Region,53.0,67.0
Northen Region,58.0,67.0
Southern Region,70.0,67.0
Western Region,76.0,67.0
National,80.0,67.0
Eastern Region,66.0,67.0
North-Eastern Region,53.0,67.0
Northen Region,58.0,67.0
Southern Region,70.0,67.0
Western Region,76.0,67.0
National,80.0,67.0
Eastern Region,66.0,67.0
North-Eastern Region,53.0,67.0
Northen Region,58.0,67.0
Southern Region,70.0,67.0
Western Region,76.0,67.0
National,80.0,67.0
Eastern Region,66.0,67.0
North-Eastern Region,53.0,67.0
Northen Region,58.0,67.0
Southern Region,70.0,67.0
Western Region,76.0,67.0
National,80.0,67.0
Eastern Region,66.0,67.0
North-Eastern Region,53.0,67.0
Northen Region,58.0,67.0
Southern Region,70.0,67.0
Western Region,76.0,67.0
National,80.0,67.0
Eastern Region,66.0,67.0
North-Eastern Region,53.0,67.0
Northen Region,58.0,67.0
Southern Region,70.0,67.0
Western Region,76.0,67.0
National,80.0,67.0
Eastern Region,66.0,67.0
North-Eastern Region,53.0,67.0
Northen Region,58.0,67.0
Southern Region,69.0,67.0
Western Region,76.0,67.0
National,80.0,67.0
Eastern Region,66.0,67.0
North-Eastern Region,53.0,67.0
Northen Region,58.0,67.0
Southern Region,69.0,67.0
Western Region,76.0,67.0
National,80.0,67.0
Eastern Region,66.0,67.0
North-Eastern Region,53.0,67.0
Northen Region,58.0,67.0
Southern Region,69.0,67.0
Western Region,76.0,67.0
National,80.0,67.0
Eastern Region,66.0,67.0
North-Eastern Region,53.0,67.0
Northen Region,58.0,67.0
Southern Region,69.0,67.0
Western Region,76.0,67.0
National,80.0,67.0
Eastern Region,66.0,67.0
North-Eastern Region,53.0,67.0
Northen Region,58.0,67.0
Southern Region,69.0,67.0
Western Region,76.0,67.0
National,80.0,67.0
Eastern Region,66.0,67.0
North-Eastern Region,53.0,67.0
Northen Region,58.0,67.0
Southern Region,69.0,67.0
Western Region,76.0,67.0
National,80.0,67.0
Eastern Region,66.0,67.0
North-Eastern Region,53.0,67.0
Northen Region,58.0,67.0
Southern Region,69.0,67.0
Western Region,76.0,67.0
National,80.0,68.0
Eastern Region,66.0,68.0
North-Eastern Region,53.0,68.0
Northen Region,58.0,68.0
Southern Region,69.0,68.0
Western Region,76.0,68.0
National,80.0,68.0
Eastern Region,66.0,68.0
North-Eastern Region,53.0,68.0
Northen Region,58.0,68.0
Southern Region,69.0,68.0
Western Region,76.0,68.0
National,80.0,68.0
Eastern Region,66.0,68.0
North-Eastern Region,53.0,68.0
Northen Region,58.0,68.0
Southern Region,69.0,68.0
Western Region,76.0,68.0
National,80.0,68.0
Eastern Region,66.0,68.0
North-Eastern Region,53.0,68.0
Northen Region,58.0,68.0
Southern Region,69.0,68.0
Western Region,76.0,68.0
National,80.0,68.0
Eastern Region,66.0,68.0
North-Eastern Region,53.0,68.0
Northen Region,58.0,68.0
Southern Region,69.0,68.0
Western Region,76.0,68.0
National,80.0,68.0
Eastern Region,66.0,68.0
North-Eastern Region,53.0,68.0
Northen Region,58.0,68.0
Southern Region,69.0,68.0
Western Region,76.0,68.0
National,80.0,68.0
Eastern Region,66.0,68.0
North-Eastern Region,53.0,68.0
Northen Region,58.0,68.0
Southern Region,69.0,68.0
Western Region,76.0,68.0
National,80.0,68.0
Eastern Region,66.0,68.0
North-Eastern Region,53.0,68.0
Northen Region,58.0,68.0
Southern Region,69.0,68.0
Western Region,76.0,68.0
National,80.0,68.0
Eastern Region,66.0,68.0
North-Eastern Region,53.0,68.0
Northen Region,58.0,68.0
Southern Region,69.0,68.0
Western Region,76.0,68.0
National,80.0,68.0
Eastern Region,66.0,68.0
North-Eastern Region,53.0,68.0
Northen Region,58.0,68.0
Southern Region,69.0,68.0
Western Region,76.0,68.0
National,80.0,68.0
Eastern Region,66.0,68.0
North-Eastern Region,53.0,68.0
Northen Region,58.0,68.0
Southern Region,69.0,68.0
Western Region,76.0,68.0
National,80.0,68.0
Eastern Region,66.0,68.0
North-Eastern Region,53.0,68.0
Northen Region,58.0,68.0
Southern Region,69.0,68.0
Western Region,76.0,68.0
National,80.0,68.0
Eastern Region,66.0,68.0
North-Eastern Region,53.0,68.0
Northen Region,58.0,68.0
Southern Region,69.0,68.0
Western Region,76.0,68.0
National,80.0,68.0
Eastern Region,66.0,68.0
North-Eastern Region,53.0,68.0
Northen Region,58.0,68.0
Southern Region,69.0,68.0
Western Region,76.0,68.0
National,80.0,68.0
Eastern Region,66.0,68.0
North-Eastern Region,53.0,68.0
Northen Region,58.0,68.0
Southern Region,69.0,68.0
Western Region,76.0,68.0
National,80.0,68.0
Eastern Region,66.0,68.0
North-Eastern Region,53.0,68.0
Northen Region,58.0,68.0
Southern Region,69.0,68.0
Western Region,76.0,68.0
National,80.0,68.0
Eastern Region,66.0,68.0
North-Eastern Region,53.0,68.0
Northen Region,58.0,68.0
Southern Region,69.0,68.0
Western Region,76.0,68.0
National,80.0,68.0
Eastern Region,66.0,68.0
North-Eastern Region,53.0,68.0
Northen Region,58.0,68.0
Southern Region,69.0,68.0
Western Region,76.0,68.0
National,80.0,68.0
Eastern Region,66.0,68.0
North-Eastern Region,53.0,68.0
Northen Region,58.0,68.0
Southern Region,69.0,68.0
Western Region,76.0,68.0
National,80.0,68.0
Eastern Region,66.0,68.0
North-Eastern Region,53.0,68.0
Northen Region,58.0,68.0
Southern Region,69.0,68.0
Western Region,76.0,68.0
National,80.0,68.0
Eastern Region,66.0,68.0
North-Eastern Region,53.0,68.0
Northen Region,58.0,68.0
Southern Region,69.0,68.0
Western Region,76.0,68.0
National,80.0,68.0
Eastern Region,66.0,68.0
North-Eastern Region,53.0,68.0
Northen Region,58.0,68.0
Southern Region,69.0,68.0
Western Region,76.0,68.0
National,80.0,68.0
Eastern Region,66.0,68.0
North-Eastern Region,53.0,68.0
Northen Region,58.0,68.0
Southern Region,69.0,68.0
Western Region,76.0,68.0
National,80.0,68.0
Eastern Region,66.0,68.0
North-Eastern Region,53.0,68.0
Northen Region,58.0,68.0
Southern Region,69.0,68.0
Western Region,76.0,68.0
National,80.0,68.0
Eastern Region,66.0,68.0
North-Eastern Region,53.0,68.0
Northen Region,58.0,68.0
Southern Region,69.0,68.0
Western Region,76.0,68.0
National,80.0,68.0
Eastern Region,66.0,68.0
North-Eastern Region,53.0,68.0
Northen Region,58.0,68.0
Southern Region,69.0,68.0
Western Region,76.0,68.0
National,80.0,68.0
Eastern Region,66.0,68.0
North-Eastern Region,53.0,68.0
Northen Region,58.0,68.0
Southern Region,69.0,68.0
Western Region,76.0,68.0
National,80.0,68.0
Eastern Region,66.0,68.0
North-Eastern Region,53.0,68.0
Northen Region,58.0,68.0
Southern Region,69.0,68.0
Western Region,76.0,68.0
National,80.0,68.0
Eastern Region,66.0,68.0
North-Eastern Region,53.0,68.0
Northen Region,58.0,68.0
Southern Region,69.0,68.0
Western Region,76.0,68.0
National,80.0,68.0
Eastern Region,66.0,68.0
North-Eastern Region,53.0,68.0
Northen Region,58.0,68.0
Southern Region,69.0,68.0
Western Region,76.0,68.0
National,80.0,68.0
Eastern Region,66.0,68.0
North-Eastern Region,53.0,68.0
Northen Region,58.0,68.0
Southern Region,69.0,68.0
Western Region,76.0,68.0
National,80.0,68.0
Eastern Region,66.0,68.0
North-Eastern Region,53.0,68.0
Northen Region,58.0,68.0
Southern Region,69.0,68.0
Western Region,76.0,68.0
National,80.0,68.0
Eastern Region,66.0,68.0
North-Eastern Region,53.0,68.0
Northen Region,58.0,68.0
Southern Region,69.0,68.0
Western Region,76.0,68.0
National,80.0,68.0
Eastern Region,66.0,68.0
North-Eastern Region,53.0,68.0
Northen Region,58.0,68.0
Southern Region,69.0,68.0
Western Region,76.0,68.0
National,80.0,68.0
Eastern Region,66.0,68.0
North-Eastern Region,53.0,68.0
Northen Region,58.0,68.0
Southern Region,69.0,68.0
Western Region,76.0,68.0
National,80.0,68.0
Eastern Region,66.0,68.0
North-Eastern Region,53.0,68.0
Northen Region,58.0,68.0
Southern Region,69.0,68.0
Western Region,76.0,68.0
National,80.0,68.0
Eastern Region,66.0,68.0
North-Eastern Region,53.0,68.0
Northen Region,58.0,68.0
Southern Region,69.0,68.0
Western Region,76.0,68.0
National,80.0,68.0
Eastern Region,66.0,68.0
North-Eastern Region,53.0,68.0
Northen Region,58.0,68.0
Southern Region,69.0,68.0
Western Region,76.0,68.0
National,80.0,68.0
Eastern Region,66.0,68.0
North-Eastern Region,53.0,68.0
Northen Region,58.0,68.0
Southern Region,69.0,68.0
Western Region,76.0,68.0
National,80.0,68.0
Eastern Region,66.0,68.0
North-Eastern Region,53.0,68.0
Northen Region,58.0,68.0
Southern Region,69.0,68.0
Western Region,76.0,68.0
National,80.0,68.0
Eastern Region,66.0,68.0
North-Eastern Region,53.0,68.0
Northen Region,58.0,68.0
Southern Region,69.0,68.0
Western Region,76.0,68.0
National,80.0,68.0
Eastern Region,66.0,68.0
North-Eastern Region,53.0,68.0
Northen Region,58.0,68.0
Southern Region,69.0,68.0
Western Region,76.0,68.0
National,80.0,68.0
Eastern Region,66.0,68.0
North-Eastern Region,53.0,68.0
Northen Region,58.0,68.0
Southern Region,69.0,68.0
Western Region,76.0,68.0
National,80.0,69.0
Eastern Region,66.0,69.0
North-Eastern Region,53.0,69.0
Northen Region,58.0,69.0
Southern Region,69.0,69.0
Western Region,76.0,69.0
National,80.0,69.0
Eastern Region,66.0,69.0
North-Eastern Region,53.0,69.0
Northen Region,58.0,69.0
Southern Region,69.0,69.0
Western Region,76.0,69.0
National,80.0,69.0
Eastern Region,66.0,69.0
North-Eastern Region,53.0,69.0
Northen Region,58.0,69.0
Southern Region,69.0,69.0
Western Region,76.0,69.0
National,80.0,69.0
Eastern Region,66.0,69.0
North-Eastern Region,53.0,69.0
Northen Region,58.0,69.0
Southern Region,69.0,69.0
Western Region,76.0,69.0
National,80.0,69.0
Eastern Region,66.0,69.0
North-Eastern Region,53.0,69.0
Northen Region,58.0,69.0
Southern Region,69.0,69.0
Western Region,76.0,69.0
National,80.0,69.0
Eastern Region,66.0,69.0
North-Eastern Region,53.0,69.0
Northen Region,58.0,69.0
Southern Region,69.0,69.0
Western Region,76.0,69.0
National,80.0,69.0
Eastern Region,66.0,69.0
North-Eastern Region,53.0,69.0
Northen Region,58.0,69.0
Southern Region,69.0,69.0
Western Region,76.0,69.0
National,80.0,69.0
Eastern Region,66.0,69.0
North-Eastern Region,53.0,69.0
Northen Region,58.0,69.0
Southern Region,69.0,69.0
Western Region,76.0,69.0
National,80.0,69.0
Eastern Region,66.0,69.0
North-Eastern Region,53.0,69.0
Northen Region,58.0,69.0
Southern Region,69.0,69.0
Western Region,76.0,69.0
National,80.0,69.0
Eastern Region,66.0,69.0
North-Eastern Region,53.0,69.0
Northen Region,58.0,69.0
Southern Region,69.0,69.0
Western Region,76.0,69.0
National,80.0,69.0
Eastern Region,66.0,69.0
North-Eastern Region,53.0,69.0
Northen Region,58.0,69.0
Southern Region,69.0,69.0
Western Region,76.0,69.0
National,80.0,69.0
Eastern Region,66.0,69.0
North-Eastern Region,53.0,69.0
Northen Region,58.0,69.0
Southern Region,69.0,69.0
Western Region,76.0,69.0
National,80.0,69.0
Eastern Region,66.0,69.0
North-Eastern Region,53.0,69.0
Northen Region,58.0,69.0
Southern Region,69.0,69.0
Western Region,76.0,69.0
National,80.0,69.0
Eastern Region,66.0,69.0
North-Eastern Region,53.0,69.0
Northen Region,58.0,69.0
Southern Region,69.0,69.0
Western Region,76.0,69.0
National,80.0,69.0
Eastern Region,66.0,69.0
North-Eastern Region,53.0,69.0
Northen Region,57.0,69.0
Southern Region,69.0,69.0
Western Region,76.0,69.0
National,80.0,69.0
Eastern Region,66.0,69.0
North-Eastern Region,53.0,69.0
Northen Region,57.0,69.0
Southern Region,69.0,69.0
Western Region,76.0,69.0
National,80.0,69.0
Eastern Region,66.0,69.0
North-Eastern Region,53.0,69.0
Northen Region,57.0,69.0
Southern Region,69.0,69.0
Western Region,76.0,69.0
National,80.0,69.0
Eastern Region,66.0,69.0
North-Eastern Region,53.0,69.0
Northen Region,57.0,69.0
Southern Region,69.0,69.0
Western Region,76.0,69.0
National,80.0,69.0
Eastern Region,66.0,69.0
North-Eastern Region,53.0,69.0
Northen Region,57.0,69.0
Southern Region,69.0,69.0
Western Region,76.0,69.0
National,80.0,69.0
Eastern Region,66.0,69.0
North-Eastern Region,53.0,69.0
Northen Region,57.0,69.0
Southern Region,69.0,69.0
Western Region,76.0,69.0
National,80.0,69.0
Eastern Region,66.0,69.0
North-Eastern Region,53.0,69.0
Northen Region,57.0,69.0
Southern Region,69.0,69.0
Western Region,76.0,69.0
National,80.0,69.0
Eastern Region,66.0,69.0
North-Eastern Region,53.0,69.0
Northen Region,57.0,69.0
Southern Region,69.0,69.0
Western Region,76.0,69.0
National,80.0,69.0
Eastern Region,66.0,69.0
North-Eastern Region,53.0,69.0
Northen Region,57.0,69.0
Southern Region,69.0,69.0
Western Region,76.0,69.0
National,80.0,69.0
Eastern Region,66.0,69.0
North-Eastern Region,53.0,69.0
Northen Region,57.0,69.0
Southern Region,69.0,69.0
Western Region,76.0,69.0
National,80.0,69.0
Eastern Region,66.0,69.0
North-Eastern Region,53.0,69.0
Northen Region,57.0,69.0
Southern Region,69.0,69.0
Western Region,76.0,69.0
National,80.0,69.0
Eastern Region,66.0,69.0
North-Eastern Region,53.0,69.0
Northen Region,57.0,69.0
Southern Region,69.0,69.0
Western Region,76.0,69.0
National,80.0,69.0
Eastern Region,66.0,69.0
North-Eastern Region,53.0,69.0
Northen Region,57.0,69.0
Southern Region,69.0,69.0
Western Region,76.0,69.0
National,80.0,69.0
Eastern Region,66.0,69.0
North-Eastern Region,53.0,69.0
Northen Region,57.0,69.0
Southern Region,69.0,69.0
Western Region,76.0,69.0
National,80.0,69.0
Eastern Region,66.0,69.0
North-Eastern Region,53.0,69.0
Northen Region,57.0,69.0
Southern Region,69.0,69.0
Western Region,76.0,69.0
National,80.0,69.0
Eastern Region,66.0,69.0
North-Eastern Region,53.0,69.0
Northen Region,57.0,69.0
Southern Region,69.0,69.0
Western Region,76.0,69.0
National,80.0,69.0
Eastern Region,66.0,69.0
North-Eastern Region,53.0,69.0
Northen Region,57.0,69.0
Southern Region,69.0,69.0
Western Region,76.0,69.0
National,80.0,69.0
Eastern Region,66.0,69.0
North-Eastern Region,53.0,69.0
Northen Region,57.0,69.0
Southern Region,69.0,69.0
Western Region,76.0,69.0
National,80.0,69.0
Eastern Region,66.0,69.0
North-Eastern Region,53.0,69.0
Northen Region,57.0,69.0
Southern Region,69.0,69.0
Western Region,76.0,69.0
National,80.0,69.0
Eastern Region,66.0,69.0
North-Eastern Region,53.0,69.0
Northen Region,57.0,69.0
Southern Region,69.0,69.0
Western Region,76.0,69.0
National,80.0,69.0
Eastern Region,66.0,69.0
North-Eastern Region,53.0,69.0
Northen Region,57.0,69.0
Southern Region,69.0,69.0
Western Region,75.0,69.0
National,80.0,69.0
Eastern Region,66.0,69.0
North-Eastern Region,53.0,69.0
Northen Region,57.0,69.0
Southern Region,69.0,69.0
Western Region,75.0,69.0
National,80.0,69.0
Eastern Region,66.0,69.0
North-Eastern Region,53.0,69.0
Northen Region,57.0,69.0
Southern Region,69.0,69.0
Western Region,75.0,69.0
National,80.0,69.0
Eastern Region,66.0,69.0
North-Eastern Region,53.0,69.0
Northen Region,57.0,69.0
Southern Region,69.0,69.0
Western Region,75.0,69.0
National,80.0,69.0
Eastern Region,66.0,69.0
North-Eastern Region,53.0,69.0
Northen Region,57.0,69.0
Southern Region,69.0,69.0
Western Region,75.0,69.0
National,80.0,69.0
Eastern Region,66.0,69.0
North-Eastern Region,53.0,69.0
Northen Region,57.0,69.0
Southern Region,69.0,69.0
Western Region,75.0,69.0
National,80.0,69.0
Eastern Region,66.0,69.0
North-Eastern Region,53.0,69.0
Northen Region,57.0,69.0
Southern Region,69.0,69.0
Western Region,75.0,69.0
National,80.0,69.0
Eastern Region,66.0,69.0
North-Eastern Region,53.0,69.0
Northen Region,57.0,69.0
Southern Region,69.0,69.0
Western Region,75.0,69.0
National,80.0,69.0
Eastern Region,66.0,69.0
North-Eastern Region,53.0,69.0
Northen Region,57.0,69.0
Southern Region,69.0,69.0
Western Region,75.0,69.0
National,80.0,69.0
Eastern Region,66.0,69.0
North-Eastern Region,53.0,69.0
Northen Region,57.0,69.0
Southern Region,69.0,69.0
Western Region,75.0,69.0
National,80.0,70.0
Eastern Region,66.0,70.0
North-Eastern Region,53.0,70.0
Northen Region,57.0,70.0
Southern Region,69.0,70.0
Western Region,75.0,70.0
National,80.0,70.0
Eastern Region,66.0,70.0
North-Eastern Region,53.0,70.0
Northen Region,57.0,70.0
Southern Region,69.0,70.0
Western Region,75.0,70.0
National,80.0,70.0
Eastern Region,66.0,70.0
North-Eastern Region,53.0,70.0
Northen Region,57.0,70.0
Southern Region,69.0,70.0
Western Region,75.0,70.0
National,80.0,70.0
Eastern Region,66.0,70.0
North-Eastern Region,53.0,70.0
Northen Region,57.0,70.0
Southern Region,69.0,70.0
Western Region,75.0,70.0
National,80.0,70.0
Eastern Region,66.0,70.0
North-Eastern Region,53.0,70.0
Northen Region,57.0,70.0
Southern Region,69.0,70.0
Western Region,75.0,70.0
National,80.0,70.0
Eastern Region,66.0,70.0
North-Eastern Region,53.0,70.0
Northen Region,57.0,70.0
Southern Region,69.0,70.0
Western Region,75.0,70.0
National,80.0,70.0
Eastern Region,66.0,70.0
North-Eastern Region,53.0,70.0
Northen Region,57.0,70.0
Southern Region,69.0,70.0
Western Region,75.0,70.0
National,80.0,70.0
Eastern Region,66.0,70.0
North-Eastern Region,53.0,70.0
Northen Region,57.0,70.0
Southern Region,69.0,70.0
Western Region,75.0,70.0
National,80.0,70.0
Eastern Region,66.0,70.0
North-Eastern Region,53.0,70.0
Northen Region,57.0,70.0
Southern Region,69.0,70.0
Western Region,75.0,70.0
National,80.0,70.0
Eastern Region,66.0,70.0
North-Eastern Region,53.0,70.0
Northen Region,57.0,70.0
Southern Region,69.0,70.0
Western Region,75.0,70.0
National,80.0,70.0
Eastern Region,66.0,70.0
North-Eastern Region,53.0,70.0
Northen Region,57.0,70.0
Southern Region,69.0,70.0
Western Region,75.0,70.0
National,80.0,70.0
Eastern Region,66.0,70.0
North-Eastern Region,53.0,70.0
Northen Region,57.0,70.0
Southern Region,69.0,70.0
Western Region,75.0,70.0
National,80.0,70.0
Eastern Region,66.0,70.0
North-Eastern Region,53.0,70.0
Northen Region,57.0,70.0
Southern Region,69.0,70.0
Western Region,75.0,70.0
National,80.0,70.0
Eastern Region,66.0,70.0
North-Eastern Region,53.0,70.0
Northen Region,57.0,70.0
Southern Region,69.0,70.0
Western Region,75.0,70.0
National,80.0,70.0
Eastern Region,66.0,70.0
North-Eastern Region,53.0,70.0
Northen Region,57.0,70.0
Southern Region,69.0,70.0
Western Region,75.0,70.0
National,80.0,70.0
Eastern Region,66.0,70.0
North-Eastern Region,53.0,70.0
Northen Region,57.0,70.0
Southern Region,69.0,70.0
Western Region,75.0,70.0
National,79.0,70.0
Eastern Region,66.0,70.0
North-Eastern Region,53.0,70.0
Northen Region,57.0,70.0
Southern Region,69.0,70.0
Western Region,75.0,70.0
National,79.0,70.0
Eastern Region,66.0,70.0
North-Eastern Region,53.0,70.0
Northen Region,57.0,70.0
Southern Region,69.0,70.0
Western Region,75.0,70.0
National,79.0,70.0
Eastern Region,66.0,70.0
North-Eastern Region,53.0,70.0
Northen Region,57.0,70.0
Southern Region,69.0,70.0
Western Region,75.0,70.0
National,79.0,70.0
Eastern Region,66.0,70.0
North-Eastern Region,52.0,70.0
Northen Region,57.0,70.0
Southern Region,69.0,70.0
Western Region,75.0,70.0
National,79.0,70.0
Eastern Region,66.0,70.0
North-Eastern Region,52.0,70.0
Northen Region,57.0,70.0
Southern Region,69.0,70.0
Western Region,75.0,70.0
National,79.0,70.0
Eastern Region,66.0,70.0
North-Eastern Region,52.0,70.0
Northen Region,57.0,70.0
Southern Region,69.0,70.0
Western Region,75.0,70.0
National,79.0,70.0
Eastern Region,66.0,70.0
North-Eastern Region,52.0,70.0
Northen Region,57.0,70.0
Southern Region,69.0,70.0
Western Region,75.0,70.0
National,79.0,70.0
Eastern Region,66.0,70.0
North-Eastern Region,52.0,70.0
Northen Region,57.0,70.0
Southern Region,69.0,70.0
Western Region,75.0,70.0
National,79.0,70.0
Eastern Region,65.0,70.0
North-Eastern Region,52.0,70.0
Northen Region,57.0,70.0
Southern Region,69.0,70.0
Western Region,75.0,70.0
National,79.0,70.0
Eastern Region,65.0,70.0
North-Eastern Region,52.0,70.0
Northen Region,57.0,70.0
Southern Region,69.0,70.0
Western Region,75.0,70.0
National,79.0,70.0
Eastern Region,65.0,70.0
North-Eastern Region,52.0,70.0
Northen Region,57.0,70.0
Southern Region,69.0,70.0
Western Region,75.0,70.0
National,79.0,70.0
Eastern Region,65.0,70.0
North-Eastern Region,52.0,70.0
Northen Region,57.0,70.0
Southern Region,69.0,70.0
Western Region,75.0,70.0
National,79.0,70.0
Eastern Region,65.0,70.0
North-Eastern Region,52.0,70.0
Northen Region,57.0,70.0
Southern Region,69.0,70.0
Western Region,75.0,70.0
National,79.0,70.0
Eastern Region,65.0,70.0
North-Eastern Region,52.0,70.0
Northen Region,57.0,70.0
Southern Region,69.0,70.0
Western Region,75.0,70.0
National,79.0,70.0
Eastern Region,65.0,70.0
North-Eastern Region,52.0,70.0
Northen Region,57.0,70.0
Southern Region,69.0,70.0
Western Region,75.0,70.0
National,79.0,70.0
Eastern Region,65.0,70.0
North-Eastern Region,52.0,70.0
Northen Region,57.0,70.0
Southern Region,69.0,70.0
Western Region,75.0,70.0
National,79.0,70.0
Eastern Region,65.0,70.0
North-Eastern Region,52.0,70.0
Northen Region,57.0,70.0
Southern Region,69.0,70.0
Western Region,75.0,70.0
National,79.0,70.0
Eastern Region,65.0,70.0
North-Eastern Region,52.0,70.0
Northen Region,57.0,70.0
Southern Region,69.0,70.0
Western Region,75.0,70.0
National,79.0,70.0
Eastern Region,65.0,70.0
North-Eastern Region,52.0,70.0
Northen Region,57.0,70.0
Southern Region,69.0,70.0
Western Region,75.0,70.0
National,79.0,70.0
Eastern Region,65.0,70.0
North-Eastern Region,52.0,70.0
Northen Region,57.0,70.0
Southern Region,69.0,70.0
Western Region,75.0,70.0
National,79.0,70.0
Eastern Region,65.0,70.0
North-Eastern Region,52.0,70.0
Northen Region,57.0,70.0
Southern Region,69.0,70.0
Western Region,75.0,70.0
National,79.0,70.0
Eastern Region,65.0,70.0
North-Eastern Region,52.0,70.0
Northen Region,57.0,70.0
Southern Region,69.0,70.0
Western Region,75.0,70.0
National,79.0,70.0
Eastern Region,65.0,70.0
North-Eastern Region,52.0,70.0
Northen Region,57.0,70.0
Southern Region,69.0,70.0
Western Region,75.0,70.0
National,79.0,70.0
Eastern Region,65.0,70.0
North-Eastern Region,52.0,70.0
Northen Region,57.0,70.0
Southern Region,69.0,70.0
Western Region,75.0,70.0
National,79.0,70.0
Eastern Region,65.0,70.0
North-Eastern Region,52.0,70.0
Northen Region,57.0,70.0
Southern Region,69.0,70.0
Western Region,75.0,70.0
National,79.0,70.0
Eastern Region,65.0,70.0
North-Eastern Region,52.0,70.0
Northen Region,57.0,70.0
Southern Region,69.0,70.0
Western Region,75.0,70.0
National,79.0,70.0
Eastern Region,65.0,70.0
North-Eastern Region,52.0,70.0
Northen Region,57.0,70.0
Southern Region,69.0,70.0
Western Region,75.0,70.0
National,79.0,71.0
Eastern Region,65.0,71.0
North-Eastern Region,52.0,71.0
Northen Region,57.0,71.0
Southern Region,68.0,71.0
Western Region,75.0,71.0
National,79.0,71.0
Eastern Region,65.0,71.0
North-Eastern Region,52.0,71.0
Northen Region,57.0,71.0
Southern Region,68.0,71.0
Western Region,75.0,71.0
National,79.0,71.0
Eastern Region,65.0,71.0
North-Eastern Region,52.0,71.0
Northen Region,57.0,71.0
Southern Region,68.0,71.0
Western Region,75.0,71.0
National,79.0,71.0
Eastern Region,65.0,71.0
North-Eastern Region,52.0,71.0
Northen Region,57.0,71.0
Southern Region,68.0,71.0
Western Region,75.0,71.0
National,79.0,71.0
Eastern Region,65.0,71.0
North-Eastern Region,52.0,71.0
Northen Region,57.0,71.0
Southern Region,68.0,71.0
Western Region,75.0,71.0
National,79.0,71.0
Eastern Region,65.0,71.0
North-Eastern Region,52.0,71.0
Northen Region,57.0,71.0
Southern Region,68.0,71.0
Western Region,75.0,71.0
National,79.0,71.0
Eastern Region,65.0,71.0
North-Eastern Region,52.0,71.0
Northen Region,57.0,71.0
Southern Region,68.0,71.0
Western Region,75.0,71.0
National,79.0,71.0
Eastern Region,65.0,71.0
North-Eastern Region,52.0,71.0
Northen Region,57.0,71.0
Southern Region,68.0,71.0
Western Region,75.0,71.0
National,79.0,71.0
Eastern Region,65.0,71.0
North-Eastern Region,52.0,71.0
Northen Region,57.0,71.0
Southern Region,68.0,71.0
Western Region,75.0,71.0
National,79.0,71.0
Eastern Region,65.0,71.0
North-Eastern Region,52.0,71.0
Northen Region,57.0,71.0
Southern Region,68.0,71.0
Western Region,75.0,71.0
National,79.0,71.0
Eastern Region,65.0,71.0
North-Eastern Region,52.0,71.0
Northen Region,57.0,71.0
Southern Region,68.0,71.0
Western Region,75.0,71.0
National,79.0,71.0
Eastern Region,65.0,71.0
North-Eastern Region,52.0,71.0
Northen Region,57.0,71.0
Southern Region,68.0,71.0
Western Region,75.0,71.0
National,79.0,71.0
Eastern Region,65.0,71.0
North-Eastern Region,52.0,71.0
Northen Region,57.0,71.0
Southern Region,68.0,71.0
Western Region,75.0,71.0
National,79.0,71.0
Eastern Region,65.0,71.0
North-Eastern Region,52.0,71.0
Northen Region,57.0,71.0
Southern Region,68.0,71.0
Western Region,75.0,71.0
National,79.0,71.0
Eastern Region,65.0,71.0
North-Eastern Region,52.0,71.0
Northen Region,57.0,71.0
Southern Region,68.0,71.0
Western Region,75.0,71.0
National,79.0,71.0
Eastern Region,65.0,71.0
North-Eastern Region,52.0,71.0
Northen Region,57.0,71.0
Southern Region,68.0,71.0
Western Region,75.0,71.0
National,79.0,71.0
Eastern Region,65.0,71.0
North-Eastern Region,52.0,71.0
Northen Region,57.0,71.0
Southern Region,68.0,71.0
Western Region,75.0,71.0
National,79.0,71.0
Eastern Region,65.0,71.0
North-Eastern Region,52.0,71.0
Northen Region,57.0,71.0
Southern Region,68.0,71.0
Western Region,75.0,71.0
National,79.0,71.0
Eastern Region,65.0,71.0
North-Eastern Region,52.0,71.0
Northen Region,57.0,71.0
Southern Region,68.0,71.0
Western Region,75.0,71.0
National,79.0,71.0
Eastern Region,65.0,71.0
North-Eastern Region,52.0,71.0
Northen Region,57.0,71.0
Southern Region,68.0,71.0
Western Region,75.0,71.0
National,79.0,71.0
Eastern Region,65.0,71.0
North-Eastern Region,52.0,71.0
Northen Region,57.0,71.0
Southern Region,68.0,71.0
Western Region,75.0,71.0
National,79.0,71.0
Eastern Region,65.0,71.0
North-Eastern Region,52.0,71.0
Northen Region,57.0,71.0
Southern Region,68.0,71.0
Western Region,75.0,71.0
National,79.0,71.0
Eastern Region,65.0,71.0
North-Eastern Region,52.0,71.0
Northen Region,57.0,71.0
Southern Region,68.0,71.0
Western Region,75.0,71.0
National,79.0,71.0
Eastern Region,65.0,71.0
North-Eastern Region,52.0,71.0
Northen Region,57.0,71.0
Southern Region,68.0,71.0
Western Region,75.0,71.0
National,79.0,71.0
Eastern Region,65.0,71.0
North-Eastern Region,52.0,71.0
Northen Region,57.0,71.0
Southern Region,68.0,71.0
Western Region,75.0,71.0
National,79.0,71.0
Eastern Region,65.0,71.0
North-Eastern Region,52.0,71.0
Northen Region,57.0,71.0
Southern Region,68.0,71.0
Western Region,75.0,71.0
National,79.0,71.0
Eastern Region,65.0,71.0
North-Eastern Region,52.0,71.0
Northen Region,57.0,71.0
Southern Region,68.0,71.0
Western Region,75.0,71.0
National,79.0,71.0
Eastern Region,65.0,71.0
North-Eastern Region,52.0,71.0
Northen Region,57.0,71.0
Southern Region,68.0,71.0
Western Region,75.0,71.0
National,79.0,71.0
Eastern Region,65.0,71.0
North-Eastern Region,52.0,71.0
Northen Region,57.0,71.0
Southern Region,68.0,71.0
Western Region,75.0,71.0
National,79.0,71.0
Eastern Region,65.0,71.0
North-Eastern Region,52.0,71.0
Northen Region,57.0,71.0
Southern Region,68.0,71.0
Western Region,75.0,71.0
National,79.0,71.0
Eastern Region,65.0,71.0
North-Eastern Region,52.0,71.0
Northen Region,57.0,71.0
Southern Region,68.0,71.0
Western Region,75.0,71.0
National,79.0,71.0
Eastern Region,65.0,71.0
North-Eastern Region,52.0,71.0
Northen Region,57.0,71.0
Southern Region,68.0,71.0
Western Region,75.0,71.0
National,79.0,71.0
Eastern Region,65.0,71.0
North-Eastern Region,52.0,71.0
Northen Region,57.0,71.0
Southern Region,68.0,71.0
Western Region,75.0,71.0
National,79.0,71.0
Eastern Region,65.0,71.0
North-Eastern Region,52.0,71.0
Northen Region,57.0,71.0
Southern Region,68.0,71.0
Western Region,75.0,71.0
National,79.0,71.0
Eastern Region,65.0,71.0
North-Eastern Region,52.0,71.0
Northen Region,57.0,71.0
Southern Region,68.0,71.0
Western Region,75.0,71.0
National,79.0,71.0
Eastern Region,65.0,71.0
North-Eastern Region,52.0,71.0
Northen Region,57.0,71.0
Southern Region,68.0,71.0
Western Region,75.0,71.0
National,79.0,71.0
Eastern Region,65.0,71.0
North-Eastern Region,52.0,71.0
Northen Region,57.0,71.0
Southern Region,68.0,71.0
Western Region,75.0,71.0
National,79.0,71.0
Eastern Region,65.0,71.0
North-Eastern Region,52.0,71.0
Northen Region,57.0,71.0
Southern Region,68.0,71.0
Western Region,75.0,71.0
National,79.0,71.0
Eastern Region,65.0,71.0
North-Eastern Region,52.0,71.0
Northen Region,57.0,71.0
Southern Region,68.0,71.0
Western Region,75.0,71.0
National,79.0,71.0
Eastern Region,65.0,71.0
North-Eastern Region,52.0,71.0
Northen Region,57.0,71.0
Southern Region,68.0,71.0
Western Region,75.0,71.0
National,79.0,71.0
Eastern Region,65.0,71.0
North-Eastern Region,52.0,71.0
Northen Region,57.0,71.0
Southern Region,68.0,71.0
Western Region,75.0,71.0
National,79.0,71.0
Eastern Region,65.0,71.0
North-Eastern Region,52.0,71.0
Northen Region,57.0,71.0
Southern Region,68.0,71.0
Western Region,75.0,71.0
National,79.0,71.0
Eastern Region,65.0,71.0
North-Eastern Region,52.0,71.0
Northen Region,57.0,71.0
Southern Region,68.0,71.0
Western Region,75.0,71.0
National,79.0,72.0
Eastern Region,65.0,72.0
North-Eastern Region,52.0,72.0
Northen Region,57.0,72.0
Southern Region,68.0,72.0
Western Region,75.0,72.0
National,79.0,72.0
Eastern Region,65.0,72.0
North-Eastern Region,52.0,72.0
Northen Region,57.0,72.0
Southern Region,68.0,72.0
Western Region,75.0,72.0
National,79.0,72.0
Eastern Region,65.0,72.0
North-Eastern Region,52.0,72.0
Northen Region,57.0,72.0
Southern Region,68.0,72.0
Western Region,75.0,72.0
National,79.0,72.0
Eastern Region,65.0,72.0
North-Eastern Region,52.0,72.0
Northen Region,57.0,72.0
Southern Region,68.0,72.0
Western Region,75.0,72.0
National,79.0,72.0
Eastern Region,65.0,72.0
North-Eastern Region,52.0,72.0
Northen Region,57.0,72.0
Southern Region,68.0,72.0
Western Region,75.0,72.0
National,79.0,72.0
Eastern Region,65.0,72.0
North-Eastern Region,52.0,72.0
Northen Region,57.0,72.0
Southern Region,68.0,72.0
Western Region,75.0,72.0
National,79.0,72.0
Eastern Region,65.0,72.0
North-Eastern Region,52.0,72.0
Northen Region,57.0,72.0
Southern Region,68.0,72.0
Western Region,75.0,72.0
National,79.0,72.0
Eastern Region,65.0,72.0
North-Eastern Region,52.0,72.0
Northen Region,57.0,72.0
Southern Region,68.0,72.0
Western Region,75.0,72.0
National,79.0,72.0
Eastern Region,65.0,72.0
North-Eastern Region,52.0,72.0
Northen Region,57.0,72.0
Southern Region,68.0,72.0
Western Region,75.0,72.0
National,79.0,72.0
Eastern Region,65.0,72.0
North-Eastern Region,52.0,72.0
Northen Region,57.0,72.0
Southern Region,68.0,72.0
Western Region,75.0,72.0
National,79.0,72.0
Eastern Region,65.0,72.0
North-Eastern Region,52.0,72.0
Northen Region,57.0,72.0
Southern Region,68.0,72.0
Western Region,75.0,72.0
National,79.0,72.0
Eastern Region,65.0,72.0
North-Eastern Region,52.0,72.0
Northen Region,57.0,72.0
Southern Region,68.0,72.0
Western Region,75.0,72.0
National,79.0,72.0
Eastern Region,65.0,72.0
North-Eastern Region,52.0,72.0
Northen Region,57.0,72.0
Southern Region,68.0,72.0
Western Region,75.0,72.0
National,79.0,72.0
Eastern Region,65.0,72.0
North-Eastern Region,52.0,72.0
Northen Region,57.0,72.0
Southern Region,68.0,72.0
Western Region,75.0,72.0
National,79.0,72.0
Eastern Region,65.0,72.0
North-Eastern Region,52.0,72.0
Northen Region,57.0,72.0
Southern Region,68.0,72.0
Western Region,75.0,72.0
National,79.0,72.0
Eastern Region,65.0,72.0
North-Eastern Region,52.0,72.0
Northen Region,57.0,72.0
Southern Region,68.0,72.0
Western Region,75.0,72.0
National,79.0,72.0
Eastern Region,65.0,72.0
North-Eastern Region,52.0,72.0
Northen Region,57.0,72.0
Southern Region,68.0,72.0
Western Region,75.0,72.0
National,79.0,72.0
Eastern Region,65.0,72.0
North-Eastern Region,52.0,72.0
Northen Region,57.0,72.0
Southern Region,68.0,72.0
Western Region,75.0,72.0
National,79.0,72.0
Eastern Region,65.0,72.0
North-Eastern Region,52.0,72.0
Northen Region,57.0,72.0
Southern Region,68.0,72.0
Western Region,75.0,72.0
National,79.0,72.0
Eastern Region,65.0,72.0
North-Eastern Region,52.0,72.0
Northen Region,57.0,72.0
Southern Region,68.0,72.0
Western Region,75.0,72.0
National,79.0,72.0
Eastern Region,65.0,72.0
North-Eastern Region,52.0,72.0
Northen Region,57.0,72.0
Southern Region,68.0,72.0
Western Region,75.0,72.0
National,79.0,72.0
Eastern Region,65.0,72.0
North-Eastern Region,52.0,72.0
Northen Region,57.0,72.0
Southern Region,68.0,72.0
Western Region,75.0,72.0
National,79.0,72.0
Eastern Region,65.0,72.0
North-Eastern Region,52.0,72.0
Northen Region,57.0,72.0
Southern Region,68.0,72.0
Western Region,75.0,72.0
National,79.0,72.0
Eastern Region,65.0,72.0
North-Eastern Region,52.0,72.0
Northen Region,57.0,72.0
Southern Region,68.0,72.0
Western Region,75.0,72.0
National,79.0,72.0
Eastern Region,65.0,72.0
North-Eastern Region,52.0,72.0
Northen Region,57.0,72.0
Southern Region,68.0,72.0
Western Region,75.0,72.0
National,79.0,72.0
Eastern Region,65.0,72.0
North-Eastern Region,52.0,72.0
Northen Region,57.0,72.0
Southern Region,68.0,72.0
Western Region,75.0,72.0
National,79.0,72.0
Eastern Region,65.0,72.0
North-Eastern Region,52.0,72.0
Northen Region,57.0,72.0
Southern Region,68.0,72.0
Western Region,75.0,72.0
National,79.0,72.0
Eastern Region,65.0,72.0
North-Eastern Region,52.0,72.0
Northen Region,57.0,72.0
Southern Region,68.0,72.0
Western Region,75.0,72.0
National,79.0,72.0
Eastern Region,65.0,72.0
North-Eastern Region,52.0,72.0
Northen Region,57.0,72.0
Southern Region,68.0,72.0
Western Region,75.0,72.0
National,79.0,72.0
Eastern Region,65.0,72.0
North-Eastern Region,52.0,72.0
Northen Region,57.0,72.0
Southern Region,68.0,72.0
Western Region,75.0,72.0
National,79.0,72.0
Eastern Region,65.0,72.0
North-Eastern Region,52.0,72.0
Northen Region,57.0,72.0
Southern Region,68.0,72.0
Western Region,75.0,72.0
National,79.0,72.0
Eastern Region,65.0,72.0
North-Eastern Region,52.0,72.0
Northen Region,57.0,72.0
Southern Region,68.0,72.0
Western Region,75.0,72.0
National,79.0,72.0
Eastern Region,65.0,72.0
North-Eastern Region,52.0,72.0
Northen Region,57.0,72.0
Southern Region,68.0,72.0
Western Region,75.0,72.0
National,79.0,72.0
Eastern Region,65.0,72.0
North-Eastern Region,52.0,72.0
Northen Region,57.0,72.0
Southern Region,68.0,72.0
Western Region,75.0,72.0
National,79.0,72.0
Eastern Region,65.0,72.0
North-Eastern Region,52.0,72.0
Northen Region,57.0,72.0
Southern Region,68.0,72.0
Western Region,75.0,72.0
National,79.0,72.0
Eastern Region,65.0,72.0
North-Eastern Region,52.0,72.0
Northen Region,57.0,72.0
Southern Region,68.0,72.0
Western Region,75.0,72.0
National,79.0,72.0
Eastern Region,65.0,72.0
North-Eastern Region,52.0,72.0
Northen Region,57.0,72.0
Southern Region,68.0,72.0
Western Region,75.0,72.0
National,79.0,72.0
Eastern Region,65.0,72.0
North-Eastern Region,52.0,72.0
Northen Region,56.0,72.0
Southern Region,68.0,72.0
Western Region,75.0,72.0
National,79.0,72.0
Eastern Region,65.0,72.0
North-Eastern Region,52.0,72.0
Northen Region,56.0,72.0
Southern Region,68.0,72.0
Western Region,75.0,72.0
National,79.0,72.0
Eastern Region,65.0,72.0
North-Eastern Region,52.0,72.0
Northen Region,56.0,72.0
Southern Region,68.0,72.0
Western Region,75.0,72.0
National,79.0,72.0
Eastern Region,65.0,72.0
North-Eastern Region,52.0,72.0
Northen Region,56.0,72.0
Southern Region,68.0,72.0
Western Region,75.0,72.0
National,79.0,72.0
Eastern Region,65.0,72.0
North-Eastern Region,52.0,72.0
Northen Region,56.0,72.0
Southern Region,68.0,72.0
Western Region,75.0,72.0
National,79.0,72.0
Eastern Region,65.0,72.0
North-Eastern Region,52.0,72.0
Northen Region,56.0,72.0
Southern Region,68.0,72.0
Western Region,75.0,72.0
National,79.0,72.0
Eastern Region,65.0,72.0
North-Eastern Region,52.0,72.0
Northen Region,56.0,72.0
Southern Region,68.0,72.0
Western Region,75.0,72.0
National,79.0,73.0
Eastern Region,65.0,73.0
North-Eastern Region,52.0,73.0
Northen Region,56.0,73.0
Southern Region,68.0,73.0
Western Region,75.0,73.0
National,79.0,73.0
Eastern Region,65.0,73.0
North-Eastern Region,52.0,73.0
Northen Region,56.0,73.0
Southern Region,68.0,73.0
Western Region,75.0,73.0
National,79.0,73.0
Eastern Region,65.0,73.0
North-Eastern Region,52.0,73.0
Northen Region,56.0,73.0
Southern Region,68.0,73.0
Western Region,75.0,73.0
National,79.0,73.0
Eastern Region,65.0,73.0
North-Eastern Region,52.0,73.0
Northen Region,56.0,73.0
Southern Region,68.0,73.0
Western Region,75.0,73.0
National,79.0,73.0
Eastern Region,65.0,73.0
North-Eastern Region,52.0,73.0
Northen Region,56.0,73.0
Southern Region,68.0,73.0
Western Region,75.0,73.0
National,79.0,73.0
Eastern Region,65.0,73.0
North-Eastern Region,52.0,73.0
Northen Region,56.0,73.0
Southern Region,68.0,73.0
Western Region,75.0,73.0
National,79.0,73.0
Eastern Region,65.0,73.0
North-Eastern Region,52.0,73.0
Northen Region,56.0,73.0
Southern Region,68.0,73.0
Western Region,75.0,73.0
National,79.0,73.0
Eastern Region,65.0,73.0
North-Eastern Region,52.0,73.0
Northen Region,56.0,73.0
Southern Region,68.0,73.0
Western Region,75.0,73.0
National,79.0,73.0
Eastern Region,65.0,73.0
North-Eastern Region,52.0,73.0
Northen Region,56.0,73.0
Southern Region,68.0,73.0
Western Region,75.0,73.0
National,79.0,73.0
Eastern Region,65.0,73.0
North-Eastern Region,52.0,73.0
Northen Region,56.0,73.0
Southern Region,68.0,73.0
Western Region,75.0,73.0
National,79.0,73.0
Eastern Region,65.0,73.0
North-Eastern Region,52.0,73.0
Northen Region,56.0,73.0
Southern Region,68.0,73.0
Western Region,75.0,73.0
National,79.0,73.0
Eastern Region,65.0,73.0
North-Eastern Region,52.0,73.0
Northen Region,56.0,73.0
Southern Region,68.0,73.0
Western Region,75.0,73.0
National,79.0,73.0
Eastern Region,65.0,73.0
North-Eastern Region,52.0,73.0
Northen Region,56.0,73.0
Southern Region,68.0,73.0
Western Region,75.0,73.0
National,79.0,73.0
Eastern Region,65.0,73.0
North-Eastern Region,52.0,73.0
Northen Region,56.0,73.0
Southern Region,68.0,73.0
Western Region,75.0,73.0
National,79.0,73.0
Eastern Region,65.0,73.0
North-Eastern Region,52.0,73.0
Northen Region,56.0,73.0
Southern Region,68.0,73.0
Western Region,75.0,73.0
National,79.0,73.0
Eastern Region,65.0,73.0
North-Eastern Region,52.0,73.0
Northen Region,56.0,73.0
Southern Region,68.0,73.0
Western Region,75.0,73.0
National,79.0,73.0
Eastern Region,65.0,73.0
North-Eastern Region,52.0,73.0
Northen Region,56.0,73.0
Southern Region,68.0,73.0
Western Region,75.0,73.0
National,79.0,73.0
Eastern Region,65.0,73.0
North-Eastern Region,52.0,73.0
Northen Region,56.0,73.0
Southern Region,68.0,73.0
Western Region,75.0,73.0
National,79.0,73.0
Eastern Region,65.0,73.0
North-Eastern Region,52.0,73.0
Northen Region,56.0,73.0
Southern Region,68.0,73.0
Western Region,75.0,73.0
National,79.0,73.0
Eastern Region,65.0,73.0
North-Eastern Region,52.0,73.0
Northen Region,56.0,73.0
Southern Region,68.0,73.0
Western Region,75.0,73.0
National,79.0,73.0
Eastern Region,65.0,73.0
North-Eastern Region,52.0,73.0
Northen Region,56.0,73.0
Southern Region,68.0,73.0
Western Region,75.0,73.0
National,79.0,73.0
Eastern Region,65.0,73.0
North-Eastern Region,52.0,73.0
Northen Region,56.0,73.0
Southern Region,68.0,73.0
Western Region,75.0,73.0
National,79.0,73.0
Eastern Region,65.0,73.0
North-Eastern Region,52.0,73.0
Northen Region,56.0,73.0
Southern Region,68.0,73.0
Western Region,75.0,73.0
National,79.0,73.0
Eastern Region,65.0,73.0
North-Eastern Region,52.0,73.0
Northen Region,56.0,73.0
Southern Region,68.0,73.0
Western Region,75.0,73.0
National,79.0,73.0
Eastern Region,65.0,73.0
North-Eastern Region,52.0,73.0
Northen Region,56.0,73.0
Southern Region,68.0,73.0
Western Region,75.0,73.0
National,79.0,73.0
Eastern Region,65.0,73.0
North-Eastern Region,52.0,73.0
Northen Region,56.0,73.0
Southern Region,68.0,73.0
Western Region,75.0,73.0
National,79.0,73.0
Eastern Region,65.0,73.0
North-Eastern Region,52.0,73.0
Northen Region,56.0,73.0
Southern Region,68.0,73.0
Western Region,75.0,73.0
National,79.0,73.0
Eastern Region,65.0,73.0
North-Eastern Region,52.0,73.0
Northen Region,56.0,73.0
Southern Region,68.0,73.0
Western Region,75.0,73.0
National,79.0,73.0
Eastern Region,65.0,73.0
North-Eastern Region,52.0,73.0
Northen Region,56.0,73.0
Southern Region,68.0,73.0
Western Region,75.0,73.0
National,79.0,73.0
Eastern Region,65.0,73.0
North-Eastern Region,52.0,73.0
Northen Region,56.0,73.0
Southern Region,68.0,73.0
Western Region,75.0,73.0
National,79.0,73.0
Eastern Region,65.0,73.0
North-Eastern Region,52.0,73.0
Northen Region,56.0,73.0
Southern Region,68.0,73.0
Western Region,75.0,73.0
National,79.0,73.0
Eastern Region,65.0,73.0
North-Eastern Region,52.0,73.0
Northen Region,56.0,73.0
Southern Region,68.0,73.0
Western Region,75.0,73.0
National,79.0,73.0
Eastern Region,65.0,73.0
North-Eastern Region,52.0,73.0
Northen Region,56.0,73.0
Southern Region,68.0,73.0
Western Region,75.0,73.0
National,79.0,73.0
Eastern Region,65.0,73.0
North-Eastern Region,52.0,73.0
Northen Region,56.0,73.0
Southern Region,68.0,73.0
Western Region,75.0,73.0
National,79.0,73.0
Eastern Region,65.0,73.0
North-Eastern Region,52.0,73.0
Northen Region,56.0,73.0
Southern Region,68.0,73.0
Western Region,75.0,73.0
National,79.0,73.0
Eastern Region,65.0,73.0
North-Eastern Region,52.0,73.0
Northen Region,56.0,73.0
Southern Region,68.0,73.0
Western Region,75.0,73.0
National,79.0,73.0
Eastern Region,65.0,73.0
North-Eastern Region,52.0,73.0
Northen Region,56.0,73.0
Southern Region,68.0,73.0
Western Region,75.0,73.0
National,79.0,73.0
Eastern Region,65.0,73.0
North-Eastern Region,52.0,73.0
Northen Region,56.0,73.0
Southern Region,68.0,73.0
Western Region,75.0,73.0
National,79.0,73.0
Eastern Region,65.0,73.0
North-Eastern Region,52.0,73.0
Northen Region,56.0,73.0
Southern Region,68.0,73.0
Western Region,75.0,73.0
National,79.0,73.0
Eastern Region,65.0,73.0
North-Eastern Region,52.0,73.0
Northen Region,56.0,73.0
Southern Region,68.0,73.0
Western Region,75.0,73.0
National,79.0,73.0
Eastern Region,65.0,73.0
North-Eastern Region,52.0,73.0
Northen Region,56.0,73.0
Southern Region,68.0,73.0
Western Region,75.0,73.0
National,78.0,73.0
Eastern Region,65.0,73.0
North-Eastern Region,52.0,73.0
Northen Region,56.0,73.0
Southern Region,68.0,73.0
Western Region,75.0,73.0
National,78.0,73.0
Eastern Region,65.0,73.0
North-Eastern Region,52.0,73.0
Northen Region,56.0,73.0
Southern Region,68.0,73.0
Western Region,74.0,73.0
National,78.0,74.0
Eastern Region,65.0,74.0
North-Eastern Region,52.0,74.0
Northen Region,56.0,74.0
Southern Region,68.0,74.0
Western Region,74.0,74.0
National,78.0,74.0
Eastern Region,65.0,74.0
North-Eastern Region,52.0,74.0
Northen Region,56.0,74.0
Southern Region,68.0,74.0
Western Region,74.0,74.0
National,78.0,74.0
Eastern Region,65.0,74.0
North-Eastern Region,52.0,74.0
Northen Region,56.0,74.0
Southern Region,68.0,74.0
Western Region,74.0,74.0
National,78.0,74.0
Eastern Region,65.0,74.0
North-Eastern Region,52.0,74.0
Northen Region,56.0,74.0
Southern Region,68.0,74.0
Western Region,74.0,74.0
National,78.0,74.0
Eastern Region,65.0,74.0
North-Eastern Region,52.0,74.0
Northen Region,56.0,74.0
Southern Region,68.0,74.0
Western Region,74.0,74.0
National,78.0,74.0
Eastern Region,65.0,74.0
North-Eastern Region,52.0,74.0
Northen Region,56.0,74.0
Southern Region,68.0,74.0
Western Region,74.0,74.0
National,78.0,74.0
Eastern Region,65.0,74.0
North-Eastern Region,52.0,74.0
Northen Region,56.0,74.0
Southern Region,68.0,74.0
Western Region,74.0,74.0
National,78.0,74.0
Eastern Region,65.0,74.0
North-Eastern Region,52.0,74.0
Northen Region,56.0,74.0
Southern Region,68.0,74.0
Western Region,74.0,74.0
National,78.0,74.0
Eastern Region,65.0,74.0
North-Eastern Region,52.0,74.0
Northen Region,56.0,74.0
Southern Region,68.0,74.0
Western Region,74.0,74.0
National,78.0,74.0
Eastern Region,65.0,74.0
North-Eastern Region,52.0,74.0
Northen Region,56.0,74.0
Southern Region,68.0,74.0
Western Region,74.0,74.0
National,78.0,74.0
Eastern Region,65.0,74.0
North-Eastern Region,52.0,74.0
Northen Region,56.0,74.0
Southern Region,68.0,74.0
Western Region,74.0,74.0
National,78.0,74.0
Eastern Region,65.0,74.0
North-Eastern Region,52.0,74.0
Northen Region,56.0,74.0
Southern Region,68.0,74.0
Western Region,74.0,74.0
National,78.0,74.0
Eastern Region,65.0,74.0
North-Eastern Region,52.0,74.0
Northen Region,56.0,74.0
Southern Region,68.0,74.0
Western Region,74.0,74.0
National,78.0,74.0
Eastern Region,65.0,74.0
North-Eastern Region,52.0,74.0
Northen Region,56.0,74.0
Southern Region,68.0,74.0
Western Region,74.0,74.0
National,78.0,74.0
Eastern Region,65.0,74.0
North-Eastern Region,52.0,74.0
Northen Region,56.0,74.0
Southern Region,68.0,74.0
Western Region,74.0,74.0
National,78.0,74.0
Eastern Region,65.0,74.0
North-Eastern Region,52.0,74.0
Northen Region,56.0,74.0
Southern Region,68.0,74.0
Western Region,74.0,74.0
National,78.0,74.0
Eastern Region,65.0,74.0
North-Eastern Region,52.0,74.0
Northen Region,56.0,74.0
Southern Region,68.0,74.0
Western Region,74.0,74.0
National,78.0,74.0
Eastern Region,65.0,74.0
North-Eastern Region,52.0,74.0
Northen Region,56.0,74.0
Southern Region,67.0,74.0
Western Region,74.0,74.0
National,78.0,74.0
Eastern Region,65.0,74.0
North-Eastern Region,51.0,74.0
Northen Region,56.0,74.0
Southern Region,67.0,74.0
Western Region,74.0,74.0
National,78.0,74.0
Eastern Region,65.0,74.0
North-Eastern Region,51.0,74.0
Northen Region,56.0,74.0
Southern Region,67.0,74.0
Western Region,74.0,74.0
National,78.0,74.0
Eastern Region,65.0,74.0
North-Eastern Region,51.0,74.0
Northen Region,56.0,74.0
Southern Region,67.0,74.0
Western Region,74.0,74.0
National,78.0,74.0
Eastern Region,65.0,74.0
North-Eastern Region,51.0,74.0
Northen Region,56.0,74.0
Southern Region,67.0,74.0
Western Region,74.0,74.0
National,78.0,74.0
Eastern Region,65.0,74.0
North-Eastern Region,51.0,74.0
Northen Region,56.0,74.0
Southern Region,67.0,74.0
Western Region,74.0,74.0
National,78.0,74.0
Eastern Region,65.0,74.0
North-Eastern Region,51.0,74.0
Northen Region,56.0,74.0
Southern Region,67.0,74.0
Western Region,74.0,74.0
National,78.0,74.0
Eastern Region,65.0,74.0
North-Eastern Region,51.0,74.0
Northen Region,56.0,74.0
Southern Region,67.0,74.0
Western Region,74.0,74.0
National,78.0,74.0
Eastern Region,65.0,74.0
North-Eastern Region,51.0,74.0
Northen Region,56.0,74.0
Southern Region,67.0,74.0
Western Region,74.0,74.0
National,78.0,74.0
Eastern Region,64.0,74.0
North-Eastern Region,51.0,74.0
Northen Region,56.0,74.0
Southern Region,67.0,74.0
Western Region,74.0,74.0
National,78.0,74.0
Eastern Region,64.0,74.0
North-Eastern Region,51.0,74.0
Northen Region,56.0,74.0
Southern Region,67.0,74.0
Western Region,74.0,74.0
National,78.0,74.0
Eastern Region,64.0,74.0
North-Eastern Region,51.0,74.0
Northen Region,56.0,74.0
Southern Region,67.0,74.0
Western Region,74.0,74.0
National,78.0,74.0
Eastern Region,64.0,74.0
North-Eastern Region,51.0,74.0
Northen Region,56.0,74.0
Southern Region,67.0,74.0
Western Region,74.0,74.0
National,78.0,74.0
Eastern Region,64.0,74.0
North-Eastern Region,51.0,74.0
Northen Region,56.0,74.0
Southern Region,67.0,74.0
Western Region,74.0,74.0
National,78.0,74.0
Eastern Region,64.0,74.0
North-Eastern Region,51.0,74.0
Northen Region,56.0,74.0
Southern Region,67.0,74.0
Western Region,74.0,74.0
National,78.0,74.0
Eastern Region,64.0,74.0
North-Eastern Region,51.0,74.0
Northen Region,56.0,74.0
Southern Region,67.0,74.0
Western Region,74.0,74.0
National,78.0,74.0
Eastern Region,64.0,74.0
North-Eastern Region,51.0,74.0
Northen Region,56.0,74.0
Southern Region,67.0,74.0
Western Region,74.0,74.0
National,78.0,74.0
Eastern Region,64.0,74.0
North-Eastern Region,51.0,74.0
Northen Region,56.0,74.0
Southern Region,67.0,74.0
Western Region,74.0,74.0
National,78.0,74.0
Eastern Region,64.0,74.0
North-Eastern Region,51.0,74.0
Northen Region,56.0,74.0
Southern Region,67.0,74.0
Western Region,74.0,74.0
National,78.0,74.0
Eastern Region,64.0,74.0
North-Eastern Region,51.0,74.0
Northen Region,56.0,74.0
Southern Region,67.0,74.0
Western Region,74.0,74.0
National,78.0,74.0
Eastern Region,64.0,74.0
North-Eastern Region,51.0,74.0
Northen Region,56.0,74.0
Southern Region,67.0,74.0
Western Region,74.0,74.0
National,78.0,74.0
Eastern Region,64.0,74.0
North-Eastern Region,51.0,74.0
Northen Region,56.0,74.0
Southern Region,67.0,74.0
Western Region,74.0,74.0
National,78.0,74.0
Eastern Region,64.0,74.0
North-Eastern Region,51.0,74.0
Northen Region,56.0,74.0
Southern Region,67.0,74.0
Western Region,74.0,74.0
National,78.0,74.0
Eastern Region,64.0,74.0
North-Eastern Region,51.0,74.0
Northen Region,56.0,74.0
Southern Region,67.0,74.0
Western Region,74.0,74.0
National,78.0,74.0
Eastern Region,64.0,74.0
North-Eastern Region,51.0,74.0
Northen Region,56.0,74.0
Southern Region,67.0,74.0
Western Region,74.0,74.0
National,78.0,74.0
Eastern Region,64.0,74.0
North-Eastern Region,51.0,74.0
Northen Region,56.0,74.0
Southern Region,67.0,74.0
Western Region,74.0,74.0
National,78.0,74.0
Eastern Region,64.0,74.0
North-Eastern Region,51.0,74.0
Northen Region,56.0,74.0
Southern Region,67.0,74.0
Western Region,74.0,74.0
National,78.0,75.0
Eastern Region,64.0,75.0
North-Eastern Region,51.0,75.0
Northen Region,56.0,75.0
Southern Region,67.0,75.0
Western Region,74.0,75.0
National,78.0,75.0
Eastern Region,64.0,75.0
North-Eastern Region,51.0,75.0
Northen Region,56.0,75.0
Southern Region,67.0,75.0
Western Region,74.0,75.0
National,78.0,75.0
Eastern Region,64.0,75.0
North-Eastern Region,51.0,75.0
Northen Region,56.0,75.0
Southern Region,67.0,75.0
Western Region,74.0,75.0
National,78.0,75.0
Eastern Region,64.0,75.0
North-Eastern Region,51.0,75.0
Northen Region,56.0,75.0
Southern Region,67.0,75.0
Western Region,74.0,75.0
National,78.0,75.0
Eastern Region,64.0,75.0
North-Eastern Region,51.0,75.0
Northen Region,56.0,75.0
Southern Region,67.0,75.0
Western Region,74.0,75.0
National,78.0,75.0
Eastern Region,64.0,75.0
North-Eastern Region,51.0,75.0
Northen Region,56.0,75.0
Southern Region,67.0,75.0
Western Region,74.0,75.0
National,78.0,75.0
Eastern Region,64.0,75.0
North-Eastern Region,51.0,75.0
Northen Region,56.0,75.0
Southern Region,67.0,75.0
Western Region,74.0,75.0
National,78.0,75.0
Eastern Region,64.0,75.0
North-Eastern Region,51.0,75.0
Northen Region,56.0,75.0
Southern Region,67.0,75.0
Western Region,74.0,75.0
National,78.0,75.0
Eastern Region,64.0,75.0
North-Eastern Region,51.0,75.0
Northen Region,56.0,75.0
Southern Region,67.0,75.0
Western Region,74.0,75.0
National,78.0,75.0
Eastern Region,64.0,75.0
North-Eastern Region,51.0,75.0
Northen Region,56.0,75.0
Southern Region,67.0,75.0
Western Region,74.0,75.0
National,78.0,75.0
Eastern Region,64.0,75.0
North-Eastern Region,51.0,75.0
Northen Region,56.0,75.0
Southern Region,67.0,75.0
Western Region,74.0,75.0
National,78.0,75.0
Eastern Region,64.0,75.0
North-Eastern Region,51.0,75.0
Northen Region,56.0,75.0
Southern Region,67.0,75.0
Western Region,74.0,75.0
National,78.0,75.0
Eastern Region,64.0,75.0
North-Eastern Region,51.0,75.0
Northen Region,56.0,75.0
Southern Region,67.0,75.0
Western Region,74.0,75.0
National,78.0,75.0
Eastern Region,64.0,75.0
North-Eastern Region,51.0,75.0
Northen Region,56.0,75.0
Southern Region,67.0,75.0
Western Region,74.0,75.0
National,78.0,75.0
Eastern Region,64.0,75.0
North-Eastern Region,51.0,75.0
Northen Region,55.0,75.0
Southern Region,67.0,75.0
Western Region,74.0,75.0
National,78.0,75.0
Eastern Region,64.0,75.0
North-Eastern Region,51.0,75.0
Northen Region,55.0,75.0
Southern Region,67.0,75.0
Western Region,74.0,75.0
National,78.0,75.0
Eastern Region,64.0,75.0
North-Eastern Region,51.0,75.0
Northen Region,55.0,75.0
Southern Region,67.0,75.0
Western Region,74.0,75.0
National,78.0,75.0
Eastern Region,64.0,75.0
North-Eastern Region,51.0,75.0
Northen Region,55.0,75.0
Southern Region,67.0,75.0
Western Region,74.0,75.0
National,78.0,75.0
Eastern Region,64.0,75.0
North-Eastern Region,51.0,75.0
Northen Region,55.0,75.0
Southern Region,67.0,75.0
Western Region,74.0,75.0
National,78.0,75.0
Eastern Region,64.0,75.0
North-Eastern Region,51.0,75.0
Northen Region,55.0,75.0
Southern Region,67.0,75.0
Western Region,74.0,75.0
National,78.0,75.0
Eastern Region,64.0,75.0
North-Eastern Region,51.0,75.0
Northen Region,55.0,75.0
Southern Region,67.0,75.0
Western Region,74.0,75.0
National,78.0,75.0
Eastern Region,64.0,75.0
North-Eastern Region,51.0,75.0
Northen Region,55.0,75.0
Southern Region,67.0,75.0
Western Region,74.0,75.0
National,78.0,75.0
Eastern Region,64.0,75.0
North-Eastern Region,51.0,75.0
Northen Region,55.0,75.0
Southern Region,67.0,75.0
Western Region,74.0,75.0
National,78.0,75.0
Eastern Region,64.0,75.0
North-Eastern Region,51.0,75.0
Northen Region,55.0,75.0
Southern Region,67.0,75.0
Western Region,74.0,75.0
National,78.0,75.0
Eastern Region,64.0,75.0
North-Eastern Region,51.0,75.0
Northen Region,55.0,75.0
Southern Region,67.0,75.0
Western Region,74.0,75.0
National,78.0,75.0
Eastern Region,64.0,75.0
North-Eastern Region,51.0,75.0
Northen Region,55.0,75.0
Southern Region,67.0,75.0
Western Region,74.0,75.0
National,78.0,75.0
Eastern Region,64.0,75.0
North-Eastern Region,51.0,75.0
Northen Region,55.0,75.0
Southern Region,67.0,75.0
Western Region,74.0,75.0
National,78.0,75.0
Eastern Region,64.0,75.0
North-Eastern Region,51.0,75.0
Northen Region,55.0,75.0
Southern Region,67.0,75.0
Western Region,74.0,75.0
National,78.0,75.0
Eastern Region,64.0,75.0
North-Eastern Region,51.0,75.0
Northen Region,55.0,75.0
Southern Region,67.0,75.0
Western Region,74.0,75.0
National,78.0,75.0
Eastern Region,64.0,75.0
North-Eastern Region,51.0,75.0
Northen Region,55.0,75.0
Southern Region,67.0,75.0
Western Region,74.0,75.0
National,78.0,75.0
Eastern Region,64.0,75.0
North-Eastern Region,51.0,75.0
Northen Region,55.0,75.0
Southern Region,67.0,75.0
Western Region,74.0,75.0
National,78.0,75.0
Eastern Region,64.0,75.0
North-Eastern Region,51.0,75.0
Northen Region,55.0,75.0
Southern Region,67.0,75.0
Western Region,74.0,75.0
National,78.0,75.0
Eastern Region,64.0,75.0
North-Eastern Region,51.0,75.0
Northen Region,55.0,75.0
Southern Region,67.0,75.0
Western Region,74.0,75.0
National,78.0,75.0
Eastern Region,64.0,75.0
North-Eastern Region,51.0,75.0
Northen Region,55.0,75.0
Southern Region,67.0,75.0
Western Region,74.0,75.0
National,78.0,75.0
Eastern Region,64.0,75.0
North-Eastern Region,51.0,75.0
Northen Region,55.0,75.0
Southern Region,67.0,75.0
Western Region,74.0,75.0
National,78.0,75.0
Eastern Region,64.0,75.0
North-Eastern Region,51.0,75.0
Northen Region,55.0,75.0
Southern Region,67.0,75.0
Western Region,74.0,75.0
National,78.0,75.0
Eastern Region,64.0,75.0
North-Eastern Region,51.0,75.0
Northen Region,55.0,75.0
Southern Region,67.0,75.0
Western Region,74.0,75.0
National,78.0,75.0
Eastern Region,64.0,75.0
North-Eastern Region,51.0,75.0
Northen Region,55.0,75.0
Southern Region,67.0,75.0
Western Region,74.0,75.0
National,78.0,75.0
Eastern Region,64.0,75.0
North-Eastern Region,51.0,75.0
Northen Region,55.0,75.0
Southern Region,67.0,75.0
Western Region,74.0,75.0
National,78.0,75.0
Eastern Region,64.0,75.0
North-Eastern Region,51.0,75.0
Northen Region,55.0,75.0
Southern Region,67.0,75.0
Western Region,74.0,75.0
National,78.0,75.0
Eastern Region,64.0,75.0
North-Eastern Region,51.0,75.0
Northen Region,55.0,75.0
Southern Region,67.0,75.0
Western Region,74.0,75.0
National,78.0,75.0
Eastern Region,64.0,75.0
North-Eastern Region,51.0,75.0
Northen Region,55.0,75.0
Southern Region,67.0,75.0
Western Region,74.0,75.0
National,78.0,75.0
Eastern Region,64.0,75.0
North-Eastern Region,51.0,75.0
Northen Region,55.0,75.0
Southern Region,67.0,75.0
Western Region,74.0,75.0
National,78.0,76.0
Eastern Region,64.0,76.0
North-Eastern Region,51.0,76.0
Northen Region,55.0,76.0
Southern Region,67.0,76.0
Western Region,74.0,76.0
National,78.0,76.0
Eastern Region,64.0,76.0
North-Eastern Region,51.0,76.0
Northen Region,55.0,76.0
Southern Region,67.0,76.0
Western Region,74.0,76.0
National,78.0,76.0
Eastern Region,64.0,76.0
North-Eastern Region,51.0,76.0
Northen Region,55.0,76.0
Southern Region,67.0,76.0
Western Region,74.0,76.0
National,78.0,76.0
Eastern Region,64.0,76.0
North-Eastern Region,51.0,76.0
Northen Region,55.0,76.0
Southern Region,67.0,76.0
Western Region,74.0,76.0
National,78.0,76.0
Eastern Region,64.0,76.0
North-Eastern Region,51.0,76.0
Northen Region,55.0,76.0
Southern Region,67.0,76.0
Western Region,74.0,76.0
National,78.0,76.0
Eastern Region,64.0,76.0
North-Eastern Region,51.0,76.0
Northen Region,55.0,76.0
Southern Region,67.0,76.0
Western Region,74.0,76.0
National,78.0,76.0
Eastern Region,64.0,76.0
North-Eastern Region,51.0,76.0
Northen Region,55.0,76.0
Southern Region,67.0,76.0
Western Region,74.0,76.0
National,78.0,76.0
Eastern Region,64.0,76.0
North-Eastern Region,51.0,76.0
Northen Region,55.0,76.0
Southern Region,67.0,76.0
Western Region,74.0,76.0
National,78.0,76.0
Eastern Region,64.0,76.0
North-Eastern Region,51.0,76.0
Northen Region,55.0,76.0
Southern Region,67.0,76.0
Western Region,74.0,76.0
National,78.0,76.0
Eastern Region,64.0,76.0
North-Eastern Region,51.0,76.0
Northen Region,55.0,76.0
Southern Region,67.0,76.0
Western Region,74.0,76.0
National,78.0,76.0
Eastern Region,64.0,76.0
North-Eastern Region,51.0,76.0
Northen Region,55.0,76.0
Southern Region,67.0,76.0
Western Region,74.0,76.0
National,78.0,76.0
Eastern Region,64.0,76.0
North-Eastern Region,51.0,76.0
Northen Region,55.0,76.0
Southern Region,67.0,76.0
Western Region,74.0,76.0
National,78.0,76.0
Eastern Region,64.0,76.0
North-Eastern Region,51.0,76.0
Northen Region,55.0,76.0
Southern Region,67.0,76.0
Western Region,74.0,76.0
National,78.0,76.0
Eastern Region,64.0,76.0
North-Eastern Region,51.0,76.0
Northen Region,55.0,76.0
Southern Region,67.0,76.0
Western Region,74.0,76.0
National,78.0,76.0
Eastern Region,64.0,76.0
North-Eastern Region,51.0,76.0
Northen Region,55.0,76.0
Southern Region,67.0,76.0
Western Region,74.0,76.0
National,78.0,76.0
Eastern Region,64.0,76.0
North-Eastern Region,51.0,76.0
Northen Region,55.0,76.0
Southern Region,67.0,76.0
Western Region,74.0,76.0
National,78.0,76.0
Eastern Region,64.0,76.0
North-Eastern Region,51.0,76.0
Northen Region,55.0,76.0
Southern Region,67.0,76.0
Western Region,74.0,76.0
National,78.0,76.0
Eastern Region,64.0,76.0
North-Eastern Region,51.0,76.0
Northen Region,55.0,76.0
Southern Region,67.0,76.0
Western Region,74.0,76.0
National,78.0,76.0
Eastern Region,64.0,76.0
North-Eastern Region,51.0,76.0
Northen Region,55.0,76.0
Southern Region,67.0,76.0
Western Region,74.0,76.0
National,78.0,76.0
Eastern Region,64.0,76.0
North-Eastern Region,51.0,76.0
Northen Region,55.0,76.0
Southern Region,67.0,76.0
Western Region,74.0,76.0
National,78.0,76.0
Eastern Region,64.0,76.0
North-Eastern Region,51.0,76.0
Northen Region,55.0,76.0
Southern Region,67.0,76.0
Western Region,74.0,76.0
National,78.0,76.0
Eastern Region,64.0,76.0
North-Eastern Region,51.0,76.0
Northen Region,55.0,76.0
Southern Region,67.0,76.0
Western Region,74.0,76.0
National,78.0,76.0
Eastern Region,64.0,76.0
North-Eastern Region,51.0,76.0
Northen Region,55.0,76.0
Southern Region,67.0,76.0
Western Region,74.0,76.0
National,78.0,76.0
Eastern Region,64.0,76.0
North-Eastern Region,51.0,76.0
Northen Region,55.0,76.0
Southern Region,67.0,76.0
Western Region,74.0,76.0
National,78.0,76.0
Eastern Region,64.0,76.0
North-Eastern Region,51.0,76.0
Northen Region,55.0,76.0
Southern Region,67.0,76.0
Western Region,74.0,76.0
National,78.0,76.0
Eastern Region,64.0,76.0
North-Eastern Region,51.0,76.0
Northen Region,55.0,76.0
Southern Region,67.0,76.0
Western Region,74.0,76.0
National,78.0,76.0
Eastern Region,64.0,76.0
North-Eastern Region,51.0,76.0
Northen Region,55.0,76.0
Southern Region,67.0,76.0
Western Region,74.0,76.0
National,78.0,76.0
Eastern Region,64.0,76.0
North-Eastern Region,51.0,76.0
Northen Region,55.0,76.0
Southern Region,67.0,76.0
Western Region,74.0,76.0
National,78.0,76.0
Eastern Region,64.0,76.0
North-Eastern Region,51.0,76.0
Northen Region,55.0,76.0
Southern Region,67.0,76.0
Western Region,74.0,76.0
National,78.0,76.0
Eastern Region,64.0,76.0
North-Eastern Region,51.0,76.0
Northen Region,55.0,76.0
Southern Region,67.0,76.0
Western Region,74.0,76.0
National,78.0,76.0
Eastern Region,64.0,76.0
North-Eastern Region,51.0,76.0
Northen Region,55.0,76.0
Southern Region,67.0,76.0
Western Region,74.0,76.0
National,78.0,76.0
Eastern Region,64.0,76.0
North-Eastern Region,51.0,76.0
Northen Region,55.0,76.0
Southern Region,67.0,76.0
Western Region,74.0,76.0
National,78.0,76.0
Eastern Region,64.0,76.0
North-Eastern Region,51.0,76.0
Northen Region,55.0,76.0
Southern Region,67.0,76.0
Western Region,74.0,76.0
National,78.0,76.0
Eastern Region,64.0,76.0
North-Eastern Region,51.0,76.0
Northen Region,55.0,76.0
Southern Region,67.0,76.0
Western Region,74.0,76.0
National,78.0,76.0
Eastern Region,64.0,76.0
North-Eastern Region,51.0,76.0
Northen Region,55.0,76.0
Southern Region,67.0,76.0
Western Region,74.0,76.0
National,78.0,76.0
Eastern Region,64.0,76.0
North-Eastern Region,51.0,76.0
Northen Region,55.0,76.0
Southern Region,67.0,76.0
Western Region,74.0,76.0
National,78.0,76.0
Eastern Region,64.0,76.0
North-Eastern Region,51.0,76.0
Northen Region,55.0,76.0
Southern Region,67.0,76.0
Western Region,74.0,76.0
National,78.0,76.0
Eastern Region,64.0,76.0
North-Eastern Region,51.0,76.0
Northen Region,55.0,76.0
Southern Region,67.0,76.0
Western Region,74.0,76.0
National,78.0,76.0
Eastern Region,64.0,76.0
North-Eastern Region,51.0,76.0
Northen Region,55.0,76.0
Southern Region,67.0,76.0
Western Region,74.0,76.0
National,78.0,76.0
Eastern Region,64.0,76.0
North-Eastern Region,51.0,76.0
Northen Region,55.0,76.0
Southern Region,67.0,76.0
Western Region,74.0,76.0
National,78.0,76.0
Eastern Region,64.0,76.0
North-Eastern Region,51.0,76.0
Northen Region,55.0,76.0
Southern Region,67.0,76.0
Western Region,74.0,76.0
National,78.0,76.0
Eastern Region,64.0,76.0
North-Eastern Region,51.0,76.0
Northen Region,55.0,76.0
Southern Region,67.0,76.0
Western Region,74.0,76.0
National,78.0,76.0
Eastern Region,64.0,76.0
North-Eastern Region,51.0,76.0
Northen Region,55.0,76.0
Southern Region,67.0,76.0
Western Region,74.0,76.0
National,78.0,76.0
Eastern Region,64.0,76.0
North-Eastern Region,51.0,76.0
Northen Region,55.0,76.0
Southern Region,67.0,76.0
Western Region,74.0,76.0
National,78.0,77.0
Eastern Region,64.0,77.0
North-Eastern Region,51.0,77.0
Northen Region,55.0,77.0
Southern Region,67.0,77.0
Western Region,74.0,77.0
National,78.0,77.0
Eastern Region,64.0,77.0
North-Eastern Region,51.0,77.0
Northen Region,55.0,77.0
Southern Region,67.0,77.0
Western Region,74.0,77.0
National,78.0,77.0
Eastern Region,64.0,77.0
North-Eastern Region,51.0,77.0
Northen Region,55.0,77.0
Southern Region,67.0,77.0
Western Region,74.0,77.0
National,78.0,77.0
Eastern Region,64.0,77.0
North-Eastern Region,51.0,77.0
Northen Region,55.0,77.0
Southern Region,67.0,77.0
Western Region,74.0,77.0
National,78.0,77.0
Eastern Region,64.0,77.0
North-Eastern Region,51.0,77.0
Northen Region,55.0,77.0
Southern Region,67.0,77.0
Western Region,74.0,77.0
National,77.0,77.0
Eastern Region,64.0,77.0
North-Eastern Region,51.0,77.0
Northen Region,55.0,77.0
Southern Region,67.0,77.0
Western Region,74.0,77.0
National,77.0,77.0
Eastern Region,64.0,77.0
North-Eastern Region,51.0,77.0
Northen Region,55.0,77.0
Southern Region,67.0,77.0
Western Region,74.0,77.0
National,77.0,77.0
Eastern Region,64.0,77.0
North-Eastern Region,51.0,77.0
Northen Region,55.0,77.0
Southern Region,67.0,77.0
Western Region,74.0,77.0
National,77.0,77.0
Eastern Region,64.0,77.0
North-Eastern Region,51.0,77.0
Northen Region,55.0,77.0
Southern Region,67.0,77.0
Western Region,74.0,77.0
National,77.0,77.0
Eastern Region,64.0,77.0
North-Eastern Region,51.0,77.0
Northen Region,55.0,77.0
Southern Region,67.0,77.0
Western Region,74.0,77.0
National,77.0,77.0
Eastern Region,64.0,77.0
North-Eastern Region,51.0,77.0
Northen Region,55.0,77.0
Southern Region,67.0,77.0
Western Region,74.0,77.0
National,77.0,77.0
Eastern Region,64.0,77.0
North-Eastern Region,51.0,77.0
Northen Region,55.0,77.0
Southern Region,67.0,77.0
Western Region,74.0,77.0
National,77.0,77.0
Eastern Region,64.0,77.0
North-Eastern Region,51.0,77.0
Northen Region,55.0,77.0
Southern Region,67.0,77.0
Western Region,74.0,77.0
National,77.0,77.0
Eastern Region,64.0,77.0
North-Eastern Region,51.0,77.0
Northen Region,55.0,77.0
Southern Region,67.0,77.0
Western Region,74.0,77.0
National,77.0,77.0
Eastern Region,64.0,77.0
North-Eastern Region,51.0,77.0
Northen Region,55.0,77.0
Southern Region,67.0,77.0
Western Region,74.0,77.0
National,77.0,77.0
Eastern Region,63.0,77.0
North-Eastern Region,51.0,77.0
Northen Region,55.0,77.0
Southern Region,67.0,77.0
Western Region,73.0,77.0
National,77.0,77.0
Eastern Region,63.0,77.0
North-Eastern Region,51.0,77.0
Northen Region,55.0,77.0
Southern Region,67.0,77.0
Western Region,73.0,77.0
National,77.0,77.0
Eastern Region,63.0,77.0
North-Eastern Region,51.0,77.0
Northen Region,55.0,77.0
Southern Region,67.0,77.0
Western Region,73.0,77.0
National,77.0,77.0
Eastern Region,63.0,77.0
North-Eastern Region,51.0,77.0
Northen Region,55.0,77.0
Southern Region,67.0,77.0
Western Region,73.0,77.0
National,77.0,77.0
Eastern Region,63.0,77.0
North-Eastern Region,51.0,77.0
Northen Region,55.0,77.0
Southern Region,67.0,77.0
Western Region,73.0,77.0
National,77.0,77.0
Eastern Region,63.0,77.0
North-Eastern Region,51.0,77.0
Northen Region,55.0,77.0
Southern Region,67.0,77.0
Western Region,73.0,77.0
National,77.0,77.0
Eastern Region,63.0,77.0
North-Eastern Region,51.0,77.0
Northen Region,55.0,77.0
Southern Region,67.0,77.0
Western Region,73.0,77.0
National,77.0,77.0
Eastern Region,63.0,77.0
North-Eastern Region,51.0,77.0
Northen Region,55.0,77.0
Southern Region,67.0,77.0
Western Region,73.0,77.0
National,77.0,77.0
Eastern Region,63.0,77.0
North-Eastern Region,50.0,77.0
Northen Region,55.0,77.0
Southern Region,66.0,77.0
Western Region,73.0,77.0
National,77.0,77.0
Eastern Region,63.0,77.0
North-Eastern Region,50.0,77.0
Northen Region,55.0,77.0
Southern Region,66.0,77.0
Western Region,73.0,77.0
National,77.0,77.0
Eastern Region,63.0,77.0
North-Eastern Region,50.0,77.0
Northen Region,55.0,77.0
Southern Region,66.0,77.0
Western Region,73.0,77.0
National,77.0,77.0
Eastern Region,63.0,77.0
North-Eastern Region,50.0,77.0
Northen Region,55.0,77.0
Southern Region,66.0,77.0
Western Region,73.0,77.0
National,77.0,77.0
Eastern Region,63.0,77.0
North-Eastern Region,50.0,77.0
Northen Region,55.0,77.0
Southern Region,66.0,77.0
Western Region,73.0,77.0
National,77.0,77.0
Eastern Region,63.0,77.0
North-Eastern Region,50.0,77.0
Northen Region,55.0,77.0
Southern Region,66.0,77.0
Western Region,73.0,77.0
National,77.0,77.0
Eastern Region,63.0,77.0
North-Eastern Region,50.0,77.0
Northen Region,55.0,77.0
Southern Region,66.0,77.0
Western Region,73.0,77.0
National,77.0,77.0
Eastern Region,63.0,77.0
North-Eastern Region,50.0,77.0
Northen Region,55.0,77.0
Southern Region,66.0,77.0
Western Region,73.0,77.0
National,77.0,77.0
Eastern Region,63.0,77.0
North-Eastern Region,50.0,77.0
Northen Region,55.0,77.0
Southern Region,66.0,77.0
Western Region,73.0,77.0
National,77.0,77.0
Eastern Region,63.0,77.0
North-Eastern Region,50.0,77.0
Northen Region,55.0,77.0
Southern Region,66.0,77.0
Western Region,73.0,77.0
National,77.0,77.0
Eastern Region,63.0,77.0
North-Eastern Region,50.0,77.0
Northen Region,55.0,77.0
Southern Region,66.0,77.0
Western Region,73.0,77.0
National,77.0,77.0
Eastern Region,63.0,77.0
North-Eastern Region,50.0,77.0
Northen Region,55.0,77.0
Southern Region,66.0,77.0
Western Region,73.0,77.0
National,77.0,77.0
Eastern Region,63.0,77.0
North-Eastern Region,50.0,77.0
Northen Region,55.0,77.0
Southern Region,66.0,77.0
Western Region,73.0,77.0
National,77.0,77.0
Eastern Region,63.0,77.0
North-Eastern Region,50.0,77.0
Northen Region,55.0,77.0
Southern Region,66.0,77.0
Western Region,73.0,77.0
National,77.0,77.0
Eastern Region,63.0,77.0
North-Eastern Region,50.0,77.0
Northen Region,55.0,77.0
Southern Region,66.0,77.0
Western Region,73.0,77.0
National,77.0,77.0
Eastern Region,63.0,77.0
North-Eastern Region,50.0,77.0
Northen Region,55.0,77.0
Southern Region,66.0,77.0
Western Region,73.0,77.0
National,77.0,77.0
Eastern Region,63.0,77.0
North-Eastern Region,50.0,77.0
Northen Region,55.0,77.0
Southern Region,66.0,77.0
Western Region,73.0,77.0
National,77.0,77.0
Eastern Region,63.0,77.0
North-Eastern Region,50.0,77.0
Northen Region,55.0,77.0
Southern Region,66.0,77.0
Western Region,73.0,77.0
National,77.0,77.0
Eastern Region,63.0,77.0
North-Eastern Region,50.0,77.0
Northen Region,55.0,77.0
Southern Region,66.0,77.0
Western Region,73.0,77.0
National,77.0,77.0
Eastern Region,63.0,77.0
North-Eastern Region,50.0,77.0
Northen Region,55.0,77.0
Southern Region,66.0,77.0
Western Region,73.0,77.0
National,77.0,78.0
Eastern Region,63.0,78.0
North-Eastern Region,50.0,78.0
Northen Region,55.0,78.0
Southern Region,66.0,78.0
Western Region,73.0,78.0
National,77.0,78.0
Eastern Region,63.0,78.0
North-Eastern Region,50.0,78.0
Northen Region,55.0,78.0
Southern Region,66.0,78.0
Western Region,73.0,78.0
National,77.0,78.0
Eastern Region,63.0,78.0
North-Eastern Region,50.0,78.0
Northen Region,55.0,78.0
Southern Region,66.0,78.0
Western Region,73.0,78.0
National,77.0,78.0
Eastern Region,63.0,78.0
North-Eastern Region,50.0,78.0
Northen Region,55.0,78.0
Southern Region,66.0,78.0
Western Region,73.0,78.0
National,77.0,78.0
Eastern Region,63.0,78.0
North-Eastern Region,50.0,78.0
Northen Region,55.0,78.0
Southern Region,66.0,78.0
Western Region,73.0,78.0
National,77.0,78.0
Eastern Region,63.0,78.0
North-Eastern Region,50.0,78.0
Northen Region,55.0,78.0
Southern Region,66.0,78.0
Western Region,73.0,78.0
National,77.0,78.0
Eastern Region,63.0,78.0
North-Eastern Region,50.0,78.0
Northen Region,55.0,78.0
Southern Region,66.0,78.0
Western Region,73.0,78.0
National,77.0,78.0
Eastern Region,63.0,78.0
North-Eastern Region,50.0,78.0
Northen Region,55.0,78.0
Southern Region,66.0,78.0
Western Region,73.0,78.0
National,77.0,78.0
Eastern Region,63.0,78.0
North-Eastern Region,50.0,78.0
Northen Region,55.0,78.0
Southern Region,66.0,78.0
Western Region,73.0,78.0
National,77.0,78.0
Eastern Region,63.0,78.0
North-Eastern Region,50.0,78.0
Northen Region,55.0,78.0
Southern Region,66.0,78.0
Western Region,73.0,78.0
National,77.0,78.0
Eastern Region,63.0,78.0
North-Eastern Region,50.0,78.0
Northen Region,54.0,78.0
Southern Region,66.0,78.0
Western Region,73.0,78.0
National,77.0,78.0
Eastern Region,63.0,78.0
North-Eastern Region,50.0,78.0
Northen Region,54.0,78.0
Southern Region,66.0,78.0
Western Region,73.0,78.0
National,77.0,78.0
Eastern Region,63.0,78.0
North-Eastern Region,50.0,78.0
Northen Region,54.0,78.0
Southern Region,66.0,78.0
Western Region,73.0,78.0
National,77.0,78.0
Eastern Region,63.0,78.0
North-Eastern Region,50.0,78.0
Northen Region,54.0,78.0
Southern Region,66.0,78.0
Western Region,73.0,78.0
National,77.0,78.0
Eastern Region,63.0,78.0
North-Eastern Region,50.0,78.0
Northen Region,54.0,78.0
Southern Region,66.0,78.0
Western Region,73.0,78.0
National,77.0,78.0
Eastern Region,63.0,78.0
North-Eastern Region,50.0,78.0
Northen Region,54.0,78.0
Southern Region,66.0,78.0
Western Region,73.0,78.0
National,77.0,78.0
Eastern Region,63.0,78.0
North-Eastern Region,50.0,78.0
Northen Region,54.0,78.0
Southern Region,66.0,78.0
Western Region,73.0,78.0
National,77.0,78.0
Eastern Region,63.0,78.0
North-Eastern Region,50.0,78.0
Northen Region,54.0,78.0
Southern Region,66.0,78.0
Western Region,73.0,78.0
National,77.0,78.0
Eastern Region,63.0,78.0
North-Eastern Region,50.0,78.0
Northen Region,54.0,78.0
Southern Region,66.0,78.0
Western Region,73.0,78.0
National,77.0,78.0
Eastern Region,63.0,78.0
North-Eastern Region,50.0,78.0
Northen Region,54.0,78.0
Southern Region,66.0,78.0
Western Region,73.0,78.0
National,77.0,78.0
Eastern Region,63.0,78.0
North-Eastern Region,50.0,78.0
Northen Region,54.0,78.0
Southern Region,66.0,78.0
Western Region,73.0,78.0
National,77.0,78.0
Eastern Region,63.0,78.0
North-Eastern Region,50.0,78.0
Northen Region,54.0,78.0
Southern Region,66.0,78.0
Western Region,73.0,78.0
National,77.0,78.0
Eastern Region,63.0,78.0
North-Eastern Region,50.0,78.0
Northen Region,54.0,78.0
Southern Region,66.0,78.0
Western Region,73.0,78.0
National,77.0,78.0
Eastern Region,63.0,78.0
North-Eastern Region,50.0,78.0
Northen Region,54.0,78.0
Southern Region,66.0,78.0
Western Region,73.0,78.0
National,77.0,78.0
Eastern Region,63.0,78.0
North-Eastern Region,50.0,78.0
Northen Region,54.0,78.0
Southern Region,66.0,78.0
Western Region,73.0,78.0
National,77.0,78.0
Eastern Region,63.0,78.0
North-Eastern Region,50.0,78.0
Northen Region,54.0,78.0
Southern Region,66.0,78.0
Western Region,73.0,78.0
National,77.0,78.0
Eastern Region,63.0,78.0
North-Eastern Region,50.0,78.0
Northen Region,54.0,78.0
Southern Region,66.0,78.0
Western Region,73.0,78.0
National,77.0,78.0
Eastern Region,63.0,78.0
North-Eastern Region,50.0,78.0
Northen Region,54.0,78.0
Southern Region,66.0,78.0
Western Region,73.0,78.0
National,77.0,78.0
Eastern Region,63.0,78.0
North-Eastern Region,50.0,78.0
Northen Region,54.0,78.0
Southern Region,66.0,78.0
Western Region,73.0,78.0
National,77.0,78.0
Eastern Region,63.0,78.0
North-Eastern Region,50.0,78.0
Northen Region,54.0,78.0
Southern Region,66.0,78.0
Western Region,73.0,78.0
National,77.0,78.0
Eastern Region,63.0,78.0
North-Eastern Region,50.0,78.0
Northen Region,54.0,78.0
Southern Region,66.0,78.0
Western Region,73.0,78.0
National,77.0,78.0
Eastern Region,63.0,78.0
North-Eastern Region,50.0,78.0
Northen Region,54.0,78.0
Southern Region,66.0,78.0
Western Region,73.0,78.0
National,77.0,78.0
Eastern Region,63.0,78.0
North-Eastern Region,50.0,78.0
Northen Region,54.0,78.0
Southern Region,66.0,78.0
Western Region,73.0,78.0
National,77.0,78.0
Eastern Region,63.0,78.0
North-Eastern Region,50.0,78.0
Northen Region,54.0,78.0
Southern Region,66.0,78.0
Western Region,73.0,78.0
National,77.0,78.0
Eastern Region,63.0,78.0
North-Eastern Region,50.0,78.0
Northen Region,54.0,78.0
Southern Region,66.0,78.0
Western Region,73.0,78.0
National,77.0,78.0
Eastern Region,63.0,78.0
North-Eastern Region,50.0,78.0
Northen Region,54.0,78.0
Southern Region,66.0,78.0
Western Region,73.0,78.0
National,77.0,78.0
Eastern Region,63.0,78.0
North-Eastern Region,50.0,78.0
Northen Region,54.0,78.0
Southern Region,66.0,78.0
Western Region,73.0,78.0
National,77.0,78.0
Eastern Region,63.0,78.0
North-Eastern Region,50.0,78.0
Northen Region,54.0,78.0
Southern Region,66.0,78.0
Western Region,73.0,78.0
National,77.0,78.0
Eastern Region,63.0,78.0
North-Eastern Region,50.0,78.0
Northen Region,54.0,78.0
Southern Region,66.0,78.0
Western Region,73.0,78.0
National,77.0,78.0
Eastern Region,63.0,78.0
North-Eastern Region,50.0,78.0
Northen Region,54.0,78.0
Southern Region,66.0,78.0
Western Region,73.0,78.0
National,77.0,78.0
Eastern Region,63.0,78.0
North-Eastern Region,50.0,78.0
Northen Region,54.0,78.0
Southern Region,66.0,78.0
Western Region,73.0,78.0
National,77.0,78.0
Eastern Region,63.0,78.0
North-Eastern Region,50.0,78.0
Northen Region,54.0,78.0
Southern Region,66.0,78.0
Western Region,73.0,78.0
National,77.0,78.0
Eastern Region,63.0,78.0
North-Eastern Region,50.0,78.0
Northen Region,54.0,78.0
Southern Region,66.0,78.0
Western Region,73.0,78.0
National,77.0,78.0
Eastern Region,63.0,78.0
North-Eastern Region,50.0,78.0
Northen Region,54.0,78.0
Southern Region,66.0,78.0
Western Region,73.0,78.0
National,77.0,79.0
Eastern Region,63.0,79.0
North-Eastern Region,50.0,79.0
Northen Region,54.0,79.0
Southern Region,66.0,79.0
Western Region,73.0,79.0
National,77.0,79.0
Eastern Region,63.0,79.0
North-Eastern Region,50.0,79.0
Northen Region,54.0,79.0
Southern Region,66.0,79.0
Western Region,73.0,79.0
National,77.0,79.0
Eastern Region,63.0,79.0
North-Eastern Region,50.0,79.0
Northen Region,54.0,79.0
Southern Region,66.0,79.0
Western Region,73.0,79.0
National,77.0,79.0
Eastern Region,63.0,79.0
North-Eastern Region,50.0,79.0
Northen Region,54.0,79.0
Southern Region,66.0,79.0
Western Region,73.0,79.0
National,77.0,79.0
Eastern Region,63.0,79.0
North-Eastern Region,50.0,79.0
Northen Region,54.0,79.0
Southern Region,66.0,79.0
Western Region,73.0,79.0
National,77.0,79.0
Eastern Region,63.0,79.0
North-Eastern Region,50.0,79.0
Northen Region,54.0,79.0
Southern Region,66.0,79.0
Western Region,73.0,79.0
National,77.0,79.0
Eastern Region,63.0,79.0
North-Eastern Region,50.0,79.0
Northen Region,54.0,79.0
Southern Region,66.0,79.0
Western Region,73.0,79.0
National,77.0,79.0
Eastern Region,63.0,79.0
North-Eastern Region,50.0,79.0
Northen Region,54.0,79.0
Southern Region,66.0,79.0
Western Region,73.0,79.0
National,77.0,79.0
Eastern Region,63.0,79.0
North-Eastern Region,50.0,79.0
Northen Region,54.0,79.0
Southern Region,66.0,79.0
Western Region,73.0,79.0
National,77.0,79.0
Eastern Region,63.0,79.0
North-Eastern Region,50.0,79.0
Northen Region,54.0,79.0
Southern Region,66.0,79.0
Western Region,73.0,79.0
National,77.0,79.0
Eastern Region,63.0,79.0
North-Eastern Region,50.0,79.0
Northen Region,54.0,79.0
Southern Region,66.0,79.0
Western Region,73.0,79.0
National,77.0,79.0
Eastern Region,63.0,79.0
North-Eastern Region,50.0,79.0
Northen Region,54.0,79.0
Southern Region,66.0,79.0
Western Region,73.0,79.0
National,77.0,79.0
Eastern Region,63.0,79.0
North-Eastern Region,50.0,79.0
Northen Region,54.0,79.0
Southern Region,66.0,79.0
Western Region,73.0,79.0
National,77.0,79.0
Eastern Region,63.0,79.0
North-Eastern Region,50.0,79.0
Northen Region,54.0,79.0
Southern Region,66.0,79.0
Western Region,73.0,79.0
National,77.0,79.0
Eastern Region,63.0,79.0
North-Eastern Region,50.0,79.0
Northen Region,54.0,79.0
Southern Region,66.0,79.0
Western Region,73.0,79.0
National,77.0,79.0
Eastern Region,63.0,79.0
North-Eastern Region,50.0,79.0
Northen Region,54.0,79.0
Southern Region,66.0,79.0
Western Region,73.0,79.0
National,77.0,79.0
Eastern Region,63.0,79.0
North-Eastern Region,50.0,79.0
Northen Region,54.0,79.0
Southern Region,66.0,79.0
Western Region,73.0,79.0
National,77.0,79.0
Eastern Region,63.0,79.0
North-Eastern Region,50.0,79.0
Northen Region,54.0,79.0
Southern Region,66.0,79.0
Western Region,73.0,79.0
National,77.0,79.0
Eastern Region,63.0,79.0
North-Eastern Region,50.0,79.0
Northen Region,54.0,79.0
Southern Region,66.0,79.0
Western Region,73.0,79.0
National,77.0,79.0
Eastern Region,63.0,79.0
North-Eastern Region,50.0,79.0
Northen Region,54.0,79.0
Southern Region,66.0,79.0
Western Region,73.0,79.0
National,77.0,79.0
Eastern Region,63.0,79.0
North-Eastern Region,50.0,79.0
Northen Region,54.0,79.0
Southern Region,66.0,79.0
Western Region,73.0,79.0
National,77.0,79.0
Eastern Region,63.0,79.0
North-Eastern Region,50.0,79.0
Northen Region,54.0,79.0
Southern Region,66.0,79.0
Western Region,73.0,79.0
National,77.0,79.0
Eastern Region,63.0,79.0
North-Eastern Region,50.0,79.0
Northen Region,54.0,79.0
Southern Region,66.0,79.0
Western Region,73.0,79.0
National,77.0,79.0
Eastern Region,63.0,79.0
North-Eastern Region,50.0,79.0
Northen Region,54.0,79.0
Southern Region,66.0,79.0
Western Region,73.0,79.0
National,77.0,79.0
Eastern Region,63.0,79.0
North-Eastern Region,50.0,79.0
Northen Region,54.0,79.0
Southern Region,66.0,79.0
Western Region,73.0,79.0
National,77.0,79.0
Eastern Region,63.0,79.0
North-Eastern Region,50.0,79.0
Northen Region,54.0,79.0
Southern Region,66.0,79.0
Western Region,73.0,79.0
National,77.0,79.0
Eastern Region,63.0,79.0
North-Eastern Region,50.0,79.0
Northen Region,54.0,79.0
Southern Region,66.0,79.0
Western Region,73.0,79.0
National,77.0,79.0
Eastern Region,63.0,79.0
North-Eastern Region,50.0,79.0
Northen Region,54.0,79.0
Southern Region,66.0,79.0
Western Region,73.0,79.0
National,77.0,79.0
Eastern Region,63.0,79.0
North-Eastern Region,50.0,79.0
Northen Region,54.0,79.0
Southern Region,66.0,79.0
Western Region,73.0,79.0
National,77.0,79.0
Eastern Region,62.0,79.0
North-Eastern Region,50.0,79.0
Northen Region,54.0,79.0
Southern Region,66.0,79.0
Western Region,73.0,79.0
National,77.0,79.0
Eastern Region,62.0,79.0
North-Eastern Region,50.0,79.0
Northen Region,54.0,79.0
Southern Region,66.0,79.0
Western Region,73.0,79.0
National,77.0,79.0
Eastern Region,62.0,79.0
North-Eastern Region,50.0,79.0
Northen Region,54.0,79.0
Southern Region,66.0,79.0
Western Region,73.0,79.0
National,77.0,79.0
Eastern Region,62.0,79.0
North-Eastern Region,50.0,79.0
Northen Region,54.0,79.0
Southern Region,66.0,79.0
Western Region,73.0,79.0
National,77.0,79.0
Eastern Region,62.0,79.0
North-Eastern Region,50.0,79.0
Northen Region,54.0,79.0
Southern Region,66.0,79.0
Western Region,73.0,79.0
National,77.0,79.0
Eastern Region,62.0,79.0
North-Eastern Region,50.0,79.0
Northen Region,54.0,79.0
Southern Region,66.0,79.0
Western Region,73.0,79.0
National,77.0,79.0
Eastern Region,62.0,79.0
North-Eastern Region,50.0,79.0
Northen Region,54.0,79.0
Southern Region,66.0,79.0
Western Region,73.0,79.0
National,77.0,79.0
Eastern Region,62.0,79.0
North-Eastern Region,50.0,79.0
Northen Region,54.0,79.0
Southern Region,66.0,79.0
Western Region,73.0,79.0
National,77.0,79.0
Eastern Region,62.0,79.0
North-Eastern Region,50.0,79.0
Northen Region,54.0,79.0
Southern Region,66.0,79.0
Western Region,73.0,79.0
National,77.0,79.0
Eastern Region,62.0,79.0
North-Eastern Region,50.0,79.0
Northen Region,54.0,79.0
Southern Region,66.0,79.0
Western Region,73.0,79.0
National,77.0,79.0
Eastern Region,62.0,79.0
North-Eastern Region,50.0,79.0
Northen Region,54.0,79.0
Southern Region,66.0,79.0
Western Region,73.0,79.0
National,77.0,79.0
Eastern Region,62.0,79.0
North-Eastern Region,50.0,79.0
Northen Region,54.0,79.0
Southern Region,66.0,79.0
Western Region,73.0,79.0
National,77.0,79.0
Eastern Region,62.0,79.0
North-Eastern Region,50.0,79.0
Northen Region,54.0,79.0
Southern Region,66.0,79.0
Western Region,73.0,79.0
National,77.0,79.0
Eastern Region,62.0,79.0
North-Eastern Region,50.0,79.0
Northen Region,54.0,79.0
Southern Region,66.0,79.0
Western Region,73.0,79.0
National,77.0,80.0
Eastern Region,62.0,80.0
North-Eastern Region,50.0,80.0
Northen Region,54.0,80.0
Southern Region,66.0,80.0
Western Region,73.0,80.0
National,77.0,80.0
Eastern Region,62.0,80.0
North-Eastern Region,50.0,80.0
Northen Region,54.0,80.0
Southern Region,66.0,80.0
Western Region,73.0,80.0
National,77.0,80.0
Eastern Region,62.0,80.0
North-Eastern Region,50.0,80.0
Northen Region,54.0,80.0
Southern Region,66.0,80.0
Western Region,73.0,80.0
National,77.0,80.0
Eastern Region,62.0,80.0
North-Eastern Region,50.0,80.0
Northen Region,54.0,80.0
Southern Region,66.0,80.0
Western Region,73.0,80.0
National,77.0,80.0
Eastern Region,62.0,80.0
North-Eastern Region,50.0,80.0
Northen Region,54.0,80.0
Southern Region,66.0,80.0
Western Region,73.0,80.0
National,77.0,80.0
Eastern Region,62.0,80.0
North-Eastern Region,50.0,80.0
Northen Region,54.0,80.0
Southern Region,66.0,80.0
Western Region,73.0,80.0
National,77.0,80.0
Eastern Region,62.0,80.0
North-Eastern Region,50.0,80.0
Northen Region,54.0,80.0
Southern Region,66.0,80.0
Western Region,73.0,80.0
National,77.0,80.0
Eastern Region,62.0,80.0
North-Eastern Region,50.0,80.0
Northen Region,54.0,80.0
Southern Region,66.0,80.0
Western Region,73.0,80.0
National,76.0,80.0
Eastern Region,62.0,80.0
North-Eastern Region,49.0,80.0
Northen Region,54.0,80.0
Southern Region,66.0,80.0
Western Region,73.0,80.0
National,76.0,80.0
Eastern Region,62.0,80.0
North-Eastern Region,49.0,80.0
Northen Region,54.0,80.0
Southern Region,66.0,80.0
Western Region,73.0,80.0
National,76.0,80.0
Eastern Region,62.0,80.0
North-Eastern Region,49.0,80.0
Northen Region,54.0,80.0
Southern Region,66.0,80.0
Western Region,73.0,80.0
National,76.0,80.0
Eastern Region,62.0,80.0
North-Eastern Region,49.0,80.0
Northen Region,54.0,80.0
Southern Region,66.0,80.0
Western Region,73.0,80.0
National,76.0,80.0
Eastern Region,62.0,80.0
North-Eastern Region,49.0,80.0
Northen Region,54.0,80.0
Southern Region,66.0,80.0
Western Region,73.0,80.0
National,76.0,80.0
Eastern Region,62.0,80.0
North-Eastern Region,49.0,80.0
Northen Region,54.0,80.0
Southern Region,65.0,80.0
Western Region,73.0,80.0
National,76.0,80.0
Eastern Region,62.0,80.0
North-Eastern Region,49.0,80.0
Northen Region,54.0,80.0
Southern Region,65.0,80.0
Western Region,73.0,80.0
National,76.0,80.0
Eastern Region,62.0,80.0
North-Eastern Region,49.0,80.0
Northen Region,54.0,80.0
Southern Region,65.0,80.0
Western Region,73.0,80.0
National,76.0,80.0
Eastern Region,62.0,80.0
North-Eastern Region,49.0,80.0
Northen Region,54.0,80.0
Southern Region,65.0,80.0
Western Region,73.0,80.0
National,76.0,80.0
Eastern Region,62.0,80.0
North-Eastern Region,49.0,80.0
Northen Region,54.0,80.0
Southern Region,65.0,80.0
Western Region,73.0,80.0
National,76.0,80.0
Eastern Region,62.0,80.0
North-Eastern Region,49.0,80.0
Northen Region,54.0,80.0
Southern Region,65.0,80.0
Western Region,73.0,80.0
National,76.0,80.0
Eastern Region,62.0,80.0
North-Eastern Region,49.0,80.0
Northen Region,53.0,80.0
Southern Region,65.0,80.0
Western Region,73.0,80.0
National,76.0,80.0
Eastern Region,62.0,80.0
North-Eastern Region,49.0,80.0
Northen Region,53.0,80.0
Southern Region,65.0,80.0
Western Region,73.0,80.0
National,76.0,80.0
Eastern Region,62.0,80.0
North-Eastern Region,49.0,80.0
Northen Region,53.0,80.0
Southern Region,65.0,80.0
Western Region,73.0,80.0
National,76.0,80.0
Eastern Region,62.0,80.0
North-Eastern Region,49.0,80.0
Northen Region,53.0,80.0
Southern Region,65.0,80.0
Western Region,73.0,80.0
National,76.0,80.0
Eastern Region,62.0,80.0
North-Eastern Region,49.0,80.0
Northen Region,53.0,80.0
Southern Region,65.0,80.0
Western Region,73.0,80.0
National,76.0,80.0
Eastern Region,62.0,80.0
North-Eastern Region,49.0,80.0
Northen Region,53.0,80.0
Southern Region,65.0,80.0
Western Region,73.0,80.0
National,76.0,80.0
Eastern Region,62.0,80.0
North-Eastern Region,49.0,80.0
Northen Region,53.0,80.0
Southern Region,65.0,80.0
Western Region,73.0,80.0
National,76.0,80.0
Eastern Region,62.0,80.0
North-Eastern Region,49.0,80.0
Northen Region,53.0,80.0
Southern Region,65.0,80.0
Western Region,73.0,80.0
National,76.0,80.0
Eastern Region,62.0,80.0
North-Eastern Region,49.0,80.0
Northen Region,53.0,80.0
Southern Region,65.0,80.0
Western Region,73.0,80.0
National,76.0,80.0
Eastern Region,62.0,80.0
North-Eastern Region,49.0,80.0
Northen Region,53.0,80.0
Southern Region,65.0,80.0
Western Region,73.0,80.0
National,76.0,80.0
Eastern Region,62.0,80.0
North-Eastern Region,49.0,80.0
Northen Region,53.0,80.0
Southern Region,65.0,80.0
Western Region,73.0,80.0
National,76.0,80.0
Eastern Region,62.0,80.0
North-Eastern Region,49.0,80.0
Northen Region,53.0,80.0
Southern Region,65.0,80.0
Western Region,73.0,80.0
National,76.0,80.0
Eastern Region,62.0,80.0
North-Eastern Region,49.0,80.0
Northen Region,53.0,80.0
Southern Region,65.0,80.0
Western Region,73.0,80.0
National,76.0,80.0
Eastern Region,62.0,80.0
North-Eastern Region,49.0,80.0
Northen Region,53.0,80.0
Southern Region,65.0,80.0
Western Region,72.0,80.0
National,76.0,80.0
Eastern Region,62.0,80.0
North-Eastern Region,49.0,80.0
Northen Region,53.0,80.0
Southern Region,65.0,80.0
Western Region,72.0,80.0
National,76.0,80.0
Eastern Region,62.0,80.0
North-Eastern Region,49.0,80.0
Northen Region,53.0,80.0
Southern Region,65.0,80.0
Western Region,72.0,80.0
National,76.0,80.0
Eastern Region,62.0,80.0
North-Eastern Region,49.0,80.0
Northen Region,53.0,80.0
Southern Region,65.0,80.0
Western Region,72.0,80.0
National,76.0,80.0
Eastern Region,62.0,80.0
North-Eastern Region,49.0,80.0
Northen Region,53.0,80.0
Southern Region,65.0,80.0
Western Region,72.0,80.0
National,76.0,80.0
Eastern Region,62.0,80.0
North-Eastern Region,49.0,80.0
Northen Region,53.0,80.0
Southern Region,65.0,80.0
Western Region,72.0,80.0
National,76.0,80.0
Eastern Region,62.0,80.0
North-Eastern Region,49.0,80.0
Northen Region,53.0,80.0
Southern Region,65.0,80.0
Western Region,72.0,80.0
National,76.0,80.0
Eastern Region,62.0,80.0
North-Eastern Region,49.0,80.0
Northen Region,53.0,80.0
Southern Region,65.0,80.0
Western Region,72.0,80.0
National,76.0,80.0
Eastern Region,62.0,80.0
North-Eastern Region,49.0,80.0
Northen Region,53.0,80.0
Southern Region,65.0,80.0
Western Region,72.0,80.0
National,76.0,80.0
Eastern Region,62.0,80.0
North-Eastern Region,49.0,80.0
Northen Region,53.0,80.0
Southern Region,65.0,80.0
Western Region,72.0,80.0
National,76.0,80.0
Eastern Region,62.0,80.0
North-Eastern Region,49.0,80.0
Northen Region,53.0,80.0
Southern Region,65.0,80.0
Western Region,72.0,80.0
National,76.0,81.0
Eastern Region,62.0,81.0
North-Eastern Region,49.0,81.0
Northen Region,53.0,81.0
Southern Region,65.0,81.0
Western Region,72.0,81.0
National,76.0,81.0
Eastern Region,62.0,81.0
North-Eastern Region,49.0,81.0
Northen Region,53.0,81.0
Southern Region,65.0,81.0
Western Region,72.0,81.0
National,76.0,81.0
Eastern Region,62.0,81.0
North-Eastern Region,49.0,81.0
Northen Region,53.0,81.0
Southern Region,65.0,81.0
Western Region,72.0,81.0
National,76.0,81.0
Eastern Region,62.0,81.0
North-Eastern Region,49.0,81.0
Northen Region,53.0,81.0
Southern Region,65.0,81.0
Western Region,72.0,81.0
National,76.0,81.0
Eastern Region,62.0,81.0
North-Eastern Region,49.0,81.0
Northen Region,53.0,81.0
Southern Region,65.0,81.0
Western Region,72.0,81.0
National,76.0,81.0
Eastern Region,62.0,81.0
North-Eastern Region,49.0,81.0
Northen Region,53.0,81.0
Southern Region,65.0,81.0
Western Region,72.0,81.0
National,76.0,81.0
Eastern Region,62.0,81.0
North-Eastern Region,49.0,81.0
Northen Region,53.0,81.0
Southern Region,65.0,81.0
Western Region,72.0,81.0
National,76.0,81.0
Eastern Region,62.0,81.0
North-Eastern Region,49.0,81.0
Northen Region,53.0,81.0
Southern Region,65.0,81.0
Western Region,72.0,81.0
National,76.0,81.0
Eastern Region,62.0,81.0
North-Eastern Region,49.0,81.0
Northen Region,53.0,81.0
Southern Region,65.0,81.0
Western Region,72.0,81.0
National,76.0,81.0
Eastern Region,62.0,81.0
North-Eastern Region,49.0,81.0
Northen Region,53.0,81.0
Southern Region,65.0,81.0
Western Region,72.0,81.0
National,76.0,81.0
Eastern Region,62.0,81.0
North-Eastern Region,49.0,81.0
Northen Region,53.0,81.0
Southern Region,65.0,81.0
Western Region,72.0,81.0
National,76.0,81.0
Eastern Region,62.0,81.0
North-Eastern Region,49.0,81.0
Northen Region,53.0,81.0
Southern Region,65.0,81.0
Western Region,72.0,81.0
National,76.0,81.0
Eastern Region,62.0,81.0
North-Eastern Region,49.0,81.0
Northen Region,53.0,81.0
Southern Region,65.0,81.0
Western Region,72.0,81.0
National,76.0,81.0
Eastern Region,62.0,81.0
North-Eastern Region,49.0,81.0
Northen Region,53.0,81.0
Southern Region,65.0,81.0
Western Region,72.0,81.0
National,76.0,81.0
Eastern Region,62.0,81.0
North-Eastern Region,49.0,81.0
Northen Region,53.0,81.0
Southern Region,65.0,81.0
Western Region,72.0,81.0
National,76.0,81.0
Eastern Region,62.0,81.0
North-Eastern Region,49.0,81.0
Northen Region,53.0,81.0
Southern Region,65.0,81.0
Western Region,72.0,81.0
National,76.0,81.0
Eastern Region,62.0,81.0
North-Eastern Region,49.0,81.0
Northen Region,53.0,81.0
Southern Region,65.0,81.0
Western Region,72.0,81.0
National,76.0,81.0
Eastern Region,62.0,81.0
North-Eastern Region,49.0,81.0
Northen Region,53.0,81.0
Southern Region,65.0,81.0
Western Region,72.0,81.0
National,76.0,81.0
Eastern Region,62.0,81.0
North-Eastern Region,49.0,81.0
Northen Region,53.0,81.0
Southern Region,65.0,81.0
Western Region,72.0,81.0
National,76.0,81.0
Eastern Region,62.0,81.0
North-Eastern Region,49.0,81.0
Northen Region,53.0,81.0
Southern Region,65.0,81.0
Western Region,72.0,81.0
National,76.0,81.0
Eastern Region,62.0,81.0
North-Eastern Region,49.0,81.0
Northen Region,53.0,81.0
Southern Region,65.0,81.0
Western Region,72.0,81.0
National,76.0,81.0
Eastern Region,62.0,81.0
North-Eastern Region,49.0,81.0
Northen Region,53.0,81.0
Southern Region,65.0,81.0
Western Region,72.0,81.0
National,76.0,81.0
Eastern Region,62.0,81.0
North-Eastern Region,49.0,81.0
Northen Region,53.0,81.0
Southern Region,65.0,81.0
Western Region,72.0,81.0
National,76.0,81.0
Eastern Region,62.0,81.0
North-Eastern Region,49.0,81.0
Northen Region,53.0,81.0
Southern Region,65.0,81.0
Western Region,72.0,81.0
National,76.0,81.0
Eastern Region,62.0,81.0
North-Eastern Region,49.0,81.0
Northen Region,53.0,81.0
Southern Region,65.0,81.0
Western Region,72.0,81.0
National,76.0,81.0
Eastern Region,62.0,81.0
North-Eastern Region,49.0,81.0
Northen Region,53.0,81.0
Southern Region,65.0,81.0
Western Region,72.0,81.0
National,76.0,81.0
Eastern Region,62.0,81.0
North-Eastern Region,49.0,81.0
Northen Region,53.0,81.0
Southern Region,65.0,81.0
Western Region,72.0,81.0
National,76.0,81.0
Eastern Region,62.0,81.0
North-Eastern Region,49.0,81.0
Northen Region,53.0,81.0
Southern Region,65.0,81.0
Western Region,72.0,81.0
National,76.0,81.0
Eastern Region,62.0,81.0
North-Eastern Region,49.0,81.0
Northen Region,53.0,81.0
Southern Region,65.0,81.0
Western Region,72.0,81.0
National,76.0,81.0
Eastern Region,62.0,81.0
North-Eastern Region,49.0,81.0
Northen Region,53.0,81.0
Southern Region,65.0,81.0
Western Region,72.0,81.0
National,76.0,81.0
Eastern Region,62.0,81.0
North-Eastern Region,49.0,81.0
Northen Region,53.0,81.0
Southern Region,65.0,81.0
Western Region,72.0,81.0
National,76.0,81.0
Eastern Region,62.0,81.0
North-Eastern Region,49.0,81.0
Northen Region,53.0,81.0
Southern Region,65.0,81.0
Western Region,72.0,81.0
National,76.0,81.0
Eastern Region,62.0,81.0
North-Eastern Region,49.0,81.0
Northen Region,53.0,81.0
Southern Region,65.0,81.0
Western Region,72.0,81.0
National,76.0,81.0
Eastern Region,62.0,81.0
North-Eastern Region,49.0,81.0
Northen Region,53.0,81.0
Southern Region,65.0,81.0
Western Region,72.0,81.0
National,76.0,81.0
Eastern Region,62.0,81.0
North-Eastern Region,49.0,81.0
Northen Region,53.0,81.0
Southern Region,65.0,81.0
Western Region,72.0,81.0
National,76.0,81.0
Eastern Region,62.0,81.0
North-Eastern Region,49.0,81.0
Northen Region,53.0,81.0
Southern Region,65.0,81.0
Western Region,72.0,81.0
National,76.0,81.0
Eastern Region,62.0,81.0
North-Eastern Region,49.0,81.0
Northen Region,53.0,81.0
Southern Region,65.0,81.0
Western Region,72.0,81.0
National,76.0,81.0
Eastern Region,62.0,81.0
North-Eastern Region,49.0,81.0
Northen Region,53.0,81.0
Southern Region,65.0,81.0
Western Region,72.0,81.0
National,76.0,81.0
Eastern Region,62.0,81.0
North-Eastern Region,49.0,81.0
Northen Region,53.0,81.0
Southern Region,65.0,81.0
Western Region,72.0,81.0
National,76.0,81.0
Eastern Region,62.0,81.0
North-Eastern Region,49.0,81.0
Northen Region,53.0,81.0
Southern Region,65.0,81.0
Western Region,72.0,81.0
National,76.0,81.0
Eastern Region,62.0,81.0
North-Eastern Region,49.0,81.0
Northen Region,53.0,81.0
Southern Region,65.0,81.0
Western Region,72.0,81.0
National,76.0,81.0
Eastern Region,62.0,81.0
North-Eastern Region,49.0,81.0
Northen Region,53.0,81.0
Southern Region,65.0,81.0
Western Region,72.0,81.0
National,76.0,81.0
Eastern Region,62.0,81.0
North-Eastern Region,49.0,81.0
Northen Region,53.0,81.0
Southern Region,65.0,81.0
Western Region,72.0,81.0
National,76.0,81.0
Eastern Region,62.0,81.0
North-Eastern Region,49.0,81.0
Northen Region,53.0,81.0
Southern Region,65.0,81.0
Western Region,72.0,81.0
National,76.0,82.0
Eastern Region,62.0,82.0
North-Eastern Region,49.0,82.0
Northen Region,53.0,82.0
Southern Region,65.0,82.0
Western Region,72.0,82.0
National,76.0,82.0
Eastern Region,62.0,82.0
North-Eastern Region,49.0,82.0
Northen Region,53.0,82.0
Southern Region,65.0,82.0
Western Region,72.0,82.0
National,76.0,82.0
Eastern Region,62.0,82.0
North-Eastern Region,49.0,82.0
Northen Region,53.0,82.0
Southern Region,65.0,82.0
Western Region,72.0,82.0
National,76.0,82.0
Eastern Region,62.0,82.0
North-Eastern Region,49.0,82.0
Northen Region,53.0,82.0
Southern Region,65.0,82.0
Western Region,72.0,82.0
National,76.0,82.0
Eastern Region,62.0,82.0
North-Eastern Region,49.0,82.0
Northen Region,53.0,82.0
Southern Region,65.0,82.0
Western Region,72.0,82.0
National,76.0,82.0
Eastern Region,62.0,82.0
North-Eastern Region,49.0,82.0
Northen Region,53.0,82.0
Southern Region,65.0,82.0
Western Region,72.0,82.0
National,76.0,82.0
Eastern Region,62.0,82.0
North-Eastern Region,49.0,82.0
Northen Region,53.0,82.0
Southern Region,65.0,82.0
Western Region,72.0,82.0
National,76.0,82.0
Eastern Region,62.0,82.0
North-Eastern Region,49.0,82.0
Northen Region,53.0,82.0
Southern Region,65.0,82.0
Western Region,72.0,82.0
National,76.0,82.0
Eastern Region,62.0,82.0
North-Eastern Region,49.0,82.0
Northen Region,53.0,82.0
Southern Region,65.0,82.0
Western Region,72.0,82.0
National,76.0,82.0
Eastern Region,62.0,82.0
North-Eastern Region,49.0,82.0
Northen Region,53.0,82.0
Southern Region,65.0,82.0
Western Region,72.0,82.0
National,76.0,82.0
Eastern Region,61.0,82.0
North-Eastern Region,49.0,82.0
Northen Region,53.0,82.0
Southern Region,65.0,82.0
Western Region,72.0,82.0
National,76.0,82.0
Eastern Region,61.0,82.0
North-Eastern Region,49.0,82.0
Northen Region,53.0,82.0
Southern Region,65.0,82.0
Western Region,72.0,82.0
National,76.0,82.0
Eastern Region,61.0,82.0
North-Eastern Region,49.0,82.0
Northen Region,53.0,82.0
Southern Region,65.0,82.0
Western Region,72.0,82.0
National,75.0,82.0
Eastern Region,61.0,82.0
North-Eastern Region,49.0,82.0
Northen Region,53.0,82.0
Southern Region,65.0,82.0
Western Region,72.0,82.0
National,75.0,82.0
Eastern Region,61.0,82.0
North-Eastern Region,49.0,82.0
Northen Region,53.0,82.0
Southern Region,65.0,82.0
Western Region,72.0,82.0
National,75.0,82.0
Eastern Region,61.0,82.0
North-Eastern Region,48.0,82.0
Northen Region,52.0,82.0
Southern Region,65.0,82.0
Western Region,72.0,82.0
National,75.0,82.0
Eastern Region,61.0,82.0
North-Eastern Region,48.0,82.0
Northen Region,52.0,82.0
Southern Region,65.0,82.0
Western Region,72.0,82.0
National,75.0,82.0
Eastern Region,61.0,82.0
North-Eastern Region,48.0,82.0
Northen Region,52.0,82.0
Southern Region,65.0,82.0
Western Region,72.0,82.0
National,75.0,82.0
Eastern Region,61.0,82.0
North-Eastern Region,48.0,82.0
Northen Region,52.0,82.0
Southern Region,65.0,82.0
Western Region,72.0,82.0
National,75.0,82.0
Eastern Region,61.0,82.0
North-Eastern Region,48.0,82.0
Northen Region,52.0,82.0
Southern Region,65.0,82.0
Western Region,72.0,82.0
National,75.0,82.0
Eastern Region,61.0,82.0
North-Eastern Region,48.0,82.0
Northen Region,52.0,82.0
Southern Region,65.0,82.0
Western Region,72.0,82.0
National,75.0,82.0
Eastern Region,61.0,82.0
North-Eastern Region,48.0,82.0
Northen Region,52.0,82.0
Southern Region,65.0,82.0
Western Region,72.0,82.0
National,75.0,82.0
Eastern Region,61.0,82.0
North-Eastern Region,48.0,82.0
Northen Region,52.0,82.0
Southern Region,65.0,82.0
Western Region,72.0,82.0
National,75.0,82.0
Eastern Region,61.0,82.0
North-Eastern Region,48.0,82.0
Northen Region,52.0,82.0
Southern Region,65.0,82.0
Western Region,72.0,82.0
National,75.0,82.0
Eastern Region,61.0,82.0
North-Eastern Region,48.0,82.0
Northen Region,52.0,82.0
Southern Region,65.0,82.0
Western Region,72.0,82.0
National,75.0,82.0
Eastern Region,61.0,82.0
North-Eastern Region,48.0,82.0
Northen Region,52.0,82.0
Southern Region,65.0,82.0
Western Region,72.0,82.0
National,75.0,82.0
Eastern Region,61.0,82.0
North-Eastern Region,48.0,82.0
Northen Region,52.0,82.0
Southern Region,65.0,82.0
Western Region,72.0,82.0
National,75.0,82.0
Eastern Region,61.0,82.0
North-Eastern Region,48.0,82.0
Northen Region,52.0,82.0
Southern Region,65.0,82.0
Western Region,72.0,82.0
National,75.0,82.0
Eastern Region,61.0,82.0
North-Eastern Region,48.0,82.0
Northen Region,52.0,82.0
Southern Region,65.0,82.0
Western Region,72.0,82.0
National,75.0,82.0
Eastern Region,61.0,82.0
North-Eastern Region,48.0,82.0
Northen Region,52.0,82.0
Southern Region,65.0,82.0
Western Region,72.0,82.0
National,75.0,82.0
Eastern Region,61.0,82.0
North-Eastern Region,48.0,82.0
Northen Region,52.0,82.0
Southern Region,65.0,82.0
Western Region,72.0,82.0
National,75.0,82.0
Eastern Region,61.0,82.0
North-Eastern Region,48.0,82.0
Northen Region,52.0,82.0
Southern Region,65.0,82.0
Western Region,72.0,82.0
National,75.0,82.0
Eastern Region,61.0,82.0
North-Eastern Region,48.0,82.0
Northen Region,52.0,82.0
Southern Region,65.0,82.0
Western Region,72.0,82.0
National,75.0,82.0
Eastern Region,61.0,82.0
North-Eastern Region,48.0,82.0
Northen Region,52.0,82.0
Southern Region,65.0,82.0
Western Region,72.0,82.0
National,75.0,82.0
Eastern Region,61.0,82.0
North-Eastern Region,48.0,82.0
Northen Region,52.0,82.0
Southern Region,65.0,82.0
Western Region,72.0,82.0
National,75.0,82.0
Eastern Region,61.0,82.0
North-Eastern Region,48.0,82.0
Northen Region,52.0,82.0
Southern Region,65.0,82.0
Western Region,72.0,82.0
National,75.0,82.0
Eastern Region,61.0,82.0
North-Eastern Region,48.0,82.0
Northen Region,52.0,82.0
Southern Region,65.0,82.0
Western Region,72.0,82.0
National,75.0,82.0
Eastern Region,61.0,82.0
North-Eastern Region,48.0,82.0
Northen Region,52.0,82.0
Southern Region,65.0,82.0
Western Region,72.0,82.0
National,75.0,82.0
Eastern Region,61.0,82.0
North-Eastern Region,48.0,82.0
Northen Region,52.0,82.0
Southern Region,65.0,82.0
Western Region,72.0,82.0
National,75.0,82.0
Eastern Region,61.0,82.0
North-Eastern Region,48.0,82.0
Northen Region,52.0,82.0
Southern Region,65.0,82.0
Western Region,72.0,82.0
National,75.0,82.0
Eastern Region,61.0,82.0
North-Eastern Region,48.0,82.0
Northen Region,52.0,82.0
Southern Region,65.0,82.0
Western Region,72.0,82.0
National,75.0,82.0
Eastern Region,61.0,82.0
North-Eastern Region,48.0,82.0
Northen Region,52.0,82.0
Southern Region,64.0,82.0
Western Region,72.0,82.0
National,75.0,82.0
Eastern Region,61.0,82.0
North-Eastern Region,48.0,82.0
Northen Region,52.0,82.0
Southern Region,64.0,82.0
Western Region,72.0,82.0
National,75.0,83.0
Eastern Region,61.0,83.0
North-Eastern Region,48.0,83.0
Northen Region,52.0,83.0
Southern Region,64.0,83.0
Western Region,72.0,83.0
National,75.0,83.0
Eastern Region,61.0,83.0
North-Eastern Region,48.0,83.0
Northen Region,52.0,83.0
Southern Region,64.0,83.0
Western Region,72.0,83.0
National,75.0,83.0
Eastern Region,61.0,83.0
North-Eastern Region,48.0,83.0
Northen Region,52.0,83.0
Southern Region,64.0,83.0
Western Region,72.0,83.0
National,75.0,83.0
Eastern Region,61.0,83.0
North-Eastern Region,48.0,83.0
Northen Region,52.0,83.0
Southern Region,64.0,83.0
Western Region,72.0,83.0
National,75.0,83.0
Eastern Region,61.0,83.0
North-Eastern Region,48.0,83.0
Northen Region,52.0,83.0
Southern Region,64.0,83.0
Western Region,72.0,83.0
National,75.0,83.0
Eastern Region,61.0,83.0
North-Eastern Region,48.0,83.0
Northen Region,52.0,83.0
Southern Region,64.0,83.0
Western Region,72.0,83.0
National,75.0,83.0
Eastern Region,61.0,83.0
North-Eastern Region,48.0,83.0
Northen Region,52.0,83.0
Southern Region,64.0,83.0
Western Region,72.0,83.0
National,75.0,83.0
Eastern Region,61.0,83.0
North-Eastern Region,48.0,83.0
Northen Region,52.0,83.0
Southern Region,64.0,83.0
Western Region,72.0,83.0
National,75.0,83.0
Eastern Region,61.0,83.0
North-Eastern Region,48.0,83.0
Northen Region,52.0,83.0
Southern Region,64.0,83.0
Western Region,72.0,83.0
National,75.0,83.0
Eastern Region,61.0,83.0
North-Eastern Region,48.0,83.0
Northen Region,52.0,83.0
Southern Region,64.0,83.0
Western Region,72.0,83.0
National,75.0,83.0
Eastern Region,61.0,83.0
North-Eastern Region,48.0,83.0
Northen Region,52.0,83.0
Southern Region,64.0,83.0
Western Region,72.0,83.0
National,75.0,83.0
Eastern Region,61.0,83.0
North-Eastern Region,48.0,83.0
Northen Region,52.0,83.0
Southern Region,64.0,83.0
Western Region,72.0,83.0
National,75.0,83.0
Eastern Region,61.0,83.0
North-Eastern Region,48.0,83.0
Northen Region,52.0,83.0
Southern Region,64.0,83.0
Western Region,72.0,83.0
National,75.0,83.0
Eastern Region,61.0,83.0
North-Eastern Region,48.0,83.0
Northen Region,52.0,83.0
Southern Region,64.0,83.0
Western Region,72.0,83.0
National,75.0,83.0
Eastern Region,61.0,83.0
North-Eastern Region,48.0,83.0
Northen Region,52.0,83.0
Southern Region,64.0,83.0
Western Region,72.0,83.0
National,75.0,83.0
Eastern Region,61.0,83.0
North-Eastern Region,48.0,83.0
Northen Region,52.0,83.0
Southern Region,64.0,83.0
Western Region,72.0,83.0
National,75.0,83.0
Eastern Region,61.0,83.0
North-Eastern Region,48.0,83.0
Northen Region,52.0,83.0
Southern Region,64.0,83.0
Western Region,72.0,83.0
National,75.0,83.0
Eastern Region,61.0,83.0
North-Eastern Region,48.0,83.0
Northen Region,52.0,83.0
Southern Region,64.0,83.0
Western Region,72.0,83.0
National,75.0,83.0
Eastern Region,61.0,83.0
North-Eastern Region,48.0,83.0
Northen Region,52.0,83.0
Southern Region,64.0,83.0
Western Region,72.0,83.0
National,75.0,83.0
Eastern Region,61.0,83.0
North-Eastern Region,48.0,83.0
Northen Region,52.0,83.0
Southern Region,64.0,83.0
Western Region,72.0,83.0
National,75.0,83.0
Eastern Region,61.0,83.0
North-Eastern Region,48.0,83.0
Northen Region,52.0,83.0
Southern Region,64.0,83.0
Western Region,72.0,83.0
National,75.0,83.0
Eastern Region,61.0,83.0
North-Eastern Region,48.0,83.0
Northen Region,52.0,83.0
Southern Region,64.0,83.0
Western Region,72.0,83.0
National,75.0,83.0
Eastern Region,61.0,83.0
North-Eastern Region,48.0,83.0
Northen Region,52.0,83.0
Southern Region,64.0,83.0
Western Region,72.0,83.0
National,75.0,83.0
Eastern Region,61.0,83.0
North-Eastern Region,48.0,83.0
Northen Region,52.0,83.0
Southern Region,64.0,83.0
Western Region,72.0,83.0
National,75.0,83.0
Eastern Region,61.0,83.0
North-Eastern Region,48.0,83.0
Northen Region,52.0,83.0
Southern Region,64.0,83.0
Western Region,72.0,83.0
National,75.0,83.0
Eastern Region,61.0,83.0
North-Eastern Region,48.0,83.0
Northen Region,52.0,83.0
Southern Region,64.0,83.0
Western Region,72.0,83.0
National,75.0,83.0
Eastern Region,61.0,83.0
North-Eastern Region,48.0,83.0
Northen Region,52.0,83.0
Southern Region,64.0,83.0
Western Region,71.0,83.0
National,75.0,83.0
Eastern Region,61.0,83.0
North-Eastern Region,48.0,83.0
Northen Region,52.0,83.0
Southern Region,64.0,83.0
Western Region,71.0,83.0
National,75.0,83.0
Eastern Region,61.0,83.0
North-Eastern Region,48.0,83.0
Northen Region,52.0,83.0
Southern Region,64.0,83.0
Western Region,71.0,83.0
National,75.0,83.0
Eastern Region,61.0,83.0
North-Eastern Region,48.0,83.0
Northen Region,52.0,83.0
Southern Region,64.0,83.0
Western Region,71.0,83.0
National,75.0,83.0
Eastern Region,61.0,83.0
North-Eastern Region,48.0,83.0
Northen Region,52.0,83.0
Southern Region,64.0,83.0
Western Region,71.0,83.0
National,75.0,83.0
Eastern Region,61.0,83.0
North-Eastern Region,48.0,83.0
Northen Region,52.0,83.0
Southern Region,64.0,83.0
Western Region,71.0,83.0
National,75.0,83.0
Eastern Region,61.0,83.0
North-Eastern Region,48.0,83.0
Northen Region,52.0,83.0
Southern Region,64.0,83.0
Western Region,71.0,83.0
National,75.0,83.0
Eastern Region,61.0,83.0
North-Eastern Region,48.0,83.0
Northen Region,52.0,83.0
Southern Region,64.0,83.0
Western Region,71.0,83.0
National,75.0,83.0
Eastern Region,61.0,83.0
North-Eastern Region,48.0,83.0
Northen Region,52.0,83.0
Southern Region,64.0,83.0
Western Region,71.0,83.0
National,75.0,83.0
Eastern Region,61.0,83.0
North-Eastern Region,48.0,83.0
Northen Region,52.0,83.0
Southern Region,64.0,83.0
Western Region,71.0,83.0
National,75.0,83.0
Eastern Region,61.0,83.0
North-Eastern Region,48.0,83.0
Northen Region,52.0,83.0
Southern Region,64.0,83.0
Western Region,71.0,83.0
National,75.0,83.0
Eastern Region,61.0,83.0
North-Eastern Region,48.0,83.0
Northen Region,52.0,83.0
Southern Region,64.0,83.0
Western Region,71.0,83.0
National,75.0,83.0
Eastern Region,61.0,83.0
North-Eastern Region,48.0,83.0
Northen Region,52.0,83.0
Southern Region,64.0,83.0
Western Region,71.0,83.0
National,75.0,83.0
Eastern Region,61.0,83.0
North-Eastern Region,48.0,83.0
Northen Region,52.0,83.0
Southern Region,64.0,83.0
Western Region,71.0,83.0
National,75.0,83.0
Eastern Region,61.0,83.0
North-Eastern Region,48.0,83.0
Northen Region,52.0,83.0
Southern Region,64.0,83.0
Western Region,71.0,83.0
National,75.0,83.0
Eastern Region,61.0,83.0
North-Eastern Region,48.0,83.0
Northen Region,52.0,83.0
Southern Region,64.0,83.0
Western Region,71.0,83.0
National,75.0,83.0
Eastern Region,61.0,83.0
North-Eastern Region,48.0,83.0
Northen Region,52.0,83.0
Southern Region,64.0,83.0
Western Region,71.0,83.0
National,75.0,83.0
Eastern Region,61.0,83.0
North-Eastern Region,48.0,83.0
Northen Region,52.0,83.0
Southern Region,64.0,83.0
Western Region,71.0,83.0
National,75.0,84.0
Eastern Region,61.0,84.0
North-Eastern Region,48.0,84.0
Northen Region,52.0,84.0
Southern Region,64.0,84.0
Western Region,71.0,84.0
National,75.0,84.0
Eastern Region,61.0,84.0
North-Eastern Region,48.0,84.0
Northen Region,52.0,84.0
Southern Region,64.0,84.0
Western Region,71.0,84.0
National,75.0,84.0
Eastern Region,61.0,84.0
North-Eastern Region,48.0,84.0
Northen Region,52.0,84.0
Southern Region,64.0,84.0
Western Region,71.0,84.0
National,75.0,84.0
Eastern Region,61.0,84.0
North-Eastern Region,47.0,84.0
Northen Region,52.0,84.0
Southern Region,64.0,84.0
Western Region,71.0,84.0
National,75.0,84.0
Eastern Region,61.0,84.0
North-Eastern Region,47.0,84.0
Northen Region,52.0,84.0
Southern Region,64.0,84.0
Western Region,71.0,84.0
National,75.0,84.0
Eastern Region,61.0,84.0
North-Eastern Region,47.0,84.0
Northen Region,52.0,84.0
Southern Region,64.0,84.0
Western Region,71.0,84.0
National,75.0,84.0
Eastern Region,61.0,84.0
North-Eastern Region,47.0,84.0
Northen Region,52.0,84.0
Southern Region,64.0,84.0
Western Region,71.0,84.0
National,75.0,84.0
Eastern Region,61.0,84.0
North-Eastern Region,47.0,84.0
Northen Region,51.0,84.0
Southern Region,64.0,84.0
Western Region,71.0,84.0
National,75.0,84.0
Eastern Region,61.0,84.0
North-Eastern Region,47.0,84.0
Northen Region,51.0,84.0
Southern Region,64.0,84.0
Western Region,71.0,84.0
National,75.0,84.0
Eastern Region,61.0,84.0
North-Eastern Region,47.0,84.0
Northen Region,51.0,84.0
Southern Region,64.0,84.0
Western Region,71.0,84.0
National,75.0,84.0
Eastern Region,61.0,84.0
North-Eastern Region,47.0,84.0
Northen Region,51.0,84.0
Southern Region,64.0,84.0
Western Region,71.0,84.0
National,75.0,84.0
Eastern Region,61.0,84.0
North-Eastern Region,47.0,84.0
Northen Region,51.0,84.0
Southern Region,64.0,84.0
Western Region,71.0,84.0
National,75.0,84.0
Eastern Region,60.0,84.0
North-Eastern Region,47.0,84.0
Northen Region,51.0,84.0
Southern Region,64.0,84.0
Western Region,71.0,84.0
National,75.0,84.0
Eastern Region,60.0,84.0
North-Eastern Region,47.0,84.0
Northen Region,51.0,84.0
Southern Region,64.0,84.0
Western Region,71.0,84.0
National,75.0,84.0
Eastern Region,60.0,84.0
North-Eastern Region,47.0,84.0
Northen Region,51.0,84.0
Southern Region,64.0,84.0
Western Region,71.0,84.0
National,75.0,84.0
Eastern Region,60.0,84.0
North-Eastern Region,47.0,84.0
Northen Region,51.0,84.0
Southern Region,64.0,84.0
Western Region,71.0,84.0
National,75.0,84.0
Eastern Region,60.0,84.0
North-Eastern Region,47.0,84.0
Northen Region,51.0,84.0
Southern Region,64.0,84.0
Western Region,71.0,84.0
National,75.0,84.0
Eastern Region,60.0,84.0
North-Eastern Region,47.0,84.0
Northen Region,51.0,84.0
Southern Region,64.0,84.0
Western Region,71.0,84.0
National,75.0,84.0
Eastern Region,60.0,84.0
North-Eastern Region,47.0,84.0
Northen Region,51.0,84.0
Southern Region,64.0,84.0
Western Region,71.0,84.0
National,75.0,84.0
Eastern Region,60.0,84.0
North-Eastern Region,47.0,84.0
Northen Region,51.0,84.0
Southern Region,64.0,84.0
Western Region,71.0,84.0
National,75.0,84.0
Eastern Region,60.0,84.0
North-Eastern Region,47.0,84.0
Northen Region,51.0,84.0
Southern Region,64.0,84.0
Western Region,71.0,84.0
National,75.0,84.0
Eastern Region,60.0,84.0
North-Eastern Region,47.0,84.0
Northen Region,51.0,84.0
Southern Region,64.0,84.0
Western Region,71.0,84.0
National,75.0,84.0
Eastern Region,60.0,84.0
North-Eastern Region,47.0,84.0
Northen Region,51.0,84.0
Southern Region,64.0,84.0
Western Region,71.0,84.0
National,75.0,84.0
Eastern Region,60.0,84.0
North-Eastern Region,47.0,84.0
Northen Region,51.0,84.0
Southern Region,64.0,84.0
Western Region,71.0,84.0
National,75.0,84.0
Eastern Region,60.0,84.0
North-Eastern Region,47.0,84.0
Northen Region,51.0,84.0
Southern Region,64.0,84.0
Western Region,71.0,84.0
National,75.0,84.0
Eastern Region,60.0,84.0
North-Eastern Region,47.0,84.0
Northen Region,51.0,84.0
Southern Region,64.0,84.0
Western Region,71.0,84.0
National,75.0,84.0
Eastern Region,60.0,84.0
North-Eastern Region,47.0,84.0
Northen Region,51.0,84.0
Southern Region,64.0,84.0
Western Region,71.0,84.0
National,75.0,84.0
Eastern Region,60.0,84.0
North-Eastern Region,47.0,84.0
Northen Region,51.0,84.0
Southern Region,64.0,84.0
Western Region,71.0,84.0
National,75.0,84.0
Eastern Region,60.0,84.0
North-Eastern Region,47.0,84.0
Northen Region,51.0,84.0
Southern Region,64.0,84.0
Western Region,71.0,84.0
National,75.0,84.0
Eastern Region,60.0,84.0
North-Eastern Region,47.0,84.0
Northen Region,51.0,84.0
Southern Region,64.0,84.0
Western Region,71.0,84.0
National,75.0,84.0
Eastern Region,60.0,84.0
North-Eastern Region,47.0,84.0
Northen Region,51.0,84.0
Southern Region,64.0,84.0
Western Region,71.0,84.0
National,75.0,84.0
Eastern Region,60.0,84.0
North-Eastern Region,47.0,84.0
Northen Region,51.0,84.0
Southern Region,64.0,84.0
Western Region,71.0,84.0
National,75.0,84.0
Eastern Region,60.0,84.0
North-Eastern Region,47.0,84.0
Northen Region,51.0,84.0
Southern Region,64.0,84.0
Western Region,71.0,84.0
National,75.0,84.0
Eastern Region,60.0,84.0
North-Eastern Region,47.0,84.0
Northen Region,51.0,84.0
Southern Region,64.0,84.0
Western Region,71.0,84.0
National,75.0,84.0
Eastern Region,60.0,84.0
North-Eastern Region,47.0,84.0
Northen Region,51.0,84.0
Southern Region,64.0,84.0
Western Region,71.0,84.0
National,75.0,84.0
Eastern Region,60.0,84.0
North-Eastern Region,47.0,84.0
Northen Region,51.0,84.0
Southern Region,64.0,84.0
Western Region,71.0,84.0
National,75.0,84.0
Eastern Region,60.0,84.0
North-Eastern Region,47.0,84.0
Northen Region,51.0,84.0
Southern Region,64.0,84.0
Western Region,71.0,84.0
National,75.0,84.0
Eastern Region,60.0,84.0
North-Eastern Region,47.0,84.0
Northen Region,51.0,84.0
Southern Region,64.0,84.0
Western Region,71.0,84.0
National,75.0,84.0
Eastern Region,60.0,84.0
North-Eastern Region,47.0,84.0
Northen Region,51.0,84.0
Southern Region,64.0,84.0
Western Region,71.0,84.0
National,75.0,84.0
Eastern Region,60.0,84.0
North-Eastern Region,47.0,84.0
Northen Region,51.0,84.0
Southern Region,64.0,84.0
Western Region,71.0,84.0
National,74.0,84.0
Eastern Region,60.0,84.0
North-Eastern Region,47.0,84.0
Northen Region,51.0,84.0
Southern Region,64.0,84.0
Western Region,71.0,84.0
National,74.0,84.0
Eastern Region,60.0,84.0
North-Eastern Region,47.0,84.0
Northen Region,51.0,84.0
Southern Region,64.0,84.0
Western Region,71.0,84.0
National,74.0,84.0
Eastern Region,60.0,84.0
North-Eastern Region,47.0,84.0
Northen Region,51.0,84.0
Southern Region,64.0,84.0
Western Region,71.0,84.0
National,74.0,85.0
Eastern Region,60.0,85.0
North-Eastern Region,47.0,85.0
Northen Region,51.0,85.0
Southern Region,64.0,85.0
Western Region,71.0,85.0
National,74.0,85.0
Eastern Region,60.0,85.0
North-Eastern Region,47.0,85.0
Northen Region,51.0,85.0
Southern Region,64.0,85.0
Western Region,71.0,85.0
National,74.0,85.0
Eastern Region,60.0,85.0
North-Eastern Region,47.0,85.0
Northen Region,51.0,85.0
Southern Region,64.0,85.0
Western Region,71.0,85.0
National,74.0,85.0
Eastern Region,60.0,85.0
North-Eastern Region,47.0,85.0
Northen Region,51.0,85.0
Southern Region,64.0,85.0
Western Region,71.0,85.0
National,74.0,85.0
Eastern Region,60.0,85.0
North-Eastern Region,47.0,85.0
Northen Region,51.0,85.0
Southern Region,64.0,85.0
Western Region,71.0,85.0
National,74.0,85.0
Eastern Region,60.0,85.0
North-Eastern Region,47.0,85.0
Northen Region,51.0,85.0
Southern Region,64.0,85.0
Western Region,71.0,85.0
National,74.0,85.0
Eastern Region,60.0,85.0
North-Eastern Region,47.0,85.0
Northen Region,51.0,85.0
Southern Region,64.0,85.0
Western Region,71.0,85.0
National,74.0,85.0
Eastern Region,60.0,85.0
North-Eastern Region,47.0,85.0
Northen Region,51.0,85.0
Southern Region,64.0,85.0
Western Region,71.0,85.0
National,74.0,85.0
Eastern Region,60.0,85.0
North-Eastern Region,47.0,85.0
Northen Region,51.0,85.0
Southern Region,64.0,85.0
Western Region,71.0,85.0
National,74.0,85.0
Eastern Region,60.0,85.0
North-Eastern Region,47.0,85.0
Northen Region,51.0,85.0
Southern Region,64.0,85.0
Western Region,71.0,85.0
National,74.0,85.0
Eastern Region,60.0,85.0
North-Eastern Region,47.0,85.0
Northen Region,51.0,85.0
Southern Region,64.0,85.0
Western Region,71.0,85.0
National,74.0,85.0
Eastern Region,60.0,85.0
North-Eastern Region,47.0,85.0
Northen Region,51.0,85.0
Southern Region,63.0,85.0
Western Region,71.0,85.0
National,74.0,85.0
Eastern Region,60.0,85.0
North-Eastern Region,47.0,85.0
Northen Region,51.0,85.0
Southern Region,63.0,85.0
Western Region,71.0,85.0
National,74.0,85.0
Eastern Region,60.0,85.0
North-Eastern Region,47.0,85.0
Northen Region,51.0,85.0
Southern Region,63.0,85.0
Western Region,71.0,85.0
National,74.0,85.0
Eastern Region,60.0,85.0
North-Eastern Region,47.0,85.0
Northen Region,51.0,85.0
Southern Region,63.0,85.0
Western Region,71.0,85.0
National,74.0,85.0
Eastern Region,60.0,85.0
North-Eastern Region,47.0,85.0
Northen Region,51.0,85.0
Southern Region,63.0,85.0
Western Region,71.0,85.0
National,74.0,85.0
Eastern Region,60.0,85.0
North-Eastern Region,47.0,85.0
Northen Region,51.0,85.0
Southern Region,63.0,85.0
Western Region,71.0,85.0
National,74.0,85.0
Eastern Region,60.0,85.0
North-Eastern Region,47.0,85.0
Northen Region,51.0,85.0
Southern Region,63.0,85.0
Western Region,71.0,85.0
National,74.0,85.0
Eastern Region,60.0,85.0
North-Eastern Region,47.0,85.0
Northen Region,51.0,85.0
Southern Region,63.0,85.0
Western Region,71.0,85.0
National,74.0,85.0
Eastern Region,60.0,85.0
North-Eastern Region,47.0,85.0
Northen Region,51.0,85.0
Southern Region,63.0,85.0
Western Region,71.0,85.0
National,74.0,85.0
Eastern Region,60.0,85.0
North-Eastern Region,47.0,85.0
Northen Region,51.0,85.0
Southern Region,63.0,85.0
Western Region,71.0,85.0
National,74.0,85.0
Eastern Region,60.0,85.0
North-Eastern Region,47.0,85.0
Northen Region,51.0,85.0
Southern Region,63.0,85.0
Western Region,71.0,85.0
National,74.0,85.0
Eastern Region,60.0,85.0
North-Eastern Region,47.0,85.0
Northen Region,51.0,85.0
Southern Region,63.0,85.0
Western Region,71.0,85.0
National,74.0,85.0
Eastern Region,60.0,85.0
North-Eastern Region,47.0,85.0
Northen Region,51.0,85.0
Southern Region,63.0,85.0
Western Region,71.0,85.0
National,74.0,85.0
Eastern Region,60.0,85.0
North-Eastern Region,47.0,85.0
Northen Region,51.0,85.0
Southern Region,63.0,85.0
Western Region,71.0,85.0
National,74.0,85.0
Eastern Region,60.0,85.0
North-Eastern Region,47.0,85.0
Northen Region,51.0,85.0
Southern Region,63.0,85.0
Western Region,71.0,85.0
National,74.0,85.0
Eastern Region,60.0,85.0
North-Eastern Region,47.0,85.0
Northen Region,51.0,85.0
Southern Region,63.0,85.0
Western Region,71.0,85.0
National,74.0,85.0
Eastern Region,60.0,85.0
North-Eastern Region,47.0,85.0
Northen Region,51.0,85.0
Southern Region,63.0,85.0
Western Region,71.0,85.0
National,74.0,85.0
Eastern Region,60.0,85.0
North-Eastern Region,47.0,85.0
Northen Region,51.0,85.0
Southern Region,63.0,85.0
Western Region,71.0,85.0
National,74.0,85.0
Eastern Region,60.0,85.0
North-Eastern Region,47.0,85.0
Northen Region,51.0,85.0
Southern Region,63.0,85.0
Western Region,71.0,85.0
National,74.0,85.0
Eastern Region,60.0,85.0
North-Eastern Region,47.0,85.0
Northen Region,51.0,85.0
Southern Region,63.0,85.0
Western Region,71.0,85.0
National,74.0,85.0
Eastern Region,60.0,85.0
North-Eastern Region,47.0,85.0
Northen Region,51.0,85.0
Southern Region,63.0,85.0
Western Region,71.0,85.0
National,74.0,85.0
Eastern Region,60.0,85.0
North-Eastern Region,47.0,85.0
Northen Region,51.0,85.0
Southern Region,63.0,85.0
Western Region,71.0,85.0
National,74.0,85.0
Eastern Region,60.0,85.0
North-Eastern Region,47.0,85.0
Northen Region,51.0,85.0
Southern Region,63.0,85.0
Western Region,71.0,85.0
National,74.0,85.0
Eastern Region,60.0,85.0
North-Eastern Region,47.0,85.0
Northen Region,51.0,85.0
Southern Region,63.0,85.0
Western Region,71.0,85.0
National,74.0,85.0
Eastern Region,60.0,85.0
North-Eastern Region,47.0,85.0
Northen Region,51.0,85.0
Southern Region,63.0,85.0
Western Region,71.0,85.0
National,74.0,85.0
Eastern Region,60.0,85.0
North-Eastern Region,47.0,85.0
Northen Region,51.0,85.0
Southern Region,63.0,85.0
Western Region,71.0,85.0
National,74.0,85.0
Eastern Region,60.0,85.0
North-Eastern Region,47.0,85.0
Northen Region,51.0,85.0
Southern Region,63.0,85.0
Western Region,71.0,85.0
National,74.0,85.0
Eastern Region,60.0,85.0
North-Eastern Region,46.0,85.0
Northen Region,51.0,85.0
Southern Region,63.0,85.0
Western Region,71.0,85.0
National,74.0,85.0
Eastern Region,60.0,85.0
North-Eastern Region,46.0,85.0
Northen Region,51.0,85.0
Southern Region,63.0,85.0
Western Region,71.0,85.0
National,74.0,85.0
Eastern Region,60.0,85.0
North-Eastern Region,46.0,85.0
Northen Region,51.0,85.0
Southern Region,63.0,85.0
Western Region,71.0,85.0
National,74.0,85.0
Eastern Region,60.0,85.0
North-Eastern Region,46.0,85.0
Northen Region,51.0,85.0
Southern Region,63.0,85.0
Western Region,71.0,85.0
National,74.0,85.0
Eastern Region,60.0,85.0
North-Eastern Region,46.0,85.0
Northen Region,51.0,85.0
Southern Region,63.0,85.0
Western Region,71.0,85.0
National,74.0,85.0
Eastern Region,60.0,85.0
North-Eastern Region,46.0,85.0
Northen Region,50.0,85.0
Southern Region,63.0,85.0
Western Region,71.0,85.0
National,74.0,86.0
Eastern Region,60.0,86.0
North-Eastern Region,46.0,86.0
Northen Region,50.0,86.0
Southern Region,63.0,86.0
Western Region,71.0,86.0
National,74.0,86.0
Eastern Region,60.0,86.0
North-Eastern Region,46.0,86.0
Northen Region,50.0,86.0
Southern Region,63.0,86.0
Western Region,71.0,86.0
National,74.0,86.0
Eastern Region,60.0,86.0
North-Eastern Region,46.0,86.0
Northen Region,50.0,86.0
Southern Region,63.0,86.0
Western Region,71.0,86.0
National,74.0,86.0
Eastern Region,60.0,86.0
North-Eastern Region,46.0,86.0
Northen Region,50.0,86.0
Southern Region,63.0,86.0
Western Region,71.0,86.0
National,74.0,86.0
Eastern Region,60.0,86.0
North-Eastern Region,46.0,86.0
Northen Region,50.0,86.0
Southern Region,63.0,86.0
Western Region,71.0,86.0
National,74.0,86.0
Eastern Region,60.0,86.0
North-Eastern Region,46.0,86.0
Northen Region,50.0,86.0
Southern Region,63.0,86.0
Western Region,71.0,86.0
National,74.0,86.0
Eastern Region,60.0,86.0
North-Eastern Region,46.0,86.0
Northen Region,50.0,86.0
Southern Region,63.0,86.0
Western Region,71.0,86.0
National,74.0,86.0
Eastern Region,60.0,86.0
North-Eastern Region,46.0,86.0
Northen Region,50.0,86.0
Southern Region,63.0,86.0
Western Region,71.0,86.0
National,74.0,86.0
Eastern Region,60.0,86.0
North-Eastern Region,46.0,86.0
Northen Region,50.0,86.0
Southern Region,63.0,86.0
Western Region,71.0,86.0
National,74.0,86.0
Eastern Region,60.0,86.0
North-Eastern Region,46.0,86.0
Northen Region,50.0,86.0
Southern Region,63.0,86.0
Western Region,71.0,86.0
National,74.0,86.0
Eastern Region,60.0,86.0
North-Eastern Region,46.0,86.0
Northen Region,50.0,86.0
Southern Region,63.0,86.0
Western Region,71.0,86.0
National,74.0,86.0
Eastern Region,60.0,86.0
North-Eastern Region,46.0,86.0
Northen Region,50.0,86.0
Southern Region,63.0,86.0
Western Region,71.0,86.0
National,74.0,86.0
Eastern Region,60.0,86.0
North-Eastern Region,46.0,86.0
Northen Region,50.0,86.0
Southern Region,63.0,86.0
Western Region,71.0,86.0
National,74.0,86.0
Eastern Region,60.0,86.0
North-Eastern Region,46.0,86.0
Northen Region,50.0,86.0
Southern Region,63.0,86.0
Western Region,71.0,86.0
National,74.0,86.0
Eastern Region,60.0,86.0
North-Eastern Region,46.0,86.0
Northen Region,50.0,86.0
Southern Region,63.0,86.0
Western Region,71.0,86.0
National,74.0,86.0
Eastern Region,60.0,86.0
North-Eastern Region,46.0,86.0
Northen Region,50.0,86.0
Southern Region,63.0,86.0
Western Region,71.0,86.0
National,74.0,86.0
Eastern Region,60.0,86.0
North-Eastern Region,46.0,86.0
Northen Region,50.0,86.0
Southern Region,63.0,86.0
Western Region,71.0,86.0
National,74.0,86.0
Eastern Region,60.0,86.0
North-Eastern Region,46.0,86.0
Northen Region,50.0,86.0
Southern Region,63.0,86.0
Western Region,71.0,86.0
National,74.0,86.0
Eastern Region,60.0,86.0
North-Eastern Region,46.0,86.0
Northen Region,50.0,86.0
Southern Region,63.0,86.0
Western Region,71.0,86.0
National,74.0,86.0
Eastern Region,60.0,86.0
North-Eastern Region,46.0,86.0
Northen Region,50.0,86.0
Southern Region,63.0,86.0
Western Region,71.0,86.0
National,74.0,86.0
Eastern Region,60.0,86.0
North-Eastern Region,46.0,86.0
Northen Region,50.0,86.0
Southern Region,63.0,86.0
Western Region,70.0,86.0
National,74.0,86.0
Eastern Region,60.0,86.0
North-Eastern Region,46.0,86.0
Northen Region,50.0,86.0
Southern Region,63.0,86.0
Western Region,70.0,86.0
National,74.0,86.0
Eastern Region,60.0,86.0
North-Eastern Region,46.0,86.0
Northen Region,50.0,86.0
Southern Region,63.0,86.0
Western Region,70.0,86.0
National,73.0,86.0
Eastern Region,60.0,86.0
North-Eastern Region,46.0,86.0
Northen Region,50.0,86.0
Southern Region,63.0,86.0
Western Region,70.0,86.0
National,73.0,86.0
Eastern Region,60.0,86.0
North-Eastern Region,46.0,86.0
Northen Region,50.0,86.0
Southern Region,63.0,86.0
Western Region,70.0,86.0
National,73.0,86.0
Eastern Region,60.0,86.0
North-Eastern Region,46.0,86.0
Northen Region,50.0,86.0
Southern Region,63.0,86.0
Western Region,70.0,86.0
National,73.0,86.0
Eastern Region,60.0,86.0
North-Eastern Region,46.0,86.0
Northen Region,50.0,86.0
Southern Region,63.0,86.0
Western Region,70.0,86.0
National,73.0,86.0
Eastern Region,60.0,86.0
North-Eastern Region,46.0,86.0
Northen Region,50.0,86.0
Southern Region,63.0,86.0
Western Region,70.0,86.0
National,73.0,86.0
Eastern Region,59.0,86.0
North-Eastern Region,46.0,86.0
Northen Region,50.0,86.0
Southern Region,63.0,86.0
Western Region,70.0,86.0
National,73.0,86.0
Eastern Region,59.0,86.0
North-Eastern Region,46.0,86.0
Northen Region,50.0,86.0
Southern Region,63.0,86.0
Western Region,70.0,86.0
National,73.0,86.0
Eastern Region,59.0,86.0
North-Eastern Region,46.0,86.0
Northen Region,50.0,86.0
Southern Region,63.0,86.0
Western Region,70.0,86.0
National,73.0,86.0
Eastern Region,59.0,86.0
North-Eastern Region,46.0,86.0
Northen Region,50.0,86.0
Southern Region,63.0,86.0
Western Region,70.0,86.0
National,73.0,86.0
Eastern Region,59.0,86.0
North-Eastern Region,46.0,86.0
Northen Region,50.0,86.0
Southern Region,63.0,86.0
Western Region,70.0,86.0
National,73.0,86.0
Eastern Region,59.0,86.0
North-Eastern Region,46.0,86.0
Northen Region,50.0,86.0
Southern Region,63.0,86.0
Western Region,70.0,86.0
National,73.0,86.0
Eastern Region,59.0,86.0
North-Eastern Region,46.0,86.0
Northen Region,50.0,86.0
Southern Region,63.0,86.0
Western Region,70.0,86.0
National,73.0,86.0
Eastern Region,59.0,86.0
North-Eastern Region,46.0,86.0
Northen Region,50.0,86.0
Southern Region,63.0,86.0
Western Region,70.0,86.0
National,73.0,86.0
Eastern Region,59.0,86.0
North-Eastern Region,46.0,86.0
Northen Region,50.0,86.0
Southern Region,63.0,86.0
Western Region,70.0,86.0
National,73.0,86.0
Eastern Region,59.0,86.0
North-Eastern Region,46.0,86.0
Northen Region,50.0,86.0
Southern Region,63.0,86.0
Western Region,70.0,86.0
National,73.0,86.0
Eastern Region,59.0,86.0
North-Eastern Region,46.0,86.0
Northen Region,50.0,86.0
Southern Region,63.0,86.0
Western Region,70.0,86.0
National,73.0,86.0
Eastern Region,59.0,86.0
North-Eastern Region,46.0,86.0
Northen Region,50.0,86.0
Southern Region,63.0,86.0
Western Region,70.0,86.0
National,73.0,86.0
Eastern Region,59.0,86.0
North-Eastern Region,46.0,86.0
Northen Region,50.0,86.0
Southern Region,63.0,86.0
Western Region,70.0,86.0
National,73.0,86.0
Eastern Region,59.0,86.0
North-Eastern Region,46.0,86.0
Northen Region,50.0,86.0
Southern Region,63.0,86.0
Western Region,70.0,86.0
National,73.0,86.0
Eastern Region,59.0,86.0
North-Eastern Region,46.0,86.0
Northen Region,50.0,86.0
Southern Region,63.0,86.0
Western Region,70.0,86.0
National,73.0,87.0
Eastern Region,59.0,87.0
North-Eastern Region,46.0,87.0
Northen Region,50.0,87.0
Southern Region,63.0,87.0
Western Region,70.0,87.0
National,73.0,87.0
Eastern Region,59.0,87.0
North-Eastern Region,46.0,87.0
Northen Region,50.0,87.0
Southern Region,63.0,87.0
Western Region,70.0,87.0
National,73.0,87.0
Eastern Region,59.0,87.0
North-Eastern Region,46.0,87.0
Northen Region,50.0,87.0
Southern Region,63.0,87.0
Western Region,70.0,87.0
National,73.0,87.0
Eastern Region,59.0,87.0
North-Eastern Region,46.0,87.0
Northen Region,50.0,87.0
Southern Region,63.0,87.0
Western Region,70.0,87.0
National,73.0,87.0
Eastern Region,59.0,87.0
North-Eastern Region,46.0,87.0
Northen Region,50.0,87.0
Southern Region,63.0,87.0
Western Region,70.0,87.0
National,73.0,87.0
Eastern Region,59.0,87.0
North-Eastern Region,46.0,87.0
Northen Region,50.0,87.0
Southern Region,63.0,87.0
Western Region,70.0,87.0
National,73.0,87.0
Eastern Region,59.0,87.0
North-Eastern Region,46.0,87.0
Northen Region,50.0,87.0
Southern Region,63.0,87.0
Western Region,70.0,87.0
National,73.0,87.0
Eastern Region,59.0,87.0
North-Eastern Region,46.0,87.0
Northen Region,50.0,87.0
Southern Region,63.0,87.0
Western Region,70.0,87.0
National,73.0,87.0
Eastern Region,59.0,87.0
North-Eastern Region,46.0,87.0
Northen Region,50.0,87.0
Southern Region,63.0,87.0
Western Region,70.0,87.0
National,73.0,87.0
Eastern Region,59.0,87.0
North-Eastern Region,46.0,87.0
Northen Region,50.0,87.0
Southern Region,63.0,87.0
Western Region,70.0,87.0
National,73.0,87.0
Eastern Region,59.0,87.0
North-Eastern Region,46.0,87.0
Northen Region,50.0,87.0
Southern Region,63.0,87.0
Western Region,70.0,87.0
National,73.0,87.0
Eastern Region,59.0,87.0
North-Eastern Region,46.0,87.0
Northen Region,50.0,87.0
Southern Region,63.0,87.0
Western Region,70.0,87.0
National,73.0,87.0
Eastern Region,59.0,87.0
North-Eastern Region,46.0,87.0
Northen Region,50.0,87.0
Southern Region,63.0,87.0
Western Region,70.0,87.0
National,73.0,87.0
Eastern Region,59.0,87.0
North-Eastern Region,46.0,87.0
Northen Region,50.0,87.0
Southern Region,63.0,87.0
Western Region,70.0,87.0
National,73.0,87.0
Eastern Region,59.0,87.0
North-Eastern Region,46.0,87.0
Northen Region,50.0,87.0
Southern Region,63.0,87.0
Western Region,70.0,87.0
National,73.0,87.0
Eastern Region,59.0,87.0
North-Eastern Region,46.0,87.0
Northen Region,50.0,87.0
Southern Region,62.0,87.0
Western Region,70.0,87.0
National,73.0,87.0
Eastern Region,59.0,87.0
North-Eastern Region,46.0,87.0
Northen Region,50.0,87.0
Southern Region,62.0,87.0
Western Region,70.0,87.0
National,73.0,87.0
Eastern Region,59.0,87.0
North-Eastern Region,46.0,87.0
Northen Region,50.0,87.0
Southern Region,62.0,87.0
Western Region,70.0,87.0
National,73.0,87.0
Eastern Region,59.0,87.0
North-Eastern Region,46.0,87.0
Northen Region,50.0,87.0
Southern Region,62.0,87.0
Western Region,70.0,87.0
National,73.0,87.0
Eastern Region,59.0,87.0
North-Eastern Region,46.0,87.0
Northen Region,50.0,87.0
Southern Region,62.0,87.0
Western Region,70.0,87.0
National,73.0,87.0
Eastern Region,59.0,87.0
North-Eastern Region,46.0,87.0
Northen Region,50.0,87.0
Southern Region,62.0,87.0
Western Region,70.0,87.0
National,73.0,87.0
Eastern Region,59.0,87.0
North-Eastern Region,45.0,87.0
Northen Region,50.0,87.0
Southern Region,62.0,87.0
Western Region,70.0,87.0
National,73.0,87.0
Eastern Region,59.0,87.0
North-Eastern Region,45.0,87.0
Northen Region,50.0,87.0
Southern Region,62.0,87.0
Western Region,70.0,87.0
National,73.0,87.0
Eastern Region,59.0,87.0
North-Eastern Region,45.0,87.0
Northen Region,50.0,87.0
Southern Region,62.0,87.0
Western Region,70.0,87.0
National,73.0,87.0
Eastern Region,59.0,87.0
North-Eastern Region,45.0,87.0
Northen Region,49.0,87.0
Southern Region,62.0,87.0
Western Region,70.0,87.0
National,73.0,87.0
Eastern Region,59.0,87.0
North-Eastern Region,45.0,87.0
Northen Region,49.0,87.0
Southern Region,62.0,87.0
Western Region,70.0,87.0
National,73.0,87.0
Eastern Region,59.0,87.0
North-Eastern Region,45.0,87.0
Northen Region,49.0,87.0
Southern Region,62.0,87.0
Western Region,70.0,87.0
National,73.0,87.0
Eastern Region,59.0,87.0
North-Eastern Region,45.0,87.0
Northen Region,49.0,87.0
Southern Region,62.0,87.0
Western Region,70.0,87.0
National,73.0,87.0
Eastern Region,59.0,87.0
North-Eastern Region,45.0,87.0
Northen Region,49.0,87.0
Southern Region,62.0,87.0
Western Region,70.0,87.0
National,73.0,87.0
Eastern Region,59.0,87.0
North-Eastern Region,45.0,87.0
Northen Region,49.0,87.0
Southern Region,62.0,87.0
Western Region,70.0,87.0
National,73.0,87.0
Eastern Region,59.0,87.0
North-Eastern Region,45.0,87.0
Northen Region,49.0,87.0
Southern Region,62.0,87.0
Western Region,70.0,87.0
National,73.0,87.0
Eastern Region,59.0,87.0
North-Eastern Region,45.0,87.0
Northen Region,49.0,87.0
Southern Region,62.0,87.0
Western Region,70.0,87.0
National,73.0,87.0
Eastern Region,59.0,87.0
North-Eastern Region,45.0,87.0
Northen Region,49.0,87.0
Southern Region,62.0,87.0
Western Region,70.0,87.0
National,73.0,87.0
Eastern Region,59.0,87.0
North-Eastern Region,45.0,87.0
Northen Region,49.0,87.0
Southern Region,62.0,87.0
Western Region,70.0,87.0
National,73.0,87.0
Eastern Region,59.0,87.0
North-Eastern Region,45.0,87.0
Northen Region,49.0,87.0
Southern Region,62.0,87.0
Western Region,70.0,87.0
National,73.0,87.0
Eastern Region,59.0,87.0
North-Eastern Region,45.0,87.0
Northen Region,49.0,87.0
Southern Region,62.0,87.0
Western Region,70.0,87.0
National,73.0,87.0
Eastern Region,59.0,87.0
North-Eastern Region,45.0,87.0
Northen Region,49.0,87.0
Southern Region,62.0,87.0
Western Region,70.0,87.0
National,73.0,87.0
Eastern Region,59.0,87.0
North-Eastern Region,45.0,87.0
Northen Region,49.0,87.0
Southern Region,62.0,87.0
Western Region,70.0,87.0
National,73.0,87.0
Eastern Region,59.0,87.0
North-Eastern Region,45.0,87.0
Northen Region,49.0,87.0
Southern Region,62.0,87.0
Western Region,70.0,87.0
National,73.0,87.0
Eastern Region,59.0,87.0
North-Eastern Region,45.0,87.0
Northen Region,49.0,87.0
Southern Region,62.0,87.0
Western Region,70.0,87.0
National,73.0,87.0
Eastern Region,59.0,87.0
North-Eastern Region,45.0,87.0
Northen Region,49.0,87.0
Southern Region,62.0,87.0
Western Region,70.0,87.0
National,73.0,87.0
Eastern Region,59.0,87.0
North-Eastern Region,45.0,87.0
Northen Region,49.0,87.0
Southern Region,62.0,87.0
Western Region,70.0,87.0
National,73.0,87.0
Eastern Region,59.0,87.0
North-Eastern Region,45.0,87.0
Northen Region,49.0,87.0
Southern Region,62.0,87.0
Western Region,70.0,87.0
National,73.0,88.0
Eastern Region,59.0,88.0
North-Eastern Region,45.0,88.0
Northen Region,49.0,88.0
Southern Region,62.0,88.0
Western Region,70.0,88.0
National,73.0,88.0
Eastern Region,59.0,88.0
North-Eastern Region,45.0,88.0
Northen Region,49.0,88.0
Southern Region,62.0,88.0
Western Region,70.0,88.0
National,73.0,88.0
Eastern Region,59.0,88.0
North-Eastern Region,45.0,88.0
Northen Region,49.0,88.0
Southern Region,62.0,88.0
Western Region,70.0,88.0
National,73.0,88.0
Eastern Region,59.0,88.0
North-Eastern Region,45.0,88.0
Northen Region,49.0,88.0
Southern Region,62.0,88.0
Western Region,70.0,88.0
National,73.0,88.0
Eastern Region,59.0,88.0
North-Eastern Region,45.0,88.0
Northen Region,49.0,88.0
Southern Region,62.0,88.0
Western Region,70.0,88.0
National,73.0,88.0
Eastern Region,59.0,88.0
North-Eastern Region,45.0,88.0
Northen Region,49.0,88.0
Southern Region,62.0,88.0
Western Region,70.0,88.0
National,73.0,88.0
Eastern Region,59.0,88.0
North-Eastern Region,45.0,88.0
Northen Region,49.0,88.0
Southern Region,62.0,88.0
Western Region,70.0,88.0
National,73.0,88.0
Eastern Region,59.0,88.0
North-Eastern Region,45.0,88.0
Northen Region,49.0,88.0
Southern Region,62.0,88.0
Western Region,70.0,88.0
National,73.0,88.0
Eastern Region,59.0,88.0
North-Eastern Region,45.0,88.0
Northen Region,49.0,88.0
Southern Region,62.0,88.0
Western Region,70.0,88.0
National,73.0,88.0
Eastern Region,59.0,88.0
North-Eastern Region,45.0,88.0
Northen Region,49.0,88.0
Southern Region,62.0,88.0
Western Region,70.0,88.0
National,73.0,88.0
Eastern Region,59.0,88.0
North-Eastern Region,45.0,88.0
Northen Region,49.0,88.0
Southern Region,62.0,88.0
Western Region,70.0,88.0
National,73.0,88.0
Eastern Region,59.0,88.0
North-Eastern Region,45.0,88.0
Northen Region,49.0,88.0
Southern Region,62.0,88.0
Western Region,70.0,88.0
National,73.0,88.0
Eastern Region,59.0,88.0
North-Eastern Region,45.0,88.0
Northen Region,49.0,88.0
Southern Region,62.0,88.0
Western Region,70.0,88.0
National,73.0,88.0
Eastern Region,59.0,88.0
North-Eastern Region,45.0,88.0
Northen Region,49.0,88.0
Southern Region,62.0,88.0
Western Region,70.0,88.0
National,73.0,88.0
Eastern Region,59.0,88.0
North-Eastern Region,45.0,88.0
Northen Region,49.0,88.0
Southern Region,62.0,88.0
Western Region,70.0,88.0
National,72.0,88.0
Eastern Region,59.0,88.0
North-Eastern Region,45.0,88.0
Northen Region,49.0,88.0
Southern Region,62.0,88.0
Western Region,70.0,88.0
National,72.0,88.0
Eastern Region,59.0,88.0
North-Eastern Region,45.0,88.0
Northen Region,49.0,88.0
Southern Region,62.0,88.0
Western Region,70.0,88.0
National,72.0,88.0
Eastern Region,59.0,88.0
North-Eastern Region,45.0,88.0
Northen Region,49.0,88.0
Southern Region,62.0,88.0
Western Region,70.0,88.0
National,72.0,88.0
Eastern Region,59.0,88.0
North-Eastern Region,45.0,88.0
Northen Region,49.0,88.0
Southern Region,62.0,88.0
Western Region,70.0,88.0
National,72.0,88.0
Eastern Region,59.0,88.0
North-Eastern Region,45.0,88.0
Northen Region,49.0,88.0
Southern Region,62.0,88.0
Western Region,70.0,88.0
National,72.0,88.0
Eastern Region,59.0,88.0
North-Eastern Region,45.0,88.0
Northen Region,49.0,88.0
Southern Region,62.0,88.0
Western Region,70.0,88.0
National,72.0,88.0
Eastern Region,59.0,88.0
North-Eastern Region,45.0,88.0
Northen Region,49.0,88.0
Southern Region,62.0,88.0
Western Region,70.0,88.0
National,72.0,88.0
Eastern Region,59.0,88.0
North-Eastern Region,45.0,88.0
Northen Region,49.0,88.0
Southern Region,62.0,88.0
Western Region,70.0,88.0
National,72.0,88.0
Eastern Region,59.0,88.0
North-Eastern Region,45.0,88.0
Northen Region,49.0,88.0
Southern Region,62.0,88.0
Western Region,70.0,88.0
National,72.0,88.0
Eastern Region,59.0,88.0
North-Eastern Region,45.0,88.0
Northen Region,49.0,88.0
Southern Region,62.0,88.0
Western Region,70.0,88.0
National,72.0,88.0
Eastern Region,58.0,88.0
North-Eastern Region,45.0,88.0
Northen Region,49.0,88.0
Southern Region,62.0,88.0
Western Region,70.0,88.0
National,72.0,88.0
Eastern Region,58.0,88.0
North-Eastern Region,45.0,88.0
Northen Region,49.0,88.0
Southern Region,62.0,88.0
Western Region,70.0,88.0
National,72.0,88.0
Eastern Region,58.0,88.0
North-Eastern Region,45.0,88.0
Northen Region,49.0,88.0
Southern Region,62.0,88.0
Western Region,70.0,88.0
National,72.0,88.0
Eastern Region,58.0,88.0
North-Eastern Region,45.0,88.0
Northen Region,49.0,88.0
Southern Region,62.0,88.0
Western Region,70.0,88.0
National,72.0,88.0
Eastern Region,58.0,88.0
North-Eastern Region,45.0,88.0
Northen Region,49.0,88.0
Southern Region,62.0,88.0
Western Region,70.0,88.0
National,72.0,88.0
Eastern Region,58.0,88.0
North-Eastern Region,45.0,88.0
Northen Region,49.0,88.0
Southern Region,62.0,88.0
Western Region,70.0,88.0
National,72.0,88.0
Eastern Region,58.0,88.0
North-Eastern Region,45.0,88.0
Northen Region,49.0,88.0
Southern Region,62.0,88.0
Western Region,70.0,88.0
National,72.0,88.0
Eastern Region,58.0,88.0
North-Eastern Region,45.0,88.0
Northen Region,49.0,88.0
Southern Region,62.0,88.0
Western Region,70.0,88.0
National,72.0,88.0
Eastern Region,58.0,88.0
North-Eastern Region,45.0,88.0
Northen Region,49.0,88.0
Southern Region,62.0,88.0
Western Region,70.0,88.0
National,72.0,88.0
Eastern Region,58.0,88.0
North-Eastern Region,45.0,88.0
Northen Region,49.0,88.0
Southern Region,62.0,88.0
Western Region,70.0,88.0
National,72.0,88.0
Eastern Region,58.0,88.0
North-Eastern Region,45.0,88.0
Northen Region,49.0,88.0
Southern Region,62.0,88.0
Western Region,70.0,88.0
National,72.0,88.0
Eastern Region,58.0,88.0
North-Eastern Region,45.0,88.0
Northen Region,49.0,88.0
Southern Region,62.0,88.0
Western Region,70.0,88.0
National,72.0,88.0
Eastern Region,58.0,88.0
North-Eastern Region,45.0,88.0
Northen Region,49.0,88.0
Southern Region,62.0,88.0
Western Region,70.0,88.0
National,72.0,88.0
Eastern Region,58.0,88.0
North-Eastern Region,45.0,88.0
Northen Region,49.0,88.0
Southern Region,62.0,88.0
Western Region,70.0,88.0
National,72.0,88.0
Eastern Region,58.0,88.0
North-Eastern Region,45.0,88.0
Northen Region,48.0,88.0
Southern Region,62.0,88.0
Western Region,70.0,88.0
National,72.0,88.0
Eastern Region,58.0,88.0
North-Eastern Region,45.0,88.0
Northen Region,48.0,88.0
Southern Region,62.0,88.0
Western Region,70.0,88.0
National,72.0,88.0
Eastern Region,58.0,88.0
North-Eastern Region,45.0,88.0
Northen Region,48.0,88.0
Southern Region,62.0,88.0
Western Region,70.0,88.0
National,72.0,88.0
Eastern Region,58.0,88.0
North-Eastern Region,45.0,88.0
Northen Region,48.0,88.0
Southern Region,62.0,88.0
Western Region,70.0,88.0
National,72.0,88.0
Eastern Region,58.0,88.0
North-Eastern Region,45.0,88.0
Northen Region,48.0,88.0
Southern Region,62.0,88.0
Western Region,70.0,88.0
National,72.0,89.0
Eastern Region,58.0,89.0
North-Eastern Region,44.0,89.0
Northen Region,48.0,89.0
Southern Region,62.0,89.0
Western Region,70.0,89.0
National,72.0,89.0
Eastern Region,58.0,89.0
North-Eastern Region,44.0,89.0
Northen Region,48.0,89.0
Southern Region,62.0,89.0
Western Region,70.0,89.0
National,72.0,89.0
Eastern Region,58.0,89.0
North-Eastern Region,44.0,89.0
Northen Region,48.0,89.0
Southern Region,62.0,89.0
Western Region,70.0,89.0
National,72.0,89.0
Eastern Region,58.0,89.0
North-Eastern Region,44.0,89.0
Northen Region,48.0,89.0
Southern Region,62.0,89.0
Western Region,70.0,89.0
National,72.0,89.0
Eastern Region,58.0,89.0
North-Eastern Region,44.0,89.0
Northen Region,48.0,89.0
Southern Region,62.0,89.0
Western Region,70.0,89.0
National,72.0,89.0
Eastern Region,58.0,89.0
North-Eastern Region,44.0,89.0
Northen Region,48.0,89.0
Southern Region,62.0,89.0
Western Region,70.0,89.0
National,72.0,89.0
Eastern Region,58.0,89.0
North-Eastern Region,44.0,89.0
Northen Region,48.0,89.0
Southern Region,62.0,89.0
Western Region,70.0,89.0
National,72.0,89.0
Eastern Region,58.0,89.0
North-Eastern Region,44.0,89.0
Northen Region,48.0,89.0
Southern Region,62.0,89.0
Western Region,70.0,89.0
National,72.0,89.0
Eastern Region,58.0,89.0
North-Eastern Region,44.0,89.0
Northen Region,48.0,89.0
Southern Region,62.0,89.0
Western Region,70.0,89.0
National,72.0,89.0
Eastern Region,58.0,89.0
North-Eastern Region,44.0,89.0
Northen Region,48.0,89.0
Southern Region,62.0,89.0
Western Region,70.0,89.0
National,72.0,89.0
Eastern Region,58.0,89.0
North-Eastern Region,44.0,89.0
Northen Region,48.0,89.0
Southern Region,62.0,89.0
Western Region,70.0,89.0
National,72.0,89.0
Eastern Region,58.0,89.0
North-Eastern Region,44.0,89.0
Northen Region,48.0,89.0
Southern Region,62.0,89.0
Western Region,69.0,89.0
National,72.0,89.0
Eastern Region,58.0,89.0
North-Eastern Region,44.0,89.0
Northen Region,48.0,89.0
Southern Region,62.0,89.0
Western Region,69.0,89.0
National,72.0,89.0
Eastern Region,58.0,89.0
North-Eastern Region,44.0,89.0
Northen Region,48.0,89.0
Southern Region,62.0,89.0
Western Region,69.0,89.0
National,72.0,89.0
Eastern Region,58.0,89.0
North-Eastern Region,44.0,89.0
Northen Region,48.0,89.0
Southern Region,62.0,89.0
Western Region,69.0,89.0
National,72.0,89.0
Eastern Region,58.0,89.0
North-Eastern Region,44.0,89.0
Northen Region,48.0,89.0
Southern Region,61.0,89.0
Western Region,69.0,89.0
National,72.0,89.0
Eastern Region,58.0,89.0
North-Eastern Region,44.0,89.0
Northen Region,48.0,89.0
Southern Region,61.0,89.0
Western Region,69.0,89.0
National,72.0,89.0
Eastern Region,58.0,89.0
North-Eastern Region,44.0,89.0
Northen Region,48.0,89.0
Southern Region,61.0,89.0
Western Region,69.0,89.0
National,72.0,89.0
Eastern Region,58.0,89.0
North-Eastern Region,44.0,89.0
Northen Region,48.0,89.0
Southern Region,61.0,89.0
Western Region,69.0,89.0
National,72.0,89.0
Eastern Region,58.0,89.0
North-Eastern Region,44.0,89.0
Northen Region,48.0,89.0
Southern Region,61.0,89.0
Western Region,69.0,89.0
National,72.0,89.0
Eastern Region,58.0,89.0
North-Eastern Region,44.0,89.0
Northen Region,48.0,89.0
Southern Region,61.0,89.0
Western Region,69.0,89.0
National,72.0,89.0
Eastern Region,58.0,89.0
North-Eastern Region,44.0,89.0
Northen Region,48.0,89.0
Southern Region,61.0,89.0
Western Region,69.0,89.0
National,72.0,89.0
Eastern Region,58.0,89.0
North-Eastern Region,44.0,89.0
Northen Region,48.0,89.0
Southern Region,61.0,89.0
Western Region,69.0,89.0
National,72.0,89.0
Eastern Region,58.0,89.0
North-Eastern Region,44.0,89.0
Northen Region,48.0,89.0
Southern Region,61.0,89.0
Western Region,69.0,89.0
National,72.0,89.0
Eastern Region,58.0,89.0
North-Eastern Region,44.0,89.0
Northen Region,48.0,89.0
Southern Region,61.0,89.0
Western Region,69.0,89.0
National,72.0,89.0
Eastern Region,58.0,89.0
North-Eastern Region,44.0,89.0
Northen Region,48.0,89.0
Southern Region,61.0,89.0
Western Region,69.0,89.0
National,72.0,89.0
Eastern Region,58.0,89.0
North-Eastern Region,44.0,89.0
Northen Region,48.0,89.0
Southern Region,61.0,89.0
Western Region,69.0,89.0
National,72.0,89.0
Eastern Region,58.0,89.0
North-Eastern Region,44.0,89.0
Northen Region,48.0,89.0
Southern Region,61.0,89.0
Western Region,69.0,89.0
National,72.0,89.0
Eastern Region,58.0,89.0
North-Eastern Region,44.0,89.0
Northen Region,48.0,89.0
Southern Region,61.0,89.0
Western Region,69.0,89.0
National,72.0,89.0
Eastern Region,58.0,89.0
North-Eastern Region,44.0,89.0
Northen Region,48.0,89.0
Southern Region,61.0,89.0
Western Region,69.0,89.0
National,72.0,89.0
Eastern Region,58.0,89.0
North-Eastern Region,44.0,89.0
Northen Region,48.0,89.0
Southern Region,61.0,89.0
Western Region,69.0,89.0
National,72.0,89.0
Eastern Region,58.0,89.0
North-Eastern Region,44.0,89.0
Northen Region,48.0,89.0
Southern Region,61.0,89.0
Western Region,69.0,89.0
National,72.0,89.0
Eastern Region,58.0,89.0
North-Eastern Region,44.0,89.0
Northen Region,48.0,89.0
Southern Region,61.0,89.0
Western Region,69.0,89.0
National,72.0,89.0
Eastern Region,58.0,89.0
North-Eastern Region,44.0,89.0
Northen Region,48.0,89.0
Southern Region,61.0,89.0
Western Region,69.0,89.0
National,72.0,89.0
Eastern Region,58.0,89.0
North-Eastern Region,44.0,89.0
Northen Region,48.0,89.0
Southern Region,61.0,89.0
Western Region,69.0,89.0
National,71.0,89.0
Eastern Region,58.0,89.0
North-Eastern Region,44.0,89.0
Northen Region,48.0,89.0
Southern Region,61.0,89.0
Western Region,69.0,89.0
National,71.0,89.0
Eastern Region,58.0,89.0
North-Eastern Region,44.0,89.0
Northen Region,48.0,89.0
Southern Region,61.0,89.0
Western Region,69.0,89.0
National,71.0,89.0
Eastern Region,58.0,89.0
North-Eastern Region,44.0,89.0
Northen Region,48.0,89.0
Southern Region,61.0,89.0
Western Region,69.0,89.0
National,71.0,89.0
Eastern Region,58.0,89.0
North-Eastern Region,44.0,89.0
Northen Region,48.0,89.0
Southern Region,61.0,89.0
Western Region,69.0,89.0
National,71.0,89.0
Eastern Region,58.0,89.0
North-Eastern Region,44.0,89.0
Northen Region,48.0,89.0
Southern Region,61.0,89.0
Western Region,69.0,89.0
National,71.0,89.0
Eastern Region,58.0,89.0
North-Eastern Region,44.0,89.0
Northen Region,48.0,89.0
Southern Region,61.0,89.0
Western Region,69.0,89.0
National,71.0,89.0
Eastern Region,58.0,89.0
North-Eastern Region,44.0,89.0
Northen Region,48.0,89.0
Southern Region,61.0,89.0
Western Region,69.0,89.0
National,71.0,89.0
Eastern Region,58.0,89.0
North-Eastern Region,44.0,89.0
Northen Region,48.0,89.0
Southern Region,61.0,89.0
Western Region,69.0,89.0
National,71.0,90.0
Eastern Region,58.0,90.0
North-Eastern Region,44.0,90.0
Northen Region,48.0,90.0
Southern Region,61.0,90.0
Western Region,69.0,90.0
National,71.0,90.0
Eastern Region,58.0,90.0
North-Eastern Region,44.0,90.0
Northen Region,48.0,90.0
Southern Region,61.0,90.0
Western Region,69.0,90.0
National,71.0,90.0
Eastern Region,58.0,90.0
North-Eastern Region,44.0,90.0
Northen Region,48.0,90.0
Southern Region,61.0,90.0
Western Region,69.0,90.0
National,71.0,90.0
Eastern Region,58.0,90.0
North-Eastern Region,44.0,90.0
Northen Region,48.0,90.0
Southern Region,61.0,90.0
Western Region,69.0,90.0
National,71.0,90.0
Eastern Region,58.0,90.0
North-Eastern Region,44.0,90.0
Northen Region,48.0,90.0
Southern Region,61.0,90.0
Western Region,69.0,90.0
National,71.0,90.0
Eastern Region,58.0,90.0
North-Eastern Region,44.0,90.0
Northen Region,48.0,90.0
Southern Region,61.0,90.0
Western Region,69.0,90.0
National,71.0,90.0
Eastern Region,58.0,90.0
North-Eastern Region,44.0,90.0
Northen Region,48.0,90.0
Southern Region,61.0,90.0
Western Region,69.0,90.0
National,71.0,90.0
Eastern Region,57.0,90.0
North-Eastern Region,44.0,90.0
Northen Region,48.0,90.0
Southern Region,61.0,90.0
Western Region,69.0,90.0
National,71.0,90.0
Eastern Region,57.0,90.0
North-Eastern Region,44.0,90.0
Northen Region,48.0,90.0
Southern Region,61.0,90.0
Western Region,69.0,90.0
National,71.0,90.0
Eastern Region,57.0,90.0
North-Eastern Region,44.0,90.0
Northen Region,48.0,90.0
Southern Region,61.0,90.0
Western Region,69.0,90.0
National,71.0,90.0
Eastern Region,57.0,90.0
North-Eastern Region,44.0,90.0
Northen Region,48.0,90.0
Southern Region,61.0,90.0
Western Region,69.0,90.0
National,71.0,90.0
Eastern Region,57.0,90.0
North-Eastern Region,44.0,90.0
Northen Region,48.0,90.0
Southern Region,61.0,90.0
Western Region,69.0,90.0
National,71.0,90.0
Eastern Region,57.0,90.0
North-Eastern Region,44.0,90.0
Northen Region,48.0,90.0
Southern Region,61.0,90.0
Western Region,69.0,90.0
National,71.0,90.0
Eastern Region,57.0,90.0
North-Eastern Region,44.0,90.0
Northen Region,48.0,90.0
Southern Region,61.0,90.0
Western Region,69.0,90.0
National,71.0,90.0
Eastern Region,57.0,90.0
North-Eastern Region,44.0,90.0
Northen Region,48.0,90.0
Southern Region,61.0,90.0
Western Region,69.0,90.0
National,71.0,90.0
Eastern Region,57.0,90.0
North-Eastern Region,44.0,90.0
Northen Region,48.0,90.0
Southern Region,61.0,90.0
Western Region,69.0,90.0
National,71.0,90.0
Eastern Region,57.0,90.0
North-Eastern Region,44.0,90.0
Northen Region,48.0,90.0
Southern Region,61.0,90.0
Western Region,69.0,90.0
National,71.0,90.0
Eastern Region,57.0,90.0
North-Eastern Region,44.0,90.0
Northen Region,48.0,90.0
Southern Region,61.0,90.0
Western Region,69.0,90.0
National,71.0,90.0
Eastern Region,57.0,90.0
North-Eastern Region,44.0,90.0
Northen Region,48.0,90.0
Southern Region,61.0,90.0
Western Region,69.0,90.0
National,71.0,90.0
Eastern Region,57.0,90.0
North-Eastern Region,44.0,90.0
Northen Region,48.0,90.0
Southern Region,61.0,90.0
Western Region,69.0,90.0
National,71.0,90.0
Eastern Region,57.0,90.0
North-Eastern Region,44.0,90.0
Northen Region,48.0,90.0
Southern Region,61.0,90.0
Western Region,69.0,90.0
National,71.0,90.0
Eastern Region,57.0,90.0
North-Eastern Region,44.0,90.0
Northen Region,48.0,90.0
Southern Region,61.0,90.0
Western Region,69.0,90.0
National,71.0,90.0
Eastern Region,57.0,90.0
North-Eastern Region,44.0,90.0
Northen Region,48.0,90.0
Southern Region,61.0,90.0
Western Region,69.0,90.0
National,71.0,90.0
Eastern Region,57.0,90.0
North-Eastern Region,44.0,90.0
Northen Region,48.0,90.0
Southern Region,61.0,90.0
Western Region,69.0,90.0
National,71.0,90.0
Eastern Region,57.0,90.0
North-Eastern Region,43.0,90.0
Northen Region,48.0,90.0
Southern Region,61.0,90.0
Western Region,69.0,90.0
National,71.0,90.0
Eastern Region,57.0,90.0
North-Eastern Region,43.0,90.0
Northen Region,48.0,90.0
Southern Region,61.0,90.0
Western Region,69.0,90.0
National,71.0,90.0
Eastern Region,57.0,90.0
North-Eastern Region,43.0,90.0
Northen Region,48.0,90.0
Southern Region,61.0,90.0
Western Region,69.0,90.0
National,71.0,90.0
Eastern Region,57.0,90.0
North-Eastern Region,43.0,90.0
Northen Region,48.0,90.0
Southern Region,61.0,90.0
Western Region,69.0,90.0
National,71.0,90.0
Eastern Region,57.0,90.0
North-Eastern Region,43.0,90.0
Northen Region,48.0,90.0
Southern Region,61.0,90.0
Western Region,69.0,90.0
National,71.0,90.0
Eastern Region,57.0,90.0
North-Eastern Region,43.0,90.0
Northen Region,48.0,90.0
Southern Region,61.0,90.0
Western Region,69.0,90.0
National,71.0,90.0
Eastern Region,57.0,90.0
North-Eastern Region,43.0,90.0
Northen Region,48.0,90.0
Southern Region,61.0,90.0
Western Region,69.0,90.0
National,71.0,90.0
Eastern Region,57.0,90.0
North-Eastern Region,43.0,90.0
Northen Region,48.0,90.0
Southern Region,61.0,90.0
Western Region,69.0,90.0
National,71.0,90.0
Eastern Region,57.0,90.0
North-Eastern Region,43.0,90.0
Northen Region,47.0,90.0
Southern Region,61.0,90.0
Western Region,69.0,90.0
National,71.0,90.0
Eastern Region,57.0,90.0
North-Eastern Region,43.0,90.0
Northen Region,47.0,90.0
Southern Region,61.0,90.0
Western Region,69.0,90.0
National,71.0,90.0
Eastern Region,57.0,90.0
North-Eastern Region,43.0,90.0
Northen Region,47.0,90.0
Southern Region,61.0,90.0
Western Region,69.0,90.0
National,71.0,90.0
Eastern Region,57.0,90.0
North-Eastern Region,43.0,90.0
Northen Region,47.0,90.0
Southern Region,61.0,90.0
Western Region,69.0,90.0
National,71.0,90.0
Eastern Region,57.0,90.0
North-Eastern Region,43.0,90.0
Northen Region,47.0,90.0
Southern Region,61.0,90.0
Western Region,69.0,90.0
National,71.0,90.0
Eastern Region,57.0,90.0
North-Eastern Region,43.0,90.0
Northen Region,47.0,90.0
Southern Region,61.0,90.0
Western Region,69.0,90.0
National,71.0,90.0
Eastern Region,57.0,90.0
North-Eastern Region,43.0,90.0
Northen Region,47.0,90.0
Southern Region,61.0,90.0
Western Region,69.0,90.0
National,71.0,90.0
Eastern Region,57.0,90.0
North-Eastern Region,43.0,90.0
Northen Region,47.0,90.0
Southern Region,61.0,90.0
Western Region,69.0,90.0
National,71.0,90.0
Eastern Region,57.0,90.0
North-Eastern Region,43.0,90.0
Northen Region,47.0,90.0
Southern Region,61.0,90.0
Western Region,69.0,90.0
National,71.0,90.0
Eastern Region,57.0,90.0
North-Eastern Region,43.0,90.0
Northen Region,47.0,90.0
Southern Region,61.0,90.0
Western Region,69.0,90.0
National,71.0,90.0
Eastern Region,57.0,90.0
North-Eastern Region,43.0,90.0
Northen Region,47.0,90.0
Southern Region,61.0,90.0
Western Region,69.0,90.0
National,71.0,90.0
Eastern Region,57.0,90.0
North-Eastern Region,43.0,90.0
Northen Region,47.0,90.0
Southern Region,61.0,90.0
Western Region,69.0,90.0
National,71.0,91.0
Eastern Region,57.0,91.0
North-Eastern Region,43.0,91.0
Northen Region,47.0,91.0
Southern Region,61.0,91.0
Western Region,69.0,91.0
National,71.0,91.0
Eastern Region,57.0,91.0
North-Eastern Region,43.0,91.0
Northen Region,47.0,91.0
Southern Region,61.0,91.0
Western Region,69.0,91.0
National,71.0,91.0
Eastern Region,57.0,91.0
North-Eastern Region,43.0,91.0
Northen Region,47.0,91.0
Southern Region,61.0,91.0
Western Region,69.0,91.0
National,71.0,91.0
Eastern Region,57.0,91.0
North-Eastern Region,43.0,91.0
Northen Region,47.0,91.0
Southern Region,60.0,91.0
Western Region,69.0,91.0
National,71.0,91.0
Eastern Region,57.0,91.0
North-Eastern Region,43.0,91.0
Northen Region,47.0,91.0
Southern Region,60.0,91.0
Western Region,69.0,91.0
National,71.0,91.0
Eastern Region,57.0,91.0
North-Eastern Region,43.0,91.0
Northen Region,47.0,91.0
Southern Region,60.0,91.0
Western Region,69.0,91.0
National,71.0,91.0
Eastern Region,57.0,91.0
North-Eastern Region,43.0,91.0
Northen Region,47.0,91.0
Southern Region,60.0,91.0
Western Region,69.0,91.0
National,71.0,91.0
Eastern Region,57.0,91.0
North-Eastern Region,43.0,91.0
Northen Region,47.0,91.0
Southern Region,60.0,91.0
Western Region,69.0,91.0
National,70.0,91.0
Eastern Region,57.0,91.0
North-Eastern Region,43.0,91.0
Northen Region,47.0,91.0
Southern Region,60.0,91.0
Western Region,69.0,91.0
National,70.0,91.0
Eastern Region,57.0,91.0
North-Eastern Region,43.0,91.0
Northen Region,47.0,91.0
Southern Region,60.0,91.0
Western Region,69.0,91.0
National,70.0,91.0
Eastern Region,57.0,91.0
North-Eastern Region,43.0,91.0
Northen Region,47.0,91.0
Southern Region,60.0,91.0
Western Region,69.0,91.0
National,70.0,91.0
Eastern Region,57.0,91.0
North-Eastern Region,43.0,91.0
Northen Region,47.0,91.0
Southern Region,60.0,91.0
Western Region,69.0,91.0
National,70.0,91.0
Eastern Region,57.0,91.0
North-Eastern Region,43.0,91.0
Northen Region,47.0,91.0
Southern Region,60.0,91.0
Western Region,69.0,91.0
National,70.0,91.0
Eastern Region,57.0,91.0
North-Eastern Region,43.0,91.0
Northen Region,47.0,91.0
Southern Region,60.0,91.0
Western Region,69.0,91.0
National,70.0,91.0
Eastern Region,57.0,91.0
North-Eastern Region,43.0,91.0
Northen Region,47.0,91.0
Southern Region,60.0,91.0
Western Region,69.0,91.0
National,70.0,91.0
Eastern Region,57.0,91.0
North-Eastern Region,43.0,91.0
Northen Region,47.0,91.0
Southern Region,60.0,91.0
Western Region,69.0,91.0
National,70.0,91.0
Eastern Region,57.0,91.0
North-Eastern Region,43.0,91.0
Northen Region,47.0,91.0
Southern Region,60.0,91.0
Western Region,69.0,91.0
National,70.0,91.0
Eastern Region,57.0,91.0
North-Eastern Region,43.0,91.0
Northen Region,47.0,91.0
Southern Region,60.0,91.0
Western Region,69.0,91.0
National,70.0,91.0
Eastern Region,57.0,91.0
North-Eastern Region,43.0,91.0
Northen Region,47.0,91.0
Southern Region,60.0,91.0
Western Region,69.0,91.0
National,70.0,91.0
Eastern Region,57.0,91.0
North-Eastern Region,43.0,91.0
Northen Region,47.0,91.0
Southern Region,60.0,91.0
Western Region,69.0,91.0
National,70.0,91.0
Eastern Region,57.0,91.0
North-Eastern Region,43.0,91.0
Northen Region,47.0,91.0
Southern Region,60.0,91.0
Western Region,69.0,91.0
National,70.0,91.0
Eastern Region,57.0,91.0
North-Eastern Region,43.0,91.0
Northen Region,47.0,91.0
Southern Region,60.0,91.0
Western Region,69.0,91.0
National,70.0,91.0
Eastern Region,57.0,91.0
North-Eastern Region,43.0,91.0
Northen Region,47.0,91.0
Southern Region,60.0,91.0
Western Region,69.0,91.0
National,70.0,91.0
Eastern Region,57.0,91.0
North-Eastern Region,43.0,91.0
Northen Region,47.0,91.0
Southern Region,60.0,91.0
Western Region,69.0,91.0
National,70.0,91.0
Eastern Region,57.0,91.0
North-Eastern Region,43.0,91.0
Northen Region,47.0,91.0
Southern Region,60.0,91.0
Western Region,69.0,91.0
National,70.0,91.0
Eastern Region,57.0,91.0
North-Eastern Region,43.0,91.0
Northen Region,47.0,91.0
Southern Region,60.0,91.0
Western Region,69.0,91.0
National,70.0,91.0
Eastern Region,57.0,91.0
North-Eastern Region,43.0,91.0
Northen Region,47.0,91.0
Southern Region,60.0,91.0
Western Region,69.0,91.0
National,70.0,91.0
Eastern Region,57.0,91.0
North-Eastern Region,43.0,91.0
Northen Region,47.0,91.0
Southern Region,60.0,91.0
Western Region,69.0,91.0
National,70.0,91.0
Eastern Region,57.0,91.0
North-Eastern Region,43.0,91.0
Northen Region,47.0,91.0
Southern Region,60.0,91.0
Western Region,69.0,91.0
National,70.0,91.0
Eastern Region,57.0,91.0
North-Eastern Region,43.0,91.0
Northen Region,47.0,91.0
Southern Region,60.0,91.0
Western Region,69.0,91.0
National,70.0,91.0
Eastern Region,57.0,91.0
North-Eastern Region,43.0,91.0
Northen Region,47.0,91.0
Southern Region,60.0,91.0
Western Region,69.0,91.0
National,70.0,91.0
Eastern Region,57.0,91.0
North-Eastern Region,43.0,91.0
Northen Region,47.0,91.0
Southern Region,60.0,91.0
Western Region,69.0,91.0
National,70.0,91.0
Eastern Region,57.0,91.0
North-Eastern Region,43.0,91.0
Northen Region,47.0,91.0
Southern Region,60.0,91.0
Western Region,69.0,91.0
National,70.0,91.0
Eastern Region,57.0,91.0
North-Eastern Region,43.0,91.0
Northen Region,47.0,91.0
Southern Region,60.0,91.0
Western Region,69.0,91.0
National,70.0,91.0
Eastern Region,56.0,91.0
North-Eastern Region,43.0,91.0
Northen Region,47.0,91.0
Southern Region,60.0,91.0
Western Region,69.0,91.0
National,70.0,91.0
Eastern Region,56.0,91.0
North-Eastern Region,43.0,91.0
Northen Region,47.0,91.0
Southern Region,60.0,91.0
Western Region,69.0,91.0
National,70.0,91.0
Eastern Region,56.0,91.0
North-Eastern Region,43.0,91.0
Northen Region,47.0,91.0
Southern Region,60.0,91.0
Western Region,69.0,91.0
National,70.0,91.0
Eastern Region,56.0,91.0
North-Eastern Region,43.0,91.0
Northen Region,47.0,91.0
Southern Region,60.0,91.0
Western Region,69.0,91.0
National,70.0,91.0
Eastern Region,56.0,91.0
North-Eastern Region,43.0,91.0
Northen Region,47.0,91.0
Southern Region,60.0,91.0
Western Region,69.0,91.0
National,70.0,91.0
Eastern Region,56.0,91.0
North-Eastern Region,43.0,91.0
Northen Region,47.0,91.0
Southern Region,60.0,91.0
Western Region,69.0,91.0
National,70.0,91.0
Eastern Region,56.0,91.0
North-Eastern Region,43.0,91.0
Northen Region,47.0,91.0
Southern Region,60.0,91.0
Western Region,69.0,91.0
National,70.0,91.0
Eastern Region,56.0,91.0
North-Eastern Region,43.0,91.0
Northen Region,47.0,91.0
Southern Region,60.0,91.0
Western Region,68.0,91.0
National,70.0,91.0
Eastern Region,56.0,91.0
North-Eastern Region,43.0,91.0
Northen Region,47.0,91.0
Southern Region,60.0,91.0
Western Region,68.0,91.0
National,70.0,92.0
Eastern Region,56.0,92.0
North-Eastern Region,43.0,92.0
Northen Region,47.0,92.0
Southern Region,60.0,92.0
Western Region,68.0,92.0
National,70.0,92.0
Eastern Region,56.0,92.0
North-Eastern Region,43.0,92.0
Northen Region,46.0,92.0
Southern Region,60.0,92.0
Western Region,68.0,92.0
National,70.0,92.0
Eastern Region,56.0,92.0
North-Eastern Region,43.0,92.0
Northen Region,46.0,92.0
Southern Region,60.0,92.0
Western Region,68.0,92.0
National,70.0,92.0
Eastern Region,56.0,92.0
North-Eastern Region,43.0,92.0
Northen Region,46.0,92.0
Southern Region,60.0,92.0
Western Region,68.0,92.0
National,70.0,92.0
Eastern Region,56.0,92.0
North-Eastern Region,43.0,92.0
Northen Region,46.0,92.0
Southern Region,60.0,92.0
Western Region,68.0,92.0
National,70.0,92.0
Eastern Region,56.0,92.0
North-Eastern Region,43.0,92.0
Northen Region,46.0,92.0
Southern Region,60.0,92.0
Western Region,68.0,92.0
National,70.0,92.0
Eastern Region,56.0,92.0
North-Eastern Region,43.0,92.0
Northen Region,46.0,92.0
Southern Region,60.0,92.0
Western Region,68.0,92.0
National,70.0,92.0
Eastern Region,56.0,92.0
North-Eastern Region,43.0,92.0
Northen Region,46.0,92.0
Southern Region,60.0,92.0
Western Region,68.0,92.0
National,70.0,92.0
Eastern Region,56.0,92.0
North-Eastern Region,42.0,92.0
Northen Region,46.0,92.0
Southern Region,60.0,92.0
Western Region,68.0,92.0
National,70.0,92.0
Eastern Region,56.0,92.0
North-Eastern Region,42.0,92.0
Northen Region,46.0,92.0
Southern Region,60.0,92.0
Western Region,68.0,92.0
National,70.0,92.0
Eastern Region,56.0,92.0
North-Eastern Region,42.0,92.0
Northen Region,46.0,92.0
Southern Region,60.0,92.0
Western Region,68.0,92.0
National,70.0,92.0
Eastern Region,56.0,92.0
North-Eastern Region,42.0,92.0
Northen Region,46.0,92.0
Southern Region,60.0,92.0
Western Region,68.0,92.0
National,70.0,92.0
Eastern Region,56.0,92.0
North-Eastern Region,42.0,92.0
Northen Region,46.0,92.0
Southern Region,60.0,92.0
Western Region,68.0,92.0
National,70.0,92.0
Eastern Region,56.0,92.0
North-Eastern Region,42.0,92.0
Northen Region,46.0,92.0
Southern Region,60.0,92.0
Western Region,68.0,92.0
National,70.0,92.0
Eastern Region,56.0,92.0
North-Eastern Region,42.0,92.0
Northen Region,46.0,92.0
Southern Region,60.0,92.0
Western Region,68.0,92.0
National,70.0,92.0
Eastern Region,56.0,92.0
North-Eastern Region,42.0,92.0
Northen Region,46.0,92.0
Southern Region,60.0,92.0
Western Region,68.0,92.0
National,69.0,92.0
Eastern Region,56.0,92.0
North-Eastern Region,42.0,92.0
Northen Region,46.0,92.0
Southern Region,60.0,92.0
Western Region,68.0,92.0
National,69.0,92.0
Eastern Region,56.0,92.0
North-Eastern Region,42.0,92.0
Northen Region,46.0,92.0
Southern Region,60.0,92.0
Western Region,68.0,92.0
National,69.0,92.0
Eastern Region,56.0,92.0
North-Eastern Region,42.0,92.0
Northen Region,46.0,92.0
Southern Region,60.0,92.0
Western Region,68.0,92.0
National,69.0,92.0
Eastern Region,56.0,92.0
North-Eastern Region,42.0,92.0
Northen Region,46.0,92.0
Southern Region,60.0,92.0
Western Region,68.0,92.0
National,69.0,92.0
Eastern Region,56.0,92.0
North-Eastern Region,42.0,92.0
Northen Region,46.0,92.0
Southern Region,60.0,92.0
Western Region,68.0,92.0
National,69.0,92.0
Eastern Region,56.0,92.0
North-Eastern Region,42.0,92.0
Northen Region,46.0,92.0
Southern Region,60.0,92.0
Western Region,68.0,92.0
National,69.0,92.0
Eastern Region,56.0,92.0
North-Eastern Region,42.0,92.0
Northen Region,46.0,92.0
Southern Region,60.0,92.0
Western Region,68.0,92.0
National,69.0,92.0
Eastern Region,56.0,92.0
North-Eastern Region,42.0,92.0
Northen Region,46.0,92.0
Southern Region,60.0,92.0
Western Region,68.0,92.0
National,69.0,92.0
Eastern Region,56.0,92.0
North-Eastern Region,42.0,92.0
Northen Region,46.0,92.0
Southern Region,60.0,92.0
Western Region,68.0,92.0
National,69.0,92.0
Eastern Region,56.0,92.0
North-Eastern Region,42.0,92.0
Northen Region,46.0,92.0
Southern Region,60.0,92.0
Western Region,68.0,92.0
National,69.0,92.0
Eastern Region,56.0,92.0
North-Eastern Region,42.0,92.0
Northen Region,46.0,92.0
Southern Region,60.0,92.0
Western Region,68.0,92.0
National,69.0,92.0
Eastern Region,56.0,92.0
North-Eastern Region,42.0,92.0
Northen Region,46.0,92.0
Southern Region,60.0,92.0
Western Region,68.0,92.0
National,69.0,92.0
Eastern Region,56.0,92.0
North-Eastern Region,42.0,92.0
Northen Region,46.0,92.0
Southern Region,60.0,92.0
Western Region,68.0,92.0
National,69.0,92.0
Eastern Region,56.0,92.0
North-Eastern Region,42.0,92.0
Northen Region,46.0,92.0
Southern Region,60.0,92.0
Western Region,68.0,92.0
National,69.0,92.0
Eastern Region,56.0,92.0
North-Eastern Region,42.0,92.0
Northen Region,46.0,92.0
Southern Region,60.0,92.0
Western Region,68.0,92.0
National,69.0,92.0
Eastern Region,56.0,92.0
North-Eastern Region,42.0,92.0
Northen Region,46.0,92.0
Southern Region,60.0,92.0
Western Region,68.0,92.0
National,69.0,92.0
Eastern Region,56.0,92.0
North-Eastern Region,42.0,92.0
Northen Region,46.0,92.0
Southern Region,60.0,92.0
Western Region,68.0,92.0
National,69.0,92.0
Eastern Region,56.0,92.0
North-Eastern Region,42.0,92.0
Northen Region,46.0,92.0
Southern Region,60.0,92.0
Western Region,68.0,92.0
National,69.0,92.0
Eastern Region,56.0,92.0
North-Eastern Region,42.0,92.0
Northen Region,46.0,92.0
Southern Region,59.0,92.0
Western Region,68.0,92.0
National,69.0,92.0
Eastern Region,56.0,92.0
North-Eastern Region,42.0,92.0
Northen Region,46.0,92.0
Southern Region,59.0,92.0
Western Region,68.0,92.0
National,69.0,92.0
Eastern Region,56.0,92.0
North-Eastern Region,42.0,92.0
Northen Region,46.0,92.0
Southern Region,59.0,92.0
Western Region,68.0,92.0
National,69.0,92.0
Eastern Region,56.0,92.0
North-Eastern Region,42.0,92.0
Northen Region,46.0,92.0
Southern Region,59.0,92.0
Western Region,68.0,92.0
National,69.0,92.0
Eastern Region,56.0,92.0
North-Eastern Region,42.0,92.0
Northen Region,46.0,92.0
Southern Region,59.0,92.0
Western Region,68.0,92.0
National,69.0,92.0
Eastern Region,56.0,92.0
North-Eastern Region,42.0,92.0
Northen Region,46.0,92.0
Southern Region,59.0,92.0
Western Region,68.0,92.0
National,69.0,92.0
Eastern Region,56.0,92.0
North-Eastern Region,42.0,92.0
Northen Region,46.0,92.0
Southern Region,59.0,92.0
Western Region,68.0,92.0
National,69.0,92.0
Eastern Region,56.0,92.0
North-Eastern Region,42.0,92.0
Northen Region,46.0,92.0
Southern Region,59.0,92.0
Western Region,68.0,92.0
National,69.0,92.0
Eastern Region,56.0,92.0
North-Eastern Region,42.0,92.0
Northen Region,46.0,92.0
Southern Region,59.0,92.0
Western Region,68.0,92.0
National,69.0,92.0
Eastern Region,56.0,92.0
North-Eastern Region,42.0,92.0
Northen Region,46.0,92.0
Southern Region,59.0,92.0
Western Region,68.0,92.0
National,69.0,93.0
Eastern Region,56.0,93.0
North-Eastern Region,42.0,93.0
Northen Region,46.0,93.0
Southern Region,59.0,93.0
Western Region,68.0,93.0
National,69.0,93.0
Eastern Region,56.0,93.0
North-Eastern Region,42.0,93.0
Northen Region,46.0,93.0
Southern Region,59.0,93.0
Western Region,68.0,93.0
National,69.0,93.0
Eastern Region,56.0,93.0
North-Eastern Region,42.0,93.0
Northen Region,46.0,93.0
Southern Region,59.0,93.0
Western Region,68.0,93.0
National,69.0,93.0
Eastern Region,56.0,93.0
North-Eastern Region,42.0,93.0
Northen Region,46.0,93.0
Southern Region,59.0,93.0
Western Region,68.0,93.0
National,69.0,93.0
Eastern Region,56.0,93.0
North-Eastern Region,42.0,93.0
Northen Region,46.0,93.0
Southern Region,59.0,93.0
Western Region,68.0,93.0
National,69.0,93.0
Eastern Region,56.0,93.0
North-Eastern Region,42.0,93.0
Northen Region,46.0,93.0
Southern Region,59.0,93.0
Western Region,68.0,93.0
National,69.0,93.0
Eastern Region,56.0,93.0
North-Eastern Region,42.0,93.0
Northen Region,46.0,93.0
Southern Region,59.0,93.0
Western Region,68.0,93.0
National,69.0,93.0
Eastern Region,56.0,93.0
North-Eastern Region,42.0,93.0
Northen Region,46.0,93.0
Southern Region,59.0,93.0
Western Region,68.0,93.0
National,69.0,93.0
Eastern Region,56.0,93.0
North-Eastern Region,42.0,93.0
Northen Region,46.0,93.0
Southern Region,59.0,93.0
Western Region,68.0,93.0
National,69.0,93.0
Eastern Region,56.0,93.0
North-Eastern Region,42.0,93.0
Northen Region,46.0,93.0
Southern Region,59.0,93.0
Western Region,68.0,93.0
National,69.0,93.0
Eastern Region,56.0,93.0
North-Eastern Region,42.0,93.0
Northen Region,46.0,93.0
Southern Region,59.0,93.0
Western Region,68.0,93.0
National,69.0,93.0
Eastern Region,56.0,93.0
North-Eastern Region,42.0,93.0
Northen Region,46.0,93.0
Southern Region,59.0,93.0
Western Region,68.0,93.0
National,69.0,93.0
Eastern Region,56.0,93.0
North-Eastern Region,42.0,93.0
Northen Region,46.0,93.0
Southern Region,59.0,93.0
Western Region,68.0,93.0
National,69.0,93.0
Eastern Region,56.0,93.0
North-Eastern Region,42.0,93.0
Northen Region,46.0,93.0
Southern Region,59.0,93.0
Western Region,68.0,93.0
National,69.0,93.0
Eastern Region,56.0,93.0
North-Eastern Region,42.0,93.0
Northen Region,46.0,93.0
Southern Region,59.0,93.0
Western Region,68.0,93.0
National,69.0,93.0
Eastern Region,56.0,93.0
North-Eastern Region,42.0,93.0
Northen Region,46.0,93.0
Southern Region,59.0,93.0
Western Region,68.0,93.0
National,69.0,93.0
Eastern Region,56.0,93.0
North-Eastern Region,42.0,93.0
Northen Region,46.0,93.0
Southern Region,59.0,93.0
Western Region,68.0,93.0
National,69.0,93.0
Eastern Region,56.0,93.0
North-Eastern Region,42.0,93.0
Northen Region,46.0,93.0
Southern Region,59.0,93.0
Western Region,68.0,93.0
National,69.0,93.0
Eastern Region,56.0,93.0
North-Eastern Region,42.0,93.0
Northen Region,46.0,93.0
Southern Region,59.0,93.0
Western Region,68.0,93.0
National,69.0,93.0
Eastern Region,56.0,93.0
North-Eastern Region,42.0,93.0
Northen Region,46.0,93.0
Southern Region,59.0,93.0
Western Region,68.0,93.0
National,69.0,93.0
Eastern Region,56.0,93.0
North-Eastern Region,42.0,93.0
Northen Region,46.0,93.0
Southern Region,59.0,93.0
Western Region,68.0,93.0
National,68.0,93.0
Eastern Region,56.0,93.0
North-Eastern Region,42.0,93.0
Northen Region,45.0,93.0
Southern Region,59.0,93.0
Western Region,68.0,93.0
National,68.0,93.0
Eastern Region,56.0,93.0
North-Eastern Region,42.0,93.0
Northen Region,45.0,93.0
Southern Region,59.0,93.0
Western Region,68.0,93.0
National,68.0,93.0
Eastern Region,56.0,93.0
North-Eastern Region,42.0,93.0
Northen Region,45.0,93.0
Southern Region,59.0,93.0
Western Region,68.0,93.0
National,68.0,93.0
Eastern Region,56.0,93.0
North-Eastern Region,42.0,93.0
Northen Region,45.0,93.0
Southern Region,59.0,93.0
Western Region,68.0,93.0
National,68.0,93.0
Eastern Region,56.0,93.0
North-Eastern Region,41.0,93.0
Northen Region,45.0,93.0
Southern Region,59.0,93.0
Western Region,68.0,93.0
National,68.0,93.0
Eastern Region,56.0,93.0
North-Eastern Region,41.0,93.0
Northen Region,45.0,93.0
Southern Region,59.0,93.0
Western Region,68.0,93.0
National,68.0,93.0
Eastern Region,56.0,93.0
North-Eastern Region,41.0,93.0
Northen Region,45.0,93.0
Southern Region,59.0,93.0
Western Region,68.0,93.0
National,68.0,93.0
Eastern Region,56.0,93.0
North-Eastern Region,41.0,93.0
Northen Region,45.0,93.0
Southern Region,59.0,93.0
Western Region,68.0,93.0
National,68.0,93.0
Eastern Region,56.0,93.0
North-Eastern Region,41.0,93.0
Northen Region,45.0,93.0
Southern Region,59.0,93.0
Western Region,68.0,93.0
National,68.0,93.0
Eastern Region,56.0,93.0
North-Eastern Region,41.0,93.0
Northen Region,45.0,93.0
Southern Region,59.0,93.0
Western Region,68.0,93.0
National,68.0,93.0
Eastern Region,55.0,93.0
North-Eastern Region,41.0,93.0
Northen Region,45.0,93.0
Southern Region,59.0,93.0
Western Region,68.0,93.0
National,68.0,93.0
Eastern Region,55.0,93.0
North-Eastern Region,41.0,93.0
Northen Region,45.0,93.0
Southern Region,59.0,93.0
Western Region,68.0,93.0
National,68.0,93.0
Eastern Region,55.0,93.0
North-Eastern Region,41.0,93.0
Northen Region,45.0,93.0
Southern Region,59.0,93.0
Western Region,68.0,93.0
National,68.0,93.0
Eastern Region,55.0,93.0
North-Eastern Region,41.0,93.0
Northen Region,45.0,93.0
Southern Region,59.0,93.0
Western Region,68.0,93.0
National,68.0,93.0
Eastern Region,55.0,93.0
North-Eastern Region,41.0,93.0
Northen Region,45.0,93.0
Southern Region,59.0,93.0
Western Region,68.0,93.0
National,68.0,93.0
Eastern Region,55.0,93.0
North-Eastern Region,41.0,93.0
Northen Region,45.0,93.0
Southern Region,59.0,93.0
Western Region,68.0,93.0
National,68.0,93.0
Eastern Region,55.0,93.0
North-Eastern Region,41.0,93.0
Northen Region,45.0,93.0
Southern Region,59.0,93.0
Western Region,68.0,93.0
National,68.0,93.0
Eastern Region,55.0,93.0
North-Eastern Region,41.0,93.0
Northen Region,45.0,93.0
Southern Region,59.0,93.0
Western Region,68.0,93.0
National,68.0,93.0
Eastern Region,55.0,93.0
North-Eastern Region,41.0,93.0
Northen Region,45.0,93.0
Southern Region,59.0,93.0
Western Region,68.0,93.0
National,68.0,93.0
Eastern Region,55.0,93.0
North-Eastern Region,41.0,93.0
Northen Region,45.0,93.0
Southern Region,59.0,93.0
Western Region,68.0,93.0
National,68.0,93.0
Eastern Region,55.0,93.0
North-Eastern Region,41.0,93.0
Northen Region,45.0,93.0
Southern Region,59.0,93.0
Western Region,68.0,93.0
National,68.0,93.0
Eastern Region,55.0,93.0
North-Eastern Region,41.0,93.0
Northen Region,45.0,93.0
Southern Region,59.0,93.0
Western Region,68.0,93.0
National,68.0,94.0
Eastern Region,55.0,94.0
North-Eastern Region,41.0,94.0
Northen Region,45.0,94.0
Southern Region,59.0,94.0
Western Region,67.0,94.0
National,68.0,94.0
Eastern Region,55.0,94.0
North-Eastern Region,41.0,94.0
Northen Region,45.0,94.0
Southern Region,59.0,94.0
Western Region,67.0,94.0
National,68.0,94.0
Eastern Region,55.0,94.0
North-Eastern Region,41.0,94.0
Northen Region,45.0,94.0
Southern Region,59.0,94.0
Western Region,67.0,94.0
National,68.0,94.0
Eastern Region,55.0,94.0
North-Eastern Region,41.0,94.0
Northen Region,45.0,94.0
Southern Region,59.0,94.0
Western Region,67.0,94.0
National,68.0,94.0
Eastern Region,55.0,94.0
North-Eastern Region,41.0,94.0
Northen Region,45.0,94.0
Southern Region,59.0,94.0
Western Region,67.0,94.0
National,68.0,94.0
Eastern Region,55.0,94.0
North-Eastern Region,41.0,94.0
Northen Region,45.0,94.0
Southern Region,59.0,94.0
Western Region,67.0,94.0
National,68.0,94.0
Eastern Region,55.0,94.0
North-Eastern Region,41.0,94.0
Northen Region,45.0,94.0
Southern Region,59.0,94.0
Western Region,67.0,94.0
National,68.0,94.0
Eastern Region,55.0,94.0
North-Eastern Region,41.0,94.0
Northen Region,45.0,94.0
Southern Region,59.0,94.0
Western Region,67.0,94.0
National,68.0,94.0
Eastern Region,55.0,94.0
North-Eastern Region,41.0,94.0
Northen Region,45.0,94.0
Southern Region,59.0,94.0
Western Region,67.0,94.0
National,68.0,94.0
Eastern Region,55.0,94.0
North-Eastern Region,41.0,94.0
Northen Region,45.0,94.0
Southern Region,59.0,94.0
Western Region,67.0,94.0
National,68.0,94.0
Eastern Region,55.0,94.0
North-Eastern Region,41.0,94.0
Northen Region,45.0,94.0
Southern Region,59.0,94.0
Western Region,67.0,94.0
National,68.0,94.0
Eastern Region,55.0,94.0
North-Eastern Region,41.0,94.0
Northen Region,45.0,94.0
Southern Region,59.0,94.0
Western Region,67.0,94.0
National,68.0,94.0
Eastern Region,55.0,94.0
North-Eastern Region,41.0,94.0
Northen Region,45.0,94.0
Southern Region,59.0,94.0
Western Region,67.0,94.0
National,68.0,94.0
Eastern Region,55.0,94.0
North-Eastern Region,41.0,94.0
Northen Region,45.0,94.0
Southern Region,59.0,94.0
Western Region,67.0,94.0
National,68.0,94.0
Eastern Region,55.0,94.0
North-Eastern Region,41.0,94.0
Northen Region,45.0,94.0
Southern Region,59.0,94.0
Western Region,67.0,94.0
National,68.0,94.0
Eastern Region,55.0,94.0
North-Eastern Region,41.0,94.0
Northen Region,45.0,94.0
Southern Region,59.0,94.0
Western Region,67.0,94.0
National,68.0,94.0
Eastern Region,55.0,94.0
North-Eastern Region,41.0,94.0
Northen Region,45.0,94.0
Southern Region,59.0,94.0
Western Region,67.0,94.0
National,68.0,94.0
Eastern Region,55.0,94.0
North-Eastern Region,41.0,94.0
Northen Region,45.0,94.0
Southern Region,59.0,94.0
Western Region,67.0,94.0
National,68.0,94.0
Eastern Region,55.0,94.0
North-Eastern Region,41.0,94.0
Northen Region,45.0,94.0
Southern Region,59.0,94.0
Western Region,67.0,94.0
National,67.0,94.0
Eastern Region,55.0,94.0
North-Eastern Region,41.0,94.0
Northen Region,45.0,94.0
Southern Region,59.0,94.0
Western Region,67.0,94.0
National,67.0,94.0
Eastern Region,55.0,94.0
North-Eastern Region,41.0,94.0
Northen Region,45.0,94.0
Southern Region,58.0,94.0
Western Region,67.0,94.0
National,67.0,94.0
Eastern Region,55.0,94.0
North-Eastern Region,41.0,94.0
Northen Region,45.0,94.0
Southern Region,58.0,94.0
Western Region,67.0,94.0
National,67.0,94.0
Eastern Region,55.0,94.0
North-Eastern Region,41.0,94.0
Northen Region,45.0,94.0
Southern Region,58.0,94.0
Western Region,67.0,94.0
National,67.0,94.0
Eastern Region,55.0,94.0
North-Eastern Region,41.0,94.0
Northen Region,45.0,94.0
Southern Region,58.0,94.0
Western Region,67.0,94.0
National,67.0,94.0
Eastern Region,55.0,94.0
North-Eastern Region,41.0,94.0
Northen Region,45.0,94.0
Southern Region,58.0,94.0
Western Region,67.0,94.0
National,67.0,94.0
Eastern Region,55.0,94.0
North-Eastern Region,41.0,94.0
Northen Region,45.0,94.0
Southern Region,58.0,94.0
Western Region,67.0,94.0
National,67.0,94.0
Eastern Region,55.0,94.0
North-Eastern Region,41.0,94.0
Northen Region,45.0,94.0
Southern Region,58.0,94.0
Western Region,67.0,94.0
National,67.0,94.0
Eastern Region,55.0,94.0
North-Eastern Region,41.0,94.0
Northen Region,45.0,94.0
Southern Region,58.0,94.0
Western Region,67.0,94.0
National,67.0,94.0
Eastern Region,55.0,94.0
North-Eastern Region,41.0,94.0
Northen Region,45.0,94.0
Southern Region,58.0,94.0
Western Region,67.0,94.0
National,67.0,94.0
Eastern Region,55.0,94.0
North-Eastern Region,41.0,94.0
Northen Region,45.0,94.0
Southern Region,58.0,94.0
Western Region,67.0,94.0
National,67.0,94.0
Eastern Region,55.0,94.0
North-Eastern Region,41.0,94.0
Northen Region,45.0,94.0
Southern Region,58.0,94.0
Western Region,67.0,94.0
National,67.0,94.0
Eastern Region,55.0,94.0
North-Eastern Region,41.0,94.0
Northen Region,45.0,94.0
Southern Region,58.0,94.0
Western Region,67.0,94.0
National,67.0,94.0
Eastern Region,55.0,94.0
North-Eastern Region,41.0,94.0
Northen Region,45.0,94.0
Southern Region,58.0,94.0
Western Region,67.0,94.0
National,67.0,94.0
Eastern Region,55.0,94.0
North-Eastern Region,41.0,94.0
Northen Region,44.0,94.0
Southern Region,58.0,94.0
Western Region,67.0,94.0
National,67.0,94.0
Eastern Region,55.0,94.0
North-Eastern Region,41.0,94.0
Northen Region,44.0,94.0
Southern Region,58.0,94.0
Western Region,67.0,94.0
National,67.0,94.0
Eastern Region,55.0,94.0
North-Eastern Region,41.0,94.0
Northen Region,44.0,94.0
Southern Region,58.0,94.0
Western Region,67.0,94.0
National,67.0,94.0
Eastern Region,55.0,94.0
North-Eastern Region,41.0,94.0
Northen Region,44.0,94.0
Southern Region,58.0,94.0
Western Region,67.0,94.0
National,67.0,94.0
Eastern Region,55.0,94.0
North-Eastern Region,41.0,94.0
Northen Region,44.0,94.0
Southern Region,58.0,94.0
Western Region,67.0,94.0
National,67.0,94.0
Eastern Region,55.0,94.0
North-Eastern Region,41.0,94.0
Northen Region,44.0,94.0
Southern Region,58.0,94.0
Western Region,67.0,94.0
National,67.0,94.0
Eastern Region,54.0,94.0
North-Eastern Region,41.0,94.0
Northen Region,44.0,94.0
Southern Region,58.0,94.0
Western Region,67.0,94.0
National,67.0,94.0
Eastern Region,54.0,94.0
North-Eastern Region,41.0,94.0
Northen Region,44.0,94.0
Southern Region,58.0,94.0
Western Region,67.0,94.0
National,67.0,94.0
Eastern Region,54.0,94.0
North-Eastern Region,41.0,94.0
Northen Region,44.0,94.0
Southern Region,58.0,94.0
Western Region,67.0,94.0
National,67.0,94.0
Eastern Region,54.0,94.0
North-Eastern Region,41.0,94.0
Northen Region,44.0,94.0
Southern Region,58.0,94.0
Western Region,67.0,94.0
National,67.0,94.0
Eastern Region,54.0,94.0
North-Eastern Region,41.0,94.0
Northen Region,44.0,94.0
Southern Region,58.0,94.0
Western Region,67.0,94.0
National,67.0,95.0
Eastern Region,54.0,95.0
North-Eastern Region,41.0,95.0
Northen Region,44.0,95.0
Southern Region,58.0,95.0
Western Region,67.0,95.0
National,67.0,95.0
Eastern Region,54.0,95.0
North-Eastern Region,41.0,95.0
Northen Region,44.0,95.0
Southern Region,58.0,95.0
Western Region,67.0,95.0
National,67.0,95.0
Eastern Region,54.0,95.0
North-Eastern Region,41.0,95.0
Northen Region,44.0,95.0
Southern Region,58.0,95.0
Western Region,67.0,95.0
National,67.0,95.0
Eastern Region,54.0,95.0
North-Eastern Region,41.0,95.0
Northen Region,44.0,95.0
Southern Region,58.0,95.0
Western Region,67.0,95.0
National,67.0,95.0
Eastern Region,54.0,95.0
North-Eastern Region,40.0,95.0
Northen Region,44.0,95.0
Southern Region,58.0,95.0
Western Region,67.0,95.0
National,67.0,95.0
Eastern Region,54.0,95.0
North-Eastern Region,40.0,95.0
Northen Region,44.0,95.0
Southern Region,58.0,95.0
Western Region,67.0,95.0
National,67.0,95.0
Eastern Region,54.0,95.0
North-Eastern Region,40.0,95.0
Northen Region,44.0,95.0
Southern Region,58.0,95.0
Western Region,67.0,95.0
National,67.0,95.0
Eastern Region,54.0,95.0
North-Eastern Region,40.0,95.0
Northen Region,44.0,95.0
Southern Region,58.0,95.0
Western Region,67.0,95.0
National,67.0,95.0
Eastern Region,54.0,95.0
North-Eastern Region,40.0,95.0
Northen Region,44.0,95.0
Southern Region,58.0,95.0
Western Region,67.0,95.0
National,67.0,95.0
Eastern Region,54.0,95.0
North-Eastern Region,40.0,95.0
Northen Region,44.0,95.0
Southern Region,58.0,95.0
Western Region,67.0,95.0
National,67.0,95.0
Eastern Region,54.0,95.0
North-Eastern Region,40.0,95.0
Northen Region,44.0,95.0
Southern Region,58.0,95.0
Western Region,67.0,95.0
National,67.0,95.0
Eastern Region,54.0,95.0
North-Eastern Region,40.0,95.0
Northen Region,44.0,95.0
Southern Region,58.0,95.0
Western Region,67.0,95.0
National,67.0,95.0
Eastern Region,54.0,95.0
North-Eastern Region,40.0,95.0
Northen Region,44.0,95.0
Southern Region,58.0,95.0
Western Region,67.0,95.0
National,67.0,95.0
Eastern Region,54.0,95.0
North-Eastern Region,40.0,95.0
Northen Region,44.0,95.0
Southern Region,58.0,95.0
Western Region,67.0,95.0
National,67.0,95.0
Eastern Region,54.0,95.0
North-Eastern Region,40.0,95.0
Northen Region,44.0,95.0
Southern Region,58.0,95.0
Western Region,67.0,95.0
National,67.0,95.0
Eastern Region,54.0,95.0
North-Eastern Region,40.0,95.0
Northen Region,44.0,95.0
Southern Region,58.0,95.0
Western Region,67.0,95.0
National,67.0,95.0
Eastern Region,54.0,95.0
North-Eastern Region,40.0,95.0
Northen Region,44.0,95.0
Southern Region,58.0,95.0
Western Region,67.0,95.0
National,66.0,95.0
Eastern Region,54.0,95.0
North-Eastern Region,40.0,95.0
Northen Region,44.0,95.0
Southern Region,58.0,95.0
Western Region,67.0,95.0
National,66.0,95.0
Eastern Region,54.0,95.0
North-Eastern Region,40.0,95.0
Northen Region,44.0,95.0
Southern Region,58.0,95.0
Western Region,67.0,95.0
National,66.0,95.0
Eastern Region,54.0,95.0
North-Eastern Region,40.0,95.0
Northen Region,44.0,95.0
Southern Region,58.0,95.0
Western Region,67.0,95.0
National,66.0,95.0
Eastern Region,54.0,95.0
North-Eastern Region,40.0,95.0
Northen Region,44.0,95.0
Southern Region,58.0,95.0
Western Region,67.0,95.0
National,66.0,95.0
Eastern Region,54.0,95.0
North-Eastern Region,40.0,95.0
Northen Region,44.0,95.0
Southern Region,58.0,95.0
Western Region,67.0,95.0
National,66.0,95.0
Eastern Region,54.0,95.0
North-Eastern Region,40.0,95.0
Northen Region,44.0,95.0
Southern Region,58.0,95.0
Western Region,67.0,95.0
National,66.0,95.0
Eastern Region,54.0,95.0
North-Eastern Region,40.0,95.0
Northen Region,44.0,95.0
Southern Region,58.0,95.0
Western Region,67.0,95.0
National,66.0,95.0
Eastern Region,54.0,95.0
North-Eastern Region,40.0,95.0
Northen Region,44.0,95.0
Southern Region,58.0,95.0
Western Region,66.0,95.0
National,66.0,95.0
Eastern Region,54.0,95.0
North-Eastern Region,40.0,95.0
Northen Region,44.0,95.0
Southern Region,58.0,95.0
Western Region,66.0,95.0
National,66.0,95.0
Eastern Region,54.0,95.0
North-Eastern Region,40.0,95.0
Northen Region,44.0,95.0
Southern Region,58.0,95.0
Western Region,66.0,95.0
National,66.0,95.0
Eastern Region,54.0,95.0
North-Eastern Region,40.0,95.0
Northen Region,44.0,95.0
Southern Region,58.0,95.0
Western Region,66.0,95.0
National,66.0,95.0
Eastern Region,54.0,95.0
North-Eastern Region,40.0,95.0
Northen Region,44.0,95.0
Southern Region,58.0,95.0
Western Region,66.0,95.0
National,66.0,95.0
Eastern Region,54.0,95.0
North-Eastern Region,40.0,95.0
Northen Region,44.0,95.0
Southern Region,58.0,95.0
Western Region,66.0,95.0
National,66.0,95.0
Eastern Region,54.0,95.0
North-Eastern Region,40.0,95.0
Northen Region,44.0,95.0
Southern Region,58.0,95.0
Western Region,66.0,95.0
National,66.0,95.0
Eastern Region,54.0,95.0
North-Eastern Region,40.0,95.0
Northen Region,44.0,95.0
Southern Region,58.0,95.0
Western Region,66.0,95.0
National,66.0,95.0
Eastern Region,54.0,95.0
North-Eastern Region,40.0,95.0
Northen Region,44.0,95.0
Southern Region,58.0,95.0
Western Region,66.0,95.0
National,66.0,95.0
Eastern Region,54.0,95.0
North-Eastern Region,40.0,95.0
Northen Region,44.0,95.0
Southern Region,58.0,95.0
Western Region,66.0,95.0
National,66.0,95.0
Eastern Region,54.0,95.0
North-Eastern Region,40.0,95.0
Northen Region,44.0,95.0
Southern Region,58.0,95.0
Western Region,66.0,95.0
National,66.0,95.0
Eastern Region,54.0,95.0
North-Eastern Region,40.0,95.0
Northen Region,44.0,95.0
Southern Region,58.0,95.0
Western Region,66.0,95.0
National,66.0,95.0
Eastern Region,54.0,95.0
North-Eastern Region,40.0,95.0
Northen Region,44.0,95.0
Southern Region,58.0,95.0
Western Region,66.0,95.0
National,66.0,95.0
Eastern Region,54.0,95.0
North-Eastern Region,40.0,95.0
Northen Region,44.0,95.0
Southern Region,58.0,95.0
Western Region,66.0,95.0
National,66.0,95.0
Eastern Region,54.0,95.0
North-Eastern Region,40.0,95.0
Northen Region,44.0,95.0
Southern Region,58.0,95.0
Western Region,66.0,95.0
National,66.0,95.0
Eastern Region,54.0,95.0
North-Eastern Region,40.0,95.0
Northen Region,44.0,95.0
Southern Region,58.0,95.0
Western Region,66.0,95.0
National,66.0,95.0
Eastern Region,54.0,95.0
North-Eastern Region,40.0,95.0
Northen Region,44.0,95.0
Southern Region,58.0,95.0
Western Region,66.0,95.0
National,65.0,95.0
Eastern Region,54.0,95.0
North-Eastern Region,40.0,95.0
Northen Region,44.0,95.0
Southern Region,58.0,95.0
Western Region,66.0,95.0
National,65.0,95.0
Eastern Region,54.0,95.0
North-Eastern Region,40.0,95.0
Northen Region,43.0,95.0
Southern Region,58.0,95.0
Western Region,66.0,95.0
National,65.0,96.0
Eastern Region,54.0,96.0
North-Eastern Region,40.0,96.0
Northen Region,43.0,96.0
Southern Region,58.0,96.0
Western Region,66.0,96.0
National,65.0,96.0
Eastern Region,54.0,96.0
North-Eastern Region,40.0,96.0
Northen Region,43.0,96.0
Southern Region,58.0,96.0
Western Region,66.0,96.0
National,65.0,96.0
Eastern Region,54.0,96.0
North-Eastern Region,40.0,96.0
Northen Region,43.0,96.0
Southern Region,58.0,96.0
Western Region,66.0,96.0
National,65.0,96.0
Eastern Region,54.0,96.0
North-Eastern Region,40.0,96.0
Northen Region,43.0,96.0
Southern Region,58.0,96.0
Western Region,66.0,96.0
National,65.0,96.0
Eastern Region,54.0,96.0
North-Eastern Region,40.0,96.0
Northen Region,43.0,96.0
Southern Region,58.0,96.0
Western Region,66.0,96.0
National,65.0,96.0
Eastern Region,54.0,96.0
North-Eastern Region,40.0,96.0
Northen Region,43.0,96.0
Southern Region,58.0,96.0
Western Region,66.0,96.0
National,65.0,96.0
Eastern Region,54.0,96.0
North-Eastern Region,40.0,96.0
Northen Region,43.0,96.0
Southern Region,57.0,96.0
Western Region,66.0,96.0
National,65.0,96.0
Eastern Region,54.0,96.0
North-Eastern Region,40.0,96.0
Northen Region,43.0,96.0
Southern Region,57.0,96.0
Western Region,66.0,96.0
National,65.0,96.0
Eastern Region,54.0,96.0
North-Eastern Region,40.0,96.0
Northen Region,43.0,96.0
Southern Region,57.0,96.0
Western Region,66.0,96.0
National,65.0,96.0
Eastern Region,54.0,96.0
North-Eastern Region,40.0,96.0
Northen Region,43.0,96.0
Southern Region,57.0,96.0
Western Region,66.0,96.0
National,65.0,96.0
Eastern Region,54.0,96.0
North-Eastern Region,40.0,96.0
Northen Region,43.0,96.0
Southern Region,57.0,96.0
Western Region,66.0,96.0
National,65.0,96.0
Eastern Region,54.0,96.0
North-Eastern Region,40.0,96.0
Northen Region,43.0,96.0
Southern Region,57.0,96.0
Western Region,66.0,96.0
National,65.0,96.0
Eastern Region,54.0,96.0
North-Eastern Region,40.0,96.0
Northen Region,43.0,96.0
Southern Region,57.0,96.0
Western Region,66.0,96.0
National,65.0,96.0
Eastern Region,54.0,96.0
North-Eastern Region,40.0,96.0
Northen Region,43.0,96.0
Southern Region,57.0,96.0
Western Region,66.0,96.0
National,65.0,96.0
Eastern Region,54.0,96.0
North-Eastern Region,40.0,96.0
Northen Region,43.0,96.0
Southern Region,57.0,96.0
Western Region,66.0,96.0
National,65.0,96.0
Eastern Region,54.0,96.0
North-Eastern Region,40.0,96.0
Northen Region,43.0,96.0
Southern Region,57.0,96.0
Western Region,66.0,96.0
National,65.0,96.0
Eastern Region,54.0,96.0
North-Eastern Region,40.0,96.0
Northen Region,43.0,96.0
Southern Region,57.0,96.0
Western Region,66.0,96.0
National,65.0,96.0
Eastern Region,54.0,96.0
North-Eastern Region,40.0,96.0
Northen Region,43.0,96.0
Southern Region,57.0,96.0
Western Region,66.0,96.0
National,65.0,96.0
Eastern Region,54.0,96.0
North-Eastern Region,40.0,96.0
Northen Region,43.0,96.0
Southern Region,57.0,96.0
Western Region,66.0,96.0
National,65.0,96.0
Eastern Region,54.0,96.0
North-Eastern Region,40.0,96.0
Northen Region,43.0,96.0
Southern Region,57.0,96.0
Western Region,66.0,96.0
National,65.0,96.0
Eastern Region,54.0,96.0
North-Eastern Region,40.0,96.0
Northen Region,43.0,96.0
Southern Region,57.0,96.0
Western Region,66.0,96.0
National,65.0,96.0
Eastern Region,54.0,96.0
North-Eastern Region,40.0,96.0
Northen Region,43.0,96.0
Southern Region,57.0,96.0
Western Region,66.0,96.0
National,65.0,96.0
Eastern Region,53.0,96.0
North-Eastern Region,40.0,96.0
Northen Region,43.0,96.0
Southern Region,57.0,96.0
Western Region,66.0,96.0
National,65.0,96.0
Eastern Region,53.0,96.0
North-Eastern Region,40.0,96.0
Northen Region,43.0,96.0
Southern Region,57.0,96.0
Western Region,66.0,96.0
National,65.0,96.0
Eastern Region,53.0,96.0
North-Eastern Region,40.0,96.0
Northen Region,43.0,96.0
Southern Region,57.0,96.0
Western Region,66.0,96.0
National,65.0,96.0
Eastern Region,53.0,96.0
North-Eastern Region,40.0,96.0
Northen Region,43.0,96.0
Southern Region,57.0,96.0
Western Region,66.0,96.0
National,65.0,96.0
Eastern Region,53.0,96.0
North-Eastern Region,40.0,96.0
Northen Region,43.0,96.0
Southern Region,57.0,96.0
Western Region,66.0,96.0
National,65.0,96.0
Eastern Region,53.0,96.0
North-Eastern Region,40.0,96.0
Northen Region,43.0,96.0
Southern Region,57.0,96.0
Western Region,66.0,96.0
National,65.0,96.0
Eastern Region,53.0,96.0
North-Eastern Region,40.0,96.0
Northen Region,43.0,96.0
Southern Region,57.0,96.0
Western Region,66.0,96.0
National,65.0,96.0
Eastern Region,53.0,96.0
North-Eastern Region,40.0,96.0
Northen Region,43.0,96.0
Southern Region,57.0,96.0
Western Region,66.0,96.0
National,65.0,96.0
Eastern Region,53.0,96.0
North-Eastern Region,40.0,96.0
Northen Region,43.0,96.0
Southern Region,57.0,96.0
Western Region,66.0,96.0
National,65.0,96.0
Eastern Region,53.0,96.0
North-Eastern Region,39.0,96.0
Northen Region,43.0,96.0
Southern Region,57.0,96.0
Western Region,66.0,96.0
National,65.0,96.0
Eastern Region,53.0,96.0
North-Eastern Region,39.0,96.0
Northen Region,43.0,96.0
Southern Region,57.0,96.0
Western Region,66.0,96.0
National,65.0,96.0
Eastern Region,53.0,96.0
North-Eastern Region,39.0,96.0
Northen Region,43.0,96.0
Southern Region,57.0,96.0
Western Region,66.0,96.0
National,65.0,96.0
Eastern Region,53.0,96.0
North-Eastern Region,39.0,96.0
Northen Region,43.0,96.0
Southern Region,57.0,96.0
Western Region,66.0,96.0
National,65.0,96.0
Eastern Region,53.0,96.0
North-Eastern Region,39.0,96.0
Northen Region,43.0,96.0
Southern Region,57.0,96.0
Western Region,66.0,96.0
National,65.0,96.0
Eastern Region,53.0,96.0
North-Eastern Region,39.0,96.0
Northen Region,43.0,96.0
Southern Region,57.0,96.0
Western Region,66.0,96.0
National,64.0,96.0
Eastern Region,53.0,96.0
North-Eastern Region,39.0,96.0
Northen Region,43.0,96.0
Southern Region,57.0,96.0
Western Region,66.0,96.0
National,64.0,96.0
Eastern Region,53.0,96.0
North-Eastern Region,39.0,96.0
Northen Region,43.0,96.0
Southern Region,57.0,96.0
Western Region,66.0,96.0
National,64.0,96.0
Eastern Region,53.0,96.0
North-Eastern Region,39.0,96.0
Northen Region,43.0,96.0
Southern Region,57.0,96.0
Western Region,66.0,96.0
National,64.0,96.0
Eastern Region,53.0,96.0
North-Eastern Region,39.0,96.0
Northen Region,43.0,96.0
Southern Region,57.0,96.0
Western Region,66.0,96.0
National,64.0,96.0
Eastern Region,53.0,96.0
North-Eastern Region,39.0,96.0
Northen Region,43.0,96.0
Southern Region,57.0,96.0
Western Region,65.0,96.0
National,64.0,96.0
Eastern Region,53.0,96.0
North-Eastern Region,39.0,96.0
Northen Region,43.0,96.0
Southern Region,57.0,96.0
Western Region,65.0,96.0
National,64.0,97.0
Eastern Region,53.0,97.0
North-Eastern Region,39.0,97.0
Northen Region,43.0,97.0
Southern Region,57.0,97.0
Western Region,65.0,97.0
National,64.0,97.0
Eastern Region,53.0,97.0
North-Eastern Region,39.0,97.0
Northen Region,43.0,97.0
Southern Region,57.0,97.0
Western Region,65.0,97.0
National,64.0,97.0
Eastern Region,53.0,97.0
North-Eastern Region,39.0,97.0
Northen Region,43.0,97.0
Southern Region,57.0,97.0
Western Region,65.0,97.0
National,64.0,97.0
Eastern Region,53.0,97.0
North-Eastern Region,39.0,97.0
Northen Region,43.0,97.0
Southern Region,57.0,97.0
Western Region,65.0,97.0
National,64.0,97.0
Eastern Region,53.0,97.0
North-Eastern Region,39.0,97.0
Northen Region,43.0,97.0
Southern Region,57.0,97.0
Western Region,65.0,97.0
National,64.0,97.0
Eastern Region,53.0,97.0
North-Eastern Region,39.0,97.0
Northen Region,43.0,97.0
Southern Region,57.0,97.0
Western Region,65.0,97.0
National,64.0,97.0
Eastern Region,53.0,97.0
North-Eastern Region,39.0,97.0
Northen Region,43.0,97.0
Southern Region,57.0,97.0
Western Region,65.0,97.0
National,64.0,97.0
Eastern Region,53.0,97.0
North-Eastern Region,39.0,97.0
Northen Region,43.0,97.0
Southern Region,57.0,97.0
Western Region,65.0,97.0
National,64.0,97.0
Eastern Region,53.0,97.0
North-Eastern Region,39.0,97.0
Northen Region,43.0,97.0
Southern Region,57.0,97.0
Western Region,65.0,97.0
National,64.0,97.0
Eastern Region,53.0,97.0
North-Eastern Region,39.0,97.0
Northen Region,43.0,97.0
Southern Region,56.0,97.0
Western Region,65.0,97.0
National,64.0,97.0
Eastern Region,53.0,97.0
North-Eastern Region,39.0,97.0
Northen Region,43.0,97.0
Southern Region,56.0,97.0
Western Region,65.0,97.0
National,64.0,97.0
Eastern Region,53.0,97.0
North-Eastern Region,39.0,97.0
Northen Region,43.0,97.0
Southern Region,56.0,97.0
Western Region,65.0,97.0
National,64.0,97.0
Eastern Region,53.0,97.0
North-Eastern Region,39.0,97.0
Northen Region,43.0,97.0
Southern Region,56.0,97.0
Western Region,65.0,97.0
National,64.0,97.0
Eastern Region,53.0,97.0
North-Eastern Region,39.0,97.0
Northen Region,43.0,97.0
Southern Region,56.0,97.0
Western Region,65.0,97.0
National,64.0,97.0
Eastern Region,53.0,97.0
North-Eastern Region,39.0,97.0
Northen Region,43.0,97.0
Southern Region,56.0,97.0
Western Region,65.0,97.0
National,64.0,97.0
Eastern Region,53.0,97.0
North-Eastern Region,39.0,97.0
Northen Region,43.0,97.0
Southern Region,56.0,97.0
Western Region,65.0,97.0
National,63.0,97.0
Eastern Region,53.0,97.0
North-Eastern Region,39.0,97.0
Northen Region,43.0,97.0
Southern Region,56.0,97.0
Western Region,65.0,97.0
National,63.0,97.0
Eastern Region,53.0,97.0
North-Eastern Region,39.0,97.0
Northen Region,43.0,97.0
Southern Region,56.0,97.0
Western Region,65.0,97.0
National,63.0,97.0
Eastern Region,53.0,97.0
North-Eastern Region,39.0,97.0
Northen Region,43.0,97.0
Southern Region,56.0,97.0
Western Region,65.0,97.0
National,63.0,97.0
Eastern Region,53.0,97.0
North-Eastern Region,39.0,97.0
Northen Region,43.0,97.0
Southern Region,56.0,97.0
Western Region,65.0,97.0
National,63.0,97.0
Eastern Region,53.0,97.0
North-Eastern Region,39.0,97.0
Northen Region,43.0,97.0
Southern Region,56.0,97.0
Western Region,65.0,97.0
National,63.0,97.0
Eastern Region,53.0,97.0
North-Eastern Region,39.0,97.0
Northen Region,42.0,97.0
Southern Region,56.0,97.0
Western Region,65.0,97.0
National,63.0,97.0
Eastern Region,53.0,97.0
North-Eastern Region,39.0,97.0
Northen Region,42.0,97.0
Southern Region,56.0,97.0
Western Region,65.0,97.0
National,63.0,97.0
Eastern Region,53.0,97.0
North-Eastern Region,39.0,97.0
Northen Region,42.0,97.0
Southern Region,56.0,97.0
Western Region,65.0,97.0
National,63.0,97.0
Eastern Region,53.0,97.0
North-Eastern Region,39.0,97.0
Northen Region,42.0,97.0
Southern Region,56.0,97.0
Western Region,65.0,97.0
National,63.0,97.0
Eastern Region,53.0,97.0
North-Eastern Region,39.0,97.0
Northen Region,42.0,97.0
Southern Region,56.0,97.0
Western Region,65.0,97.0
National,63.0,97.0
Eastern Region,53.0,97.0
North-Eastern Region,39.0,97.0
Northen Region,42.0,97.0
Southern Region,56.0,97.0
Western Region,65.0,97.0
National,63.0,97.0
Eastern Region,53.0,97.0
North-Eastern Region,39.0,97.0
Northen Region,42.0,97.0
Southern Region,56.0,97.0
Western Region,65.0,97.0
National,63.0,97.0
Eastern Region,53.0,97.0
North-Eastern Region,39.0,97.0
Northen Region,42.0,97.0
Southern Region,56.0,97.0
Western Region,65.0,97.0
National,63.0,97.0
Eastern Region,53.0,97.0
North-Eastern Region,39.0,97.0
Northen Region,42.0,97.0
Southern Region,56.0,97.0
Western Region,65.0,97.0
National,63.0,97.0
Eastern Region,53.0,97.0
North-Eastern Region,39.0,97.0
Northen Region,42.0,97.0
Southern Region,56.0,97.0
Western Region,65.0,97.0
National,63.0,97.0
Eastern Region,53.0,97.0
North-Eastern Region,39.0,97.0
Northen Region,42.0,97.0
Southern Region,56.0,97.0
Western Region,65.0,97.0
National,63.0,97.0
Eastern Region,53.0,97.0
North-Eastern Region,39.0,97.0
Northen Region,42.0,97.0
Southern Region,56.0,97.0
Western Region,65.0,97.0
National,63.0,97.0
Eastern Region,53.0,97.0
North-Eastern Region,39.0,97.0
Northen Region,42.0,97.0
Southern Region,56.0,97.0
Western Region,65.0,97.0
National,63.0,97.0
Eastern Region,53.0,97.0
North-Eastern Region,39.0,97.0
Northen Region,42.0,97.0
Southern Region,56.0,97.0
Western Region,65.0,97.0
National,63.0,97.0
Eastern Region,53.0,97.0
North-Eastern Region,39.0,97.0
Northen Region,42.0,97.0
Southern Region,56.0,97.0
Western Region,65.0,97.0
National,63.0,97.0
Eastern Region,52.0,97.0
North-Eastern Region,39.0,97.0
Northen Region,42.0,97.0
Southern Region,56.0,97.0
Western Region,65.0,97.0
National,63.0,97.0
Eastern Region,52.0,97.0
North-Eastern Region,39.0,97.0
Northen Region,42.0,97.0
Southern Region,56.0,97.0
Western Region,65.0,97.0
National,63.0,97.0
Eastern Region,52.0,97.0
North-Eastern Region,39.0,97.0
Northen Region,42.0,97.0
Southern Region,56.0,97.0
Western Region,65.0,97.0
National,63.0,97.0
Eastern Region,52.0,97.0
North-Eastern Region,39.0,97.0
Northen Region,42.0,97.0
Southern Region,56.0,97.0
Western Region,64.0,97.0
National,62.0,97.0
Eastern Region,52.0,97.0
North-Eastern Region,39.0,97.0
Northen Region,42.0,97.0
Southern Region,56.0,97.0
Western Region,64.0,97.0
National,62.0,97.0
Eastern Region,52.0,97.0
North-Eastern Region,39.0,97.0
Northen Region,42.0,97.0
Southern Region,55.0,97.0
Western Region,64.0,97.0
National,62.0,97.0
Eastern Region,52.0,97.0
North-Eastern Region,39.0,97.0
Northen Region,42.0,97.0
Southern Region,55.0,97.0
Western Region,64.0,97.0
National,62.0,97.0
Eastern Region,52.0,97.0
North-Eastern Region,39.0,97.0
Northen Region,42.0,97.0
Southern Region,55.0,97.0
Western Region,64.0,97.0
National,62.0,98.0
Eastern Region,52.0,98.0
North-Eastern Region,39.0,98.0
Northen Region,42.0,98.0
Southern Region,55.0,98.0
Western Region,64.0,98.0
National,62.0,98.0
Eastern Region,52.0,98.0
North-Eastern Region,39.0,98.0
Northen Region,42.0,98.0
Southern Region,55.0,98.0
Western Region,64.0,98.0
National,62.0,98.0
Eastern Region,52.0,98.0
North-Eastern Region,39.0,98.0
Northen Region,42.0,98.0
Southern Region,55.0,98.0
Western Region,64.0,98.0
National,62.0,98.0
Eastern Region,52.0,98.0
North-Eastern Region,39.0,98.0
Northen Region,42.0,98.0
Southern Region,55.0,98.0
Western Region,64.0,98.0
National,62.0,98.0
Eastern Region,52.0,98.0
North-Eastern Region,39.0,98.0
Northen Region,42.0,98.0
Southern Region,55.0,98.0
Western Region,64.0,98.0
National,62.0,98.0
Eastern Region,52.0,98.0
North-Eastern Region,39.0,98.0
Northen Region,42.0,98.0
Southern Region,55.0,98.0
Western Region,64.0,98.0
National,62.0,98.0
Eastern Region,52.0,98.0
North-Eastern Region,39.0,98.0
Northen Region,42.0,98.0
Southern Region,55.0,98.0
Western Region,64.0,98.0
National,62.0,98.0
Eastern Region,52.0,98.0
North-Eastern Region,39.0,98.0
Northen Region,42.0,98.0
Southern Region,55.0,98.0
Western Region,64.0,98.0
National,62.0,98.0
Eastern Region,52.0,98.0
North-Eastern Region,39.0,98.0
Northen Region,42.0,98.0
Southern Region,55.0,98.0
Western Region,64.0,98.0
National,62.0,98.0
Eastern Region,52.0,98.0
North-Eastern Region,39.0,98.0
Northen Region,42.0,98.0
Southern Region,55.0,98.0
Western Region,64.0,98.0
National,62.0,98.0
Eastern Region,52.0,98.0
North-Eastern Region,39.0,98.0
Northen Region,42.0,98.0
Southern Region,55.0,98.0
Western Region,64.0,98.0
National,62.0,98.0
Eastern Region,52.0,98.0
North-Eastern Region,39.0,98.0
Northen Region,42.0,98.0
Southern Region,55.0,98.0
Western Region,64.0,98.0
National,62.0,98.0
Eastern Region,52.0,98.0
North-Eastern Region,39.0,98.0
Northen Region,42.0,98.0
Southern Region,55.0,98.0
Western Region,64.0,98.0
National,62.0,98.0
Eastern Region,52.0,98.0
North-Eastern Region,39.0,98.0
Northen Region,42.0,98.0
Southern Region,55.0,98.0
Western Region,64.0,98.0
National,62.0,98.0
Eastern Region,52.0,98.0
North-Eastern Region,39.0,98.0
Northen Region,42.0,98.0
Southern Region,55.0,98.0
Western Region,64.0,98.0
National,62.0,98.0
Eastern Region,52.0,98.0
North-Eastern Region,38.0,98.0
Northen Region,42.0,98.0
Southern Region,55.0,98.0
Western Region,64.0,98.0
National,62.0,98.0
Eastern Region,52.0,98.0
North-Eastern Region,38.0,98.0
Northen Region,42.0,98.0
Southern Region,55.0,98.0
Western Region,64.0,98.0
National,62.0,98.0
Eastern Region,52.0,98.0
North-Eastern Region,38.0,98.0
Northen Region,42.0,98.0
Southern Region,55.0,98.0
Western Region,64.0,98.0
National,62.0,98.0
Eastern Region,52.0,98.0
North-Eastern Region,38.0,98.0
Northen Region,42.0,98.0
Southern Region,55.0,98.0
Western Region,64.0,98.0
National,62.0,98.0
Eastern Region,52.0,98.0
North-Eastern Region,38.0,98.0
Northen Region,42.0,98.0
Southern Region,55.0,98.0
Western Region,64.0,98.0
National,62.0,98.0
Eastern Region,52.0,98.0
North-Eastern Region,38.0,98.0
Northen Region,42.0,98.0
Southern Region,55.0,98.0
Western Region,64.0,98.0
National,62.0,98.0
Eastern Region,52.0,98.0
North-Eastern Region,38.0,98.0
Northen Region,42.0,98.0
Southern Region,55.0,98.0
Western Region,64.0,98.0
National,62.0,98.0
Eastern Region,52.0,98.0
North-Eastern Region,38.0,98.0
Northen Region,42.0,98.0
Southern Region,55.0,98.0
Western Region,64.0,98.0
National,62.0,98.0
Eastern Region,52.0,98.0
North-Eastern Region,38.0,98.0
Northen Region,41.0,98.0
Southern Region,55.0,98.0
Western Region,64.0,98.0
National,61.0,98.0
Eastern Region,52.0,98.0
North-Eastern Region,38.0,98.0
Northen Region,41.0,98.0
Southern Region,55.0,98.0
Western Region,64.0,98.0
National,61.0,98.0
Eastern Region,52.0,98.0
North-Eastern Region,38.0,98.0
Northen Region,41.0,98.0
Southern Region,55.0,98.0
Western Region,64.0,98.0
National,61.0,98.0
Eastern Region,52.0,98.0
North-Eastern Region,38.0,98.0
Northen Region,41.0,98.0
Southern Region,55.0,98.0
Western Region,64.0,98.0
National,61.0,98.0
Eastern Region,52.0,98.0
North-Eastern Region,38.0,98.0
Northen Region,41.0,98.0
Southern Region,55.0,98.0
Western Region,64.0,98.0
National,61.0,98.0
Eastern Region,52.0,98.0
North-Eastern Region,38.0,98.0
Northen Region,41.0,98.0
Southern Region,55.0,98.0
Western Region,64.0,98.0
National,61.0,98.0
Eastern Region,52.0,98.0
North-Eastern Region,38.0,98.0
Northen Region,41.0,98.0
Southern Region,55.0,98.0
Western Region,64.0,98.0
National,61.0,98.0
Eastern Region,52.0,98.0
North-Eastern Region,38.0,98.0
Northen Region,41.0,98.0
Southern Region,55.0,98.0
Western Region,64.0,98.0
National,61.0,98.0
Eastern Region,52.0,98.0
North-Eastern Region,38.0,98.0
Northen Region,41.0,98.0
Southern Region,55.0,98.0
Western Region,64.0,98.0
National,61.0,98.0
Eastern Region,52.0,98.0
North-Eastern Region,38.0,98.0
Northen Region,41.0,98.0
Southern Region,55.0,98.0
Western Region,63.0,98.0
National,61.0,98.0
Eastern Region,52.0,98.0
North-Eastern Region,38.0,98.0
Northen Region,41.0,98.0
Southern Region,55.0,98.0
Western Region,63.0,98.0
National,61.0,98.0
Eastern Region,52.0,98.0
North-Eastern Region,38.0,98.0
Northen Region,41.0,98.0
Southern Region,55.0,98.0
Western Region,63.0,98.0
National,61.0,98.0
Eastern Region,52.0,98.0
North-Eastern Region,38.0,98.0
Northen Region,41.0,98.0
Southern Region,54.0,98.0
Western Region,63.0,98.0
National,61.0,98.0
Eastern Region,52.0,98.0
North-Eastern Region,38.0,98.0
Northen Region,41.0,98.0
Southern Region,54.0,98.0
Western Region,63.0,98.0
National,61.0,98.0
Eastern Region,51.0,98.0
North-Eastern Region,38.0,98.0
Northen Region,41.0,98.0
Southern Region,54.0,98.0
Western Region,63.0,98.0
National,61.0,98.0
Eastern Region,51.0,98.0
North-Eastern Region,38.0,98.0
Northen Region,41.0,98.0
Southern Region,54.0,98.0
Western Region,63.0,98.0
National,61.0,98.0
Eastern Region,51.0,98.0
North-Eastern Region,38.0,98.0
Northen Region,41.0,98.0
Southern Region,54.0,98.0
Western Region,63.0,98.0
National,61.0,98.0
Eastern Region,51.0,98.0
North-Eastern Region,38.0,98.0
Northen Region,41.0,98.0
Southern Region,54.0,98.0
Western Region,63.0,98.0
National,61.0,98.0
Eastern Region,51.0,98.0
North-Eastern Region,38.0,98.0
Northen Region,41.0,98.0
Southern Region,54.0,98.0
Western Region,63.0,98.0
National,61.0,98.0
Eastern Region,51.0,98.0
North-Eastern Region,38.0,98.0
Northen Region,41.0,98.0
Southern Region,54.0,98.0
Western Region,63.0,98.0
National,61.0,99.0
Eastern Region,51.0,99.0
North-Eastern Region,38.0,99.0
Northen Region,41.0,99.0
Southern Region,54.0,99.0
Western Region,63.0,99.0
National,61.0,99.0
Eastern Region,51.0,99.0
North-Eastern Region,38.0,99.0
Northen Region,41.0,99.0
Southern Region,54.0,99.0
Western Region,63.0,99.0
National,61.0,99.0
Eastern Region,51.0,99.0
North-Eastern Region,38.0,99.0
Northen Region,41.0,99.0
Southern Region,54.0,99.0
Western Region,63.0,99.0
National,61.0,99.0
Eastern Region,51.0,99.0
North-Eastern Region,38.0,99.0
Northen Region,41.0,99.0
Southern Region,54.0,99.0
Western Region,63.0,99.0
National,60.0,99.0
Eastern Region,51.0,99.0
North-Eastern Region,38.0,99.0
Northen Region,41.0,99.0
Southern Region,54.0,99.0
Western Region,63.0,99.0
National,60.0,99.0
Eastern Region,51.0,99.0
North-Eastern Region,38.0,99.0
Northen Region,41.0,99.0
Southern Region,54.0,99.0
Western Region,63.0,99.0
National,60.0,99.0
Eastern Region,51.0,99.0
North-Eastern Region,38.0,99.0
Northen Region,41.0,99.0
Southern Region,54.0,99.0
Western Region,63.0,99.0
National,60.0,99.0
Eastern Region,51.0,99.0
North-Eastern Region,38.0,99.0
Northen Region,41.0,99.0
Southern Region,54.0,99.0
Western Region,63.0,99.0
National,60.0,99.0
Eastern Region,51.0,99.0
North-Eastern Region,38.0,99.0
Northen Region,41.0,99.0
Southern Region,54.0,99.0
Western Region,63.0,99.0
National,60.0,99.0
Eastern Region,51.0,99.0
North-Eastern Region,38.0,99.0
Northen Region,41.0,99.0
Southern Region,54.0,99.0
Western Region,63.0,99.0
National,60.0,99.0
Eastern Region,51.0,99.0
North-Eastern Region,38.0,99.0
Northen Region,41.0,99.0
Southern Region,54.0,99.0
Western Region,63.0,99.0
National,60.0,99.0
Eastern Region,51.0,99.0
North-Eastern Region,38.0,99.0
Northen Region,41.0,99.0
Southern Region,54.0,99.0
Western Region,63.0,99.0
National,60.0,99.0
Eastern Region,51.0,99.0
North-Eastern Region,38.0,99.0
Northen Region,41.0,99.0
Southern Region,54.0,99.0
Western Region,63.0,99.0
National,60.0,99.0
Eastern Region,51.0,99.0
North-Eastern Region,38.0,99.0
Northen Region,41.0,99.0
Southern Region,53.0,99.0
Western Region,63.0,99.0
National,60.0,99.0
Eastern Region,51.0,99.0
North-Eastern Region,38.0,99.0
Northen Region,41.0,99.0
Southern Region,53.0,99.0
Western Region,63.0,99.0
National,60.0,99.0
Eastern Region,51.0,99.0
North-Eastern Region,37.0,99.0
Northen Region,41.0,99.0
Southern Region,53.0,99.0
Western Region,63.0,99.0
National,60.0,99.0
Eastern Region,51.0,99.0
North-Eastern Region,37.0,99.0
Northen Region,41.0,99.0
Southern Region,53.0,99.0
Western Region,63.0,99.0
National,60.0,99.0
Eastern Region,51.0,99.0
North-Eastern Region,37.0,99.0
Northen Region,41.0,99.0
Southern Region,53.0,99.0
Western Region,62.0,99.0
National,60.0,99.0
Eastern Region,51.0,99.0
North-Eastern Region,37.0,99.0
Northen Region,40.0,99.0
Southern Region,53.0,99.0
Western Region,62.0,99.0
National,60.0,99.0
Eastern Region,51.0,99.0
North-Eastern Region,37.0,99.0
Northen Region,40.0,99.0
Southern Region,53.0,99.0
Western Region,62.0,99.0
National,60.0,99.0
Eastern Region,51.0,99.0
North-Eastern Region,37.0,99.0
Northen Region,40.0,99.0
Southern Region,53.0,99.0
Western Region,62.0,99.0
National,60.0,99.0
Eastern Region,51.0,99.0
North-Eastern Region,37.0,99.0
Northen Region,40.0,99.0
Southern Region,53.0,99.0
Western Region,62.0,99.0
National,60.0,99.0
Eastern Region,51.0,99.0
North-Eastern Region,37.0,99.0
Northen Region,40.0,99.0
Southern Region,53.0,99.0
Western Region,62.0,99.0
National,59.0,99.0
Eastern Region,51.0,99.0
North-Eastern Region,37.0,99.0
Northen Region,40.0,99.0
Southern Region,53.0,99.0
Western Region,62.0,99.0
National,59.0,99.0
Eastern Region,51.0,99.0
North-Eastern Region,37.0,99.0
Northen Region,40.0,99.0
Southern Region,53.0,99.0
Western Region,62.0,99.0
National,59.0,99.0
Eastern Region,51.0,99.0
North-Eastern Region,37.0,99.0
Northen Region,40.0,99.0
Southern Region,53.0,99.0
Western Region,62.0,99.0
National,59.0,99.0
Eastern Region,51.0,99.0
North-Eastern Region,37.0,99.0
Northen Region,40.0,99.0
Southern Region,53.0,99.0
Western Region,62.0,99.0
National,59.0,99.0
Eastern Region,51.0,99.0
North-Eastern Region,37.0,99.0
Northen Region,40.0,99.0
Southern Region,53.0,99.0
Western Region,62.0,99.0
National,59.0,99.0
Eastern Region,51.0,99.0
North-Eastern Region,37.0,99.0
Northen Region,40.0,99.0
Southern Region,53.0,99.0
Western Region,62.0,99.0
National,59.0,99.0
Eastern Region,51.0,99.0
North-Eastern Region,37.0,99.0
Northen Region,40.0,99.0
Southern Region,53.0,99.0
Western Region,62.0,99.0
National,59.0,99.0
Eastern Region,51.0,99.0
North-Eastern Region,37.0,99.0
Northen Region,40.0,99.0
Southern Region,53.0,99.0
Western Region,62.0,99.0
National,59.0,99.0
Eastern Region,51.0,99.0
North-Eastern Region,37.0,99.0
Northen Region,40.0,99.0
Southern Region,53.0,99.0
Western Region,61.0,99.0
National,59.0,99.0
Eastern Region,51.0,99.0
North-Eastern Region,37.0,99.0
Northen Region,40.0,99.0
Southern Region,53.0,99.0
Western Region,61.0,99.0
National,59.0,99.0
Eastern Region,51.0,99.0
North-Eastern Region,37.0,99.0
Northen Region,40.0,99.0
Southern Region,53.0,99.0
Western Region,61.0,99.0
National,59.0,99.0
Eastern Region,51.0,99.0
North-Eastern Region,37.0,99.0
Northen Region,40.0,99.0
Southern Region,53.0,99.0
Western Region,61.0,99.0
National,59.0,99.0
Eastern Region,51.0,99.0
North-Eastern Region,37.0,99.0
Northen Region,40.0,99.0
Southern Region,53.0,99.0
Western Region,61.0,99.0
National,59.0,99.0
Eastern Region,51.0,99.0
North-Eastern Region,37.0,99.0
Northen Region,40.0,99.0
Southern Region,53.0,99.0
Western Region,61.0,99.0
National,59.0,99.0
Eastern Region,51.0,99.0
North-Eastern Region,37.0,99.0
Northen Region,39.0,99.0
Southern Region,53.0,99.0
Western Region,61.0,99.0
National,59.0,99.0
Eastern Region,50.0,99.0
North-Eastern Region,37.0,99.0
Northen Region,39.0,99.0
Southern Region,53.0,99.0
Western Region,61.0,99.0
National,59.0,99.0
Eastern Region,50.0,99.0
North-Eastern Region,37.0,99.0
Northen Region,39.0,99.0
Southern Region,52.0,99.0
Western Region,61.0,99.0
National,59.0,99.0
Eastern Region,50.0,99.0
North-Eastern Region,36.0,99.0
Northen Region,39.0,99.0
Southern Region,52.0,99.0
Western Region,61.0,99.0
National,59.0,99.0
Eastern Region,50.0,99.0
North-Eastern Region,36.0,99.0
Northen Region,39.0,99.0
Southern Region,52.0,99.0
Western Region,61.0,99.0
National,59.0,99.0
Eastern Region,50.0,99.0
North-Eastern Region,36.0,99.0
Northen Region,39.0,99.0
Southern Region,52.0,99.0
Western Region,61.0,99.0
National,59.0,99.0
Eastern Region,50.0,99.0
North-Eastern Region,36.0,99.0
Northen Region,39.0,99.0
Southern Region,52.0,99.0
Western Region,61.0,99.0
National,58.0,100.0
Eastern Region,50.0,100.0
North-Eastern Region,36.0,100.0
Northen Region,39.0,100.0
Southern Region,52.0,100.0
Western Region,61.0,100.0
National,58.0,100.0
Eastern Region,50.0,100.0
North-Eastern Region,36.0,100.0
Northen Region,39.0,100.0
Southern Region,52.0,100.0
Western Region,61.0,100.0
National,58.0,100.0
Eastern Region,50.0,100.0
North-Eastern Region,36.0,100.0
Northen Region,39.0,100.0
Southern Region,52.0,100.0
Western Region,60.0,100.0
National,58.0,100.0
Eastern Region,50.0,100.0
North-Eastern Region,36.0,100.0
Northen Region,39.0,100.0
Southern Region,51.0,100.0
Western Region,60.0,100.0
National,58.0,100.0
Eastern Region,49.0,100.0
North-Eastern Region,35.0,100.0
Northen Region,39.0,100.0
Southern Region,51.0,100.0
Western Region,60.0,100.0
National,58.0,100.0
Eastern Region,49.0,100.0
North-Eastern Region,35.0,100.0
Northen Region,39.0,100.0
Southern Region,51.0,100.0
Western Region,60.0,100.0
National,58.0,100.0
Eastern Region,49.0,100.0
North-Eastern Region,35.0,100.0
Northen Region,39.0,100.0
Southern Region,51.0,100.0
Western Region,60.0,100.0
National,58.0,100.0
Eastern Region,49.0,100.0
North-Eastern Region,35.0,100.0
Northen Region,39.0,100.0
Southern Region,51.0,100.0
Western Region,60.0,100.0
National,58.0,100.0
Eastern Region,49.0,100.0
North-Eastern Region,35.0,100.0
Northen Region,39.0,100.0
Southern Region,51.0,100.0
Western Region,60.0,100.0
National,58.0,100.0
Eastern Region,49.0,100.0
North-Eastern Region,35.0,100.0
Northen Region,39.0,100.0
Southern Region,51.0,100.0
Western Region,59.0,100.0
National,58.0,100.0
Eastern Region,49.0,100.0
North-Eastern Region,35.0,100.0
Northen Region,39.0,100.0
Southern Region,50.0,100.0
Western Region,59.0,100.0
National,58.0,100.0
Eastern Region,49.0,100.0
North-Eastern Region,35.0,100.0
Northen Region,39.0,100.0
Southern Region,50.0,100.0
Western Region,59.0,100.0
National,57.0,100.0
Eastern Region,49.0,100.0
North-Eastern Region,35.0,100.0
Northen Region,38.0,100.0
Southern Region,50.0,100.0
Western Region,59.0,100.0
National,57.0,100.0
Eastern Region,49.0,100.0
North-Eastern Region,35.0,100.0
Northen Region,38.0,100.0
Southern Region,50.0,100.0
Western Region,59.0,100.0
National,57.0,100.0
Eastern Region,48.0,100.0
North-Eastern Region,35.0,100.0
Northen Region,38.0,100.0
Southern Region,50.0,100.0
Western Region,58.0,100.0
National,56.0,100.0
Eastern Region,48.0,100.0
North-Eastern Region,35.0,100.0
Northen Region,38.0,100.0
Southern Region,50.0,100.0
Western Region,58.0,100.0
National,56.0,100.0
Eastern Region,48.0,100.0
North-Eastern Region,34.0,100.0
Northen Region,38.0,100.0
Southern Region,49.0,100.0
Western Region,58.0,100.0
National,56.0,100.0
Eastern Region,48.0,100.0
North-Eastern Region,34.0,100.0
Northen Region,38.0,100.0
Southern Region,49.0,100.0
Western Region,58.0,100.0
National,56.0,100.0
Eastern Region,47.0,100.0
North-Eastern Region,33.0,100.0
Northen Region,36.0,100.0
Southern Region,48.0,100.0
Western Region,57.0,100.0
National,56.0,100.0
Eastern Region,47.0,100.0
North-Eastern Region,32.0,100.0
Northen Region,36.0,100.0
Southern Region,48.0,100.0
Western Region,57.0,100.0
National,55.0,100.0
Eastern Region,47.0,100.0
North-Eastern Region,32.0,100.0
Northen Region,36.0,100.0
Southern Region,47.0,100.0
Western Region,57.0,100.0
,,
"Copyright © 2025, NITI Aayog",,
https://iced.niti.gov.in,,
"The information on this platform is mainly taken from official sources. However, in some cases, a few assumptions have been made and some data derived or assumed and is given in the detailed. While we believe that the data is reliable and adequately comprehensive, NITI Aayog ICED does not take guarantee that such information is in all respects accurate. NITI Aayog ICED does not accept any liability for any consequences resulting from the use of this data.sss",,
