Datetime,Hourly Demand Met (in MW)
2024-01-01 00:00:00,140980.07
2024-01-01 01:00:00,137655.76
2024-01-01 02:00:00,135181.1
2024-01-01 03:00:00,134351.94
2024-01-01 04:00:00,137807.77
2024-01-01 05:00:00,146618.51
2024-01-01 06:00:00,160729.16
2024-01-01 07:00:00,178006.92
2024-01-01 08:00:00,192039.48
2024-01-01 09:00:00,200826.98
2024-01-01 10:00:00,205016.59
2024-01-01 11:00:00,205912.89
2024-01-01 12:00:00,204187.69
2024-01-01 13:00:00,197306.32
2024-01-01 14:00:00,192048.28
2024-01-01 15:00:00,185799.31
2024-01-01 16:00:00,183290.93
2024-01-01 17:00:00,182335.42
2024-01-01 18:00:00,181939.92
2024-01-01 19:00:00,175446.36
2024-01-01 20:00:00,164922.56
2024-01-01 21:00:00,157726.78
2024-01-01 22:00:00,150740.4
2024-01-01 23:00:00,145627.31
2024-01-02 00:00:00,141248.85
2024-01-02 01:00:00,137268.16
2024-01-02 02:00:00,134587.1
2024-01-02 03:00:00,133951.42
2024-01-02 04:00:00,137002.55
2024-01-02 05:00:00,146081.83
2024-01-02 06:00:00,161186.59
2024-01-02 07:00:00,181266.34
2024-01-02 08:00:00,193163.64
2024-01-02 09:00:00,202011.58
2024-01-02 10:00:00,206947.55
2024-01-02 11:00:00,207405.49
2024-01-02 12:00:00,204543.94
2024-01-02 13:00:00,197935.4
2024-01-02 14:00:00,195745.3
2024-01-02 15:00:00,193316.24
2024-01-02 16:00:00,189800.86
2024-01-02 17:00:00,190138.03
2024-01-02 18:00:00,190260.17
2024-01-02 19:00:00,185158.71
2024-01-02 20:00:00,174648.17
2024-01-02 21:00:00,166827.49
2024-01-02 22:00:00,159134.44
2024-01-02 23:00:00,153016.01
2024-01-03 00:00:00,147333.01
2024-01-03 01:00:00,143061.11
2024-01-03 02:00:00,140088.5
2024-01-03 03:00:00,139440.0
2024-01-03 04:00:00,142079.75
2024-01-03 05:00:00,150921.62
2024-01-03 06:00:00,165836.04
2024-01-03 07:00:00,184644.21
2024-01-03 08:00:00,195324.96
2024-01-03 09:00:00,201684.01
2024-01-03 10:00:00,206869.42
2024-01-03 11:00:00,208341.93
2024-01-03 12:00:00,205263.95
2024-01-03 13:00:00,199553.25
2024-01-03 14:00:00,197213.5
2024-01-03 15:00:00,195722.91
2024-01-03 16:00:00,191619.26
2024-01-03 17:00:00,191229.92
2024-01-03 18:00:00,191083.57
2024-01-03 19:00:00,185786.64
2024-01-03 20:00:00,176078.41
2024-01-03 21:00:00,168128.52
2024-01-03 22:00:00,160589.42
2024-01-03 23:00:00,154155.71
2024-01-04 00:00:00,148063.9
2024-01-04 01:00:00,143605.58
2024-01-04 02:00:00,140989.55
2024-01-04 03:00:00,140758.1
2024-01-04 04:00:00,143786.7
2024-01-04 05:00:00,152420.42
2024-01-04 06:00:00,168753.94
2024-01-04 07:00:00,188949.35
2024-01-04 08:00:00,197921.81
2024-01-04 09:00:00,203203.17
2024-01-04 10:00:00,206280.4
2024-01-04 11:00:00,205774.0
2024-01-04 12:00:00,203463.3
2024-01-04 13:00:00,198814.73
2024-01-04 14:00:00,197024.42
2024-01-04 15:00:00,195068.74
2024-01-04 16:00:00,191657.64
2024-01-04 17:00:00,189548.85
2024-01-04 18:00:00,189760.2
2024-01-04 19:00:00,185655.42
2024-01-04 20:00:00,176288.82
2024-01-04 21:00:00,169024.27
2024-01-04 22:00:00,160418.06
2024-01-04 23:00:00,153840.8
2024-01-05 00:00:00,148036.33
2024-01-05 01:00:00,143840.29
2024-01-05 02:00:00,141188.93
2024-01-05 03:00:00,140750.82
2024-01-05 04:00:00,143924.49
2024-01-05 05:00:00,153517.15
2024-01-05 06:00:00,168565.81
2024-01-05 07:00:00,187344.62
2024-01-05 08:00:00,197262.61
2024-01-05 09:00:00,202884.77
2024-01-05 10:00:00,208334.68
2024-01-05 11:00:00,208765.04
2024-01-05 12:00:00,206654.25
2024-01-05 13:00:00,201653.66
2024-01-05 14:00:00,198242.36
2024-01-05 15:00:00,194620.48
2024-01-05 16:00:00,190394.53
2024-01-05 17:00:00,188492.45
2024-01-05 18:00:00,188306.61
2024-01-05 19:00:00,184304.02
2024-01-05 20:00:00,174859.14
2024-01-05 21:00:00,166855.66
2024-01-05 22:00:00,158392.85
2024-01-05 23:00:00,151596.69
2024-01-06 00:00:00,145706.04
2024-01-06 01:00:00,141622.5
2024-01-06 02:00:00,139089.58
2024-01-06 03:00:00,138230.62
2024-01-06 04:00:00,140984.65
2024-01-06 05:00:00,150720.17
2024-01-06 06:00:00,167683.53
2024-01-06 07:00:00,187608.98
2024-01-06 08:00:00,197818.67
2024-01-06 09:00:00,204301.69
2024-01-06 10:00:00,208534.04
2024-01-06 11:00:00,206690.53
2024-01-06 12:00:00,203406.37
2024-01-06 13:00:00,197393.66
2024-01-06 14:00:00,193991.27
2024-01-06 15:00:00,190405.28
2024-01-06 16:00:00,186477.14
2024-01-06 17:00:00,188391.9
2024-01-06 18:00:00,190477.25
2024-01-06 19:00:00,186170.11
2024-01-06 20:00:00,174787.73
2024-01-06 21:00:00,166496.95
2024-01-06 22:00:00,158783.91
2024-01-06 23:00:00,152301.35
2024-01-07 00:00:00,147155.88
2024-01-07 01:00:00,142748.86
2024-01-07 02:00:00,139724.57
2024-01-07 03:00:00,139183.69
2024-01-07 04:00:00,141611.3
2024-01-07 05:00:00,149761.76
2024-01-07 06:00:00,161906.78
2024-01-07 07:00:00,177945.02
2024-01-07 08:00:00,189521.11
2024-01-07 09:00:00,197042.95
2024-01-07 10:00:00,201151.49
2024-01-07 11:00:00,199944.65
2024-01-07 12:00:00,196556.19
2024-01-07 13:00:00,188827.52
2024-01-07 14:00:00,182150.9
2024-01-07 15:00:00,178140.43
2024-01-07 16:00:00,175050.24
2024-01-07 17:00:00,177843.54
2024-01-07 18:00:00,180367.23
2024-01-07 19:00:00,176277.37
2024-01-07 20:00:00,166242.35
2024-01-07 21:00:00,158737.63
2024-01-07 22:00:00,150953.17
2024-01-07 23:00:00,144915.36
2024-01-08 00:00:00,140476.56
2024-01-08 01:00:00,136215.72
2024-01-08 02:00:00,133645.49
2024-01-08 03:00:00,133255.84
2024-01-08 04:00:00,136647.54
2024-01-08 05:00:00,146678.1
2024-01-08 06:00:00,164110.26
2024-01-08 07:00:00,185591.17
2024-01-08 08:00:00,196462.95
2024-01-08 09:00:00,200024.22
2024-01-08 10:00:00,202282.25
2024-01-08 11:00:00,202743.27
2024-01-08 12:00:00,201920.7
2024-01-08 13:00:00,194689.27
2024-01-08 14:00:00,191467.84
2024-01-08 15:00:00,189118.25
2024-01-08 16:00:00,187221.91
2024-01-08 17:00:00,189792.98
2024-01-08 18:00:00,193031.9
2024-01-08 19:00:00,186866.02
2024-01-08 20:00:00,176132.38
2024-01-08 21:00:00,167638.68
2024-01-08 22:00:00,159213.05
2024-01-08 23:00:00,152405.31
2024-01-09 00:00:00,146380.0
2024-01-09 01:00:00,141845.58
2024-01-09 02:00:00,138620.56
2024-01-09 03:00:00,137780.18
2024-01-09 04:00:00,140022.41
2024-01-09 05:00:00,149848.87
2024-01-09 06:00:00,166511.64
2024-01-09 07:00:00,187566.41
2024-01-09 08:00:00,197768.45
2024-01-09 09:00:00,202425.49
2024-01-09 10:00:00,205156.77
2024-01-09 11:00:00,203238.77
2024-01-09 12:00:00,200965.81
2024-01-09 13:00:00,192793.01
2024-01-09 14:00:00,190064.53
2024-01-09 15:00:00,189031.09
2024-01-09 16:00:00,187189.12
2024-01-09 17:00:00,188640.58
2024-01-09 18:00:00,192029.11
2024-01-09 19:00:00,187031.98
2024-01-09 20:00:00,175844.16
2024-01-09 21:00:00,167388.46
2024-01-09 22:00:00,157935.08
2024-01-09 23:00:00,150676.86
2024-01-10 00:00:00,144872.43
2024-01-10 01:00:00,140541.61
2024-01-10 02:00:00,137800.83
2024-01-10 03:00:00,137247.27
2024-01-10 04:00:00,140212.49
2024-01-10 05:00:00,150767.2
2024-01-10 06:00:00,167826.75
2024-01-10 07:00:00,188523.08
2024-01-10 08:00:00,199151.6
2024-01-10 09:00:00,204910.72
2024-01-10 10:00:00,209590.75
2024-01-10 11:00:00,208781.7
2024-01-10 12:00:00,205029.23
2024-01-10 13:00:00,197412.49
2024-01-10 14:00:00,193514.77
2024-01-10 15:00:00,191381.83
2024-01-10 16:00:00,189615.69
2024-01-10 17:00:00,191899.07
2024-01-10 18:00:00,194488.68
2024-01-10 19:00:00,189626.46
2024-01-10 20:00:00,179553.72
2024-01-10 21:00:00,171107.85
2024-01-10 22:00:00,162451.93
2024-01-10 23:00:00,154904.14
2024-01-11 00:00:00,148160.24
2024-01-11 01:00:00,143595.37
2024-01-11 02:00:00,140301.89
2024-01-11 03:00:00,139524.26
2024-01-11 04:00:00,142541.54
2024-01-11 05:00:00,153326.3
2024-01-11 06:00:00,170304.92
2024-01-11 07:00:00,191272.75
2024-01-11 08:00:00,202884.25
2024-01-11 09:00:00,210903.93
2024-01-11 10:00:00,213252.12
2024-01-11 11:00:00,211086.09
2024-01-11 12:00:00,205646.89
2024-01-11 13:00:00,196878.64
2024-01-11 14:00:00,193584.07
2024-01-11 15:00:00,191788.17
2024-01-11 16:00:00,190473.94
2024-01-11 17:00:00,193377.39
2024-01-11 18:00:00,195810.25
2024-01-11 19:00:00,191674.1
2024-01-11 20:00:00,181513.49
2024-01-11 21:00:00,173482.26
2024-01-11 22:00:00,164533.1
2024-01-11 23:00:00,156878.27
2024-01-12 00:00:00,150500.26
2024-01-12 01:00:00,145667.75
2024-01-12 02:00:00,142929.37
2024-01-12 03:00:00,141950.4
2024-01-12 04:00:00,144797.8
2024-01-12 05:00:00,154452.46
2024-01-12 06:00:00,171156.72
2024-01-12 07:00:00,192666.96
2024-01-12 08:00:00,205007.41
2024-01-12 09:00:00,213351.8
2024-01-12 10:00:00,217182.66
2024-01-12 11:00:00,217259.29
2024-01-12 12:00:00,213304.67
2024-01-12 13:00:00,204047.45
2024-01-12 14:00:00,199362.45
2024-01-12 15:00:00,197294.91
2024-01-12 16:00:00,194865.24
2024-01-12 17:00:00,195682.31
2024-01-12 18:00:00,196912.57
2024-01-12 19:00:00,192498.6
2024-01-12 20:00:00,183139.9
2024-01-12 21:00:00,175029.83
2024-01-12 22:00:00,166375.13
2024-01-12 23:00:00,159938.06
2024-01-13 00:00:00,153404.03
2024-01-13 01:00:00,148514.03
2024-01-13 02:00:00,144961.73
2024-01-13 03:00:00,143793.63
2024-01-13 04:00:00,146585.91
2024-01-13 05:00:00,155419.47
2024-01-13 06:00:00,170385.03
2024-01-13 07:00:00,190159.74
2024-01-13 08:00:00,203003.77
2024-01-13 09:00:00,210452.9
2024-01-13 10:00:00,214787.55
2024-01-13 11:00:00,213369.28
2024-01-13 12:00:00,209991.8
2024-01-13 13:00:00,202881.77
2024-01-13 14:00:00,199859.72
2024-01-13 15:00:00,197734.47
2024-01-13 16:00:00,193566.8
2024-01-13 17:00:00,191110.78
2024-01-13 18:00:00,190311.74
2024-01-13 19:00:00,186576.49
2024-01-13 20:00:00,178561.0
2024-01-13 21:00:00,172840.4
2024-01-13 22:00:00,164595.58
2024-01-13 23:00:00,158257.75
2024-01-14 00:00:00,151999.84
2024-01-14 01:00:00,147150.54
2024-01-14 02:00:00,143852.77
2024-01-14 03:00:00,143202.5
2024-01-14 04:00:00,145948.94
2024-01-14 05:00:00,154515.52
2024-01-14 06:00:00,166390.25
2024-01-14 07:00:00,181677.49
2024-01-14 08:00:00,193056.65
2024-01-14 09:00:00,200857.06
2024-01-14 10:00:00,204418.25
2024-01-14 11:00:00,202950.06
2024-01-14 12:00:00,198492.67
2024-01-14 13:00:00,189761.8
2024-01-14 14:00:00,182683.87
2024-01-14 15:00:00,177385.87
2024-01-14 16:00:00,173947.36
2024-01-14 17:00:00,175561.08
2024-01-14 18:00:00,178043.28
2024-01-14 19:00:00,175431.62
2024-01-14 20:00:00,168025.27
2024-01-14 21:00:00,161522.74
2024-01-14 22:00:00,154802.73
2024-01-14 23:00:00,148815.4
2024-01-15 00:00:00,142908.4
2024-01-15 01:00:00,138338.23
2024-01-15 02:00:00,135402.68
2024-01-15 03:00:00,134664.83
2024-01-15 04:00:00,138321.97
2024-01-15 05:00:00,149054.23
2024-01-15 06:00:00,164424.85
2024-01-15 07:00:00,183389.94
2024-01-15 08:00:00,196111.32
2024-01-15 09:00:00,204197.78
2024-01-15 10:00:00,209986.65
2024-01-15 11:00:00,208390.61
2024-01-15 12:00:00,203876.4
2024-01-15 13:00:00,196368.8
2024-01-15 14:00:00,192776.7
2024-01-15 15:00:00,190950.58
2024-01-15 16:00:00,187414.96
2024-01-15 17:00:00,184999.29
2024-01-15 18:00:00,183548.85
2024-01-15 19:00:00,180272.33
2024-01-15 20:00:00,173960.18
2024-01-15 21:00:00,166612.03
2024-01-15 22:00:00,158989.26
2024-01-15 23:00:00,152273.53
2024-01-16 00:00:00,146667.07
2024-01-16 01:00:00,142465.54
2024-01-16 02:00:00,139812.22
2024-01-16 03:00:00,138845.28
2024-01-16 04:00:00,141822.34
2024-01-16 05:00:00,151059.65
2024-01-16 06:00:00,166341.62
2024-01-16 07:00:00,185690.03
2024-01-16 08:00:00,197823.89
2024-01-16 09:00:00,206838.24
2024-01-16 10:00:00,212639.99
2024-01-16 11:00:00,209856.6
2024-01-16 12:00:00,206527.61
2024-01-16 13:00:00,199809.77
2024-01-16 14:00:00,197890.48
2024-01-16 15:00:00,197611.6
2024-01-16 16:00:00,193994.55
2024-01-16 17:00:00,191347.46
2024-01-16 18:00:00,189973.01
2024-01-16 19:00:00,185798.61
2024-01-16 20:00:00,178724.04
2024-01-16 21:00:00,171730.47
2024-01-16 22:00:00,163872.96
2024-01-16 23:00:00,157147.63
2024-01-17 00:00:00,151482.23
2024-01-17 01:00:00,147034.15
2024-01-17 02:00:00,144243.89
2024-01-17 03:00:00,142982.32
2024-01-17 04:00:00,145810.99
2024-01-17 05:00:00,155048.0
2024-01-17 06:00:00,171587.64
2024-01-17 07:00:00,189835.98
2024-01-17 08:00:00,198730.16
2024-01-17 09:00:00,206230.04
2024-01-17 10:00:00,211248.05
2024-01-17 11:00:00,211554.39
2024-01-17 12:00:00,209607.83
2024-01-17 13:00:00,203879.02
2024-01-17 14:00:00,201619.22
2024-01-17 15:00:00,199751.38
2024-01-17 16:00:00,195521.75
2024-01-17 17:00:00,192380.5
2024-01-17 18:00:00,191588.26
2024-01-17 19:00:00,187329.29
2024-01-17 20:00:00,180403.3
2024-01-17 21:00:00,174578.43
2024-01-17 22:00:00,167020.62
2024-01-17 23:00:00,160335.1
2024-01-18 00:00:00,153740.72
2024-01-18 01:00:00,148893.29
2024-01-18 02:00:00,145716.63
2024-01-18 03:00:00,144578.81
2024-01-18 04:00:00,147417.57
2024-01-18 05:00:00,157243.81
2024-01-18 06:00:00,175547.04
2024-01-18 07:00:00,194591.37
2024-01-18 08:00:00,201951.65
2024-01-18 09:00:00,208105.2
2024-01-18 10:00:00,212295.16
2024-01-18 11:00:00,212291.39
2024-01-18 12:00:00,211778.65
2024-01-18 13:00:00,205834.31
2024-01-18 14:00:00,204577.44
2024-01-18 15:00:00,202930.27
2024-01-18 16:00:00,198443.45
2024-01-18 17:00:00,195260.9
2024-01-18 18:00:00,193094.99
2024-01-18 19:00:00,189348.51
2024-01-18 20:00:00,183115.55
2024-01-18 21:00:00,176756.19
2024-01-18 22:00:00,168312.16
2024-01-18 23:00:00,161124.76
2024-01-19 00:00:00,154351.25
2024-01-19 01:00:00,150129.21
2024-01-19 02:00:00,147617.88
2024-01-19 03:00:00,146383.6
2024-01-19 04:00:00,149404.25
2024-01-19 05:00:00,159406.9
2024-01-19 06:00:00,177452.81
2024-01-19 07:00:00,196720.86
2024-01-19 08:00:00,204804.31
2024-01-19 09:00:00,210460.62
2024-01-19 10:00:00,216173.21
2024-01-19 11:00:00,217329.09
2024-01-19 12:00:00,217445.31
2024-01-19 13:00:00,210860.69
2024-01-19 14:00:00,207906.83
2024-01-19 15:00:00,204865.76
2024-01-19 16:00:00,198975.18
2024-01-19 17:00:00,195212.18
2024-01-19 18:00:00,193838.8
2024-01-19 19:00:00,190161.58
2024-01-19 20:00:00,183228.73
2024-01-19 21:00:00,178149.43
2024-01-19 22:00:00,170494.75
2024-01-19 23:00:00,163255.59
2024-01-20 00:00:00,156792.31
2024-01-20 01:00:00,152409.57
2024-01-20 02:00:00,149549.21
2024-01-20 03:00:00,148757.19
2024-01-20 04:00:00,151671.18
2024-01-20 05:00:00,161874.95
2024-01-20 06:00:00,178371.5
2024-01-20 07:00:00,196356.91
2024-01-20 08:00:00,203308.38
2024-01-20 09:00:00,210708.78
2024-01-20 10:00:00,215426.52
2024-01-20 11:00:00,214249.32
2024-01-20 12:00:00,212910.99
2024-01-20 13:00:00,207208.14
2024-01-20 14:00:00,203887.38
2024-01-20 15:00:00,202371.36
2024-01-20 16:00:00,198608.54
2024-01-20 17:00:00,195561.86
2024-01-20 18:00:00,195408.37
2024-01-20 19:00:00,191304.38
2024-01-20 20:00:00,184635.43
2024-01-20 21:00:00,177755.76
2024-01-20 22:00:00,170439.29
2024-01-20 23:00:00,163753.56
2024-01-21 00:00:00,157379.27
2024-01-21 01:00:00,152608.94
2024-01-21 02:00:00,149455.13
2024-01-21 03:00:00,148583.98
2024-01-21 04:00:00,150974.93
2024-01-21 05:00:00,158656.74
2024-01-21 06:00:00,170885.69
2024-01-21 07:00:00,185580.58
2024-01-21 08:00:00,194145.35
2024-01-21 09:00:00,201451.63
2024-01-21 10:00:00,209997.96
2024-01-21 11:00:00,211011.82
2024-01-21 12:00:00,209105.4
2024-01-21 13:00:00,202292.55
2024-01-21 14:00:00,196309.08
2024-01-21 15:00:00,192382.94
2024-01-21 16:00:00,189278.31
2024-01-21 17:00:00,188776.75
2024-01-21 18:00:00,188404.82
2024-01-21 19:00:00,186500.87
2024-01-21 20:00:00,177965.94
2024-01-21 21:00:00,171213.05
2024-01-21 22:00:00,163492.98
2024-01-21 23:00:00,157604.93
2024-01-22 00:00:00,151590.37
2024-01-22 01:00:00,147693.44
2024-01-22 02:00:00,144558.04
2024-01-22 03:00:00,143695.0
2024-01-22 04:00:00,146670.01
2024-01-22 05:00:00,157250.44
2024-01-22 06:00:00,174187.45
2024-01-22 07:00:00,193115.73
2024-01-22 08:00:00,202304.88
2024-01-22 09:00:00,209952.62
2024-01-22 10:00:00,217364.79
2024-01-22 11:00:00,218693.92
2024-01-22 12:00:00,216962.98
2024-01-22 13:00:00,210698.89
2024-01-22 14:00:00,205302.35
2024-01-22 15:00:00,202424.16
2024-01-22 16:00:00,197598.66
2024-01-22 17:00:00,192935.75
2024-01-22 18:00:00,191413.74
2024-01-22 19:00:00,188095.58
2024-01-22 20:00:00,180805.93
2024-01-22 21:00:00,174910.23
2024-01-22 22:00:00,167060.63
2024-01-22 23:00:00,160391.43
2024-01-23 00:00:00,154601.79
2024-01-23 01:00:00,150374.77
2024-01-23 02:00:00,147404.05
2024-01-23 03:00:00,147009.61
2024-01-23 04:00:00,149745.62
2024-01-23 05:00:00,158356.6
2024-01-23 06:00:00,174324.82
2024-01-23 07:00:00,191744.01
2024-01-23 08:00:00,199624.43
2024-01-23 09:00:00,205532.05
2024-01-23 10:00:00,212901.18
2024-01-23 11:00:00,215147.32
2024-01-23 12:00:00,214152.9
2024-01-23 13:00:00,207671.19
2024-01-23 14:00:00,204595.84
2024-01-23 15:00:00,202240.79
2024-01-23 16:00:00,198216.11
2024-01-23 17:00:00,195603.72
2024-01-23 18:00:00,194499.74
2024-01-23 19:00:00,191189.19
2024-01-23 20:00:00,185427.33
2024-01-23 21:00:00,179311.01
2024-01-23 22:00:00,172517.49
2024-01-23 23:00:00,165275.67
2024-01-24 00:00:00,158160.56
2024-01-24 01:00:00,153236.32
2024-01-24 02:00:00,150101.33
2024-01-24 03:00:00,149096.04
2024-01-24 04:00:00,151039.59
2024-01-24 05:00:00,160472.09
2024-01-24 06:00:00,178672.78
2024-01-24 07:00:00,195236.55
2024-01-24 08:00:00,202041.11
2024-01-24 09:00:00,207863.26
2024-01-24 10:00:00,213403.4
2024-01-24 11:00:00,214008.59
2024-01-24 12:00:00,214294.93
2024-01-24 13:00:00,210057.61
2024-01-24 14:00:00,206906.21
2024-01-24 15:00:00,203680.16
2024-01-24 16:00:00,198165.71
2024-01-24 17:00:00,195639.35
2024-01-24 18:00:00,194282.75
2024-01-24 19:00:00,191508.59
2024-01-24 20:00:00,184752.47
2024-01-24 21:00:00,180414.94
2024-01-24 22:00:00,173348.77
2024-01-24 23:00:00,165665.16
2024-01-25 00:00:00,158295.66
2024-01-25 01:00:00,153458.2
2024-01-25 02:00:00,150648.15
2024-01-25 03:00:00,149846.05
2024-01-25 04:00:00,152379.02
2024-01-25 05:00:00,162157.58
2024-01-25 06:00:00,178489.16
2024-01-25 07:00:00,195135.21
2024-01-25 08:00:00,204750.7
2024-01-25 09:00:00,212907.29
2024-01-25 10:00:00,218714.14
2024-01-25 11:00:00,219952.08
2024-01-25 12:00:00,216962.57
2024-01-25 13:00:00,209391.6
2024-01-25 14:00:00,206487.47
2024-01-25 15:00:00,203817.11
2024-01-25 16:00:00,198944.86
2024-01-25 17:00:00,195479.53
2024-01-25 18:00:00,193344.61
2024-01-25 19:00:00,189628.14
2024-01-25 20:00:00,183019.15
2024-01-25 21:00:00,178122.98
2024-01-25 22:00:00,172089.71
2024-01-25 23:00:00,165475.97
2024-01-26 00:00:00,158675.01
2024-01-26 01:00:00,153379.3
2024-01-26 02:00:00,149999.08
2024-01-26 03:00:00,149538.04
2024-01-26 04:00:00,152475.41
2024-01-26 05:00:00,162282.88
2024-01-26 06:00:00,178138.41
2024-01-26 07:00:00,192526.06
2024-01-26 08:00:00,197458.44
2024-01-26 09:00:00,203777.4
2024-01-26 10:00:00,210133.24
2024-01-26 11:00:00,212513.42
2024-01-26 12:00:00,209509.11
2024-01-26 13:00:00,199729.59
2024-01-26 14:00:00,190034.7
2024-01-26 15:00:00,187294.32
2024-01-26 16:00:00,184021.34
2024-01-26 17:00:00,182756.99
2024-01-26 18:00:00,184071.96
2024-01-26 19:00:00,181332.72
2024-01-26 20:00:00,172569.54
2024-01-26 21:00:00,165660.55
2024-01-26 22:00:00,158369.18
2024-01-26 23:00:00,152158.98
2024-01-27 00:00:00,146968.39
2024-01-27 01:00:00,142959.46
2024-01-27 02:00:00,140445.31
2024-01-27 03:00:00,139789.93
2024-01-27 04:00:00,142672.62
2024-01-27 05:00:00,152487.75
2024-01-27 06:00:00,169740.91
2024-01-27 07:00:00,192489.52
2024-01-27 08:00:00,203922.16
2024-01-27 09:00:00,210663.43
2024-01-27 10:00:00,216145.61
2024-01-27 11:00:00,216219.18
2024-01-27 12:00:00,211421.57
2024-01-27 13:00:00,202440.04
2024-01-27 14:00:00,198159.05
2024-01-27 15:00:00,195457.46
2024-01-27 16:00:00,193841.83
2024-01-27 17:00:00,194632.04
2024-01-27 18:00:00,195520.53
2024-01-27 19:00:00,191618.95
2024-01-27 20:00:00,181759.44
2024-01-27 21:00:00,173915.45
2024-01-27 22:00:00,166074.09
2024-01-27 23:00:00,160121.5
2024-01-28 00:00:00,154636.05
2024-01-28 01:00:00,150921.06
2024-01-28 02:00:00,147877.3
2024-01-28 03:00:00,147151.36
2024-01-28 04:00:00,149520.73
2024-01-28 05:00:00,158485.69
2024-01-28 06:00:00,171883.86
2024-01-28 07:00:00,188993.42
2024-01-28 08:00:00,200466.63
2024-01-28 09:00:00,209062.05
2024-01-28 10:00:00,213003.0
2024-01-28 11:00:00,212287.37
2024-01-28 12:00:00,208386.62
2024-01-28 13:00:00,199802.15
2024-01-28 14:00:00,192733.76
2024-01-28 15:00:00,189038.82
2024-01-28 16:00:00,186359.45
2024-01-28 17:00:00,187404.51
2024-01-28 18:00:00,187570.35
2024-01-28 19:00:00,185618.43
2024-01-28 20:00:00,176058.17
2024-01-28 21:00:00,169106.77
2024-01-28 22:00:00,162412.88
2024-01-28 23:00:00,156951.05
2024-01-29 00:00:00,151778.6
2024-01-29 01:00:00,147351.05
2024-01-29 02:00:00,144729.88
2024-01-29 03:00:00,144679.69
2024-01-29 04:00:00,148173.6
2024-01-29 05:00:00,158890.03
2024-01-29 06:00:00,177523.29
2024-01-29 07:00:00,198355.7
2024-01-29 08:00:00,206958.61
2024-01-29 09:00:00,214222.08
2024-01-29 10:00:00,219239.9
2024-01-29 11:00:00,219914.47
2024-01-29 12:00:00,214708.82
2024-01-29 13:00:00,204385.82
2024-01-29 14:00:00,200540.67
2024-01-29 15:00:00,198730.13
2024-01-29 16:00:00,197751.42
2024-01-29 17:00:00,196915.53
2024-01-29 18:00:00,195374.1
2024-01-29 19:00:00,191863.18
2024-01-29 20:00:00,183558.56
2024-01-29 21:00:00,177135.42
2024-01-29 22:00:00,170293.83
2024-01-29 23:00:00,163360.95
2024-01-30 00:00:00,157749.83
2024-01-30 01:00:00,153681.0
2024-01-30 02:00:00,150882.07
2024-01-30 03:00:00,149916.08
2024-01-30 04:00:00,152876.39
2024-01-30 05:00:00,162993.87
2024-01-30 06:00:00,180960.24
2024-01-30 07:00:00,196936.67
2024-01-30 08:00:00,204736.96
2024-01-30 09:00:00,211671.27
2024-01-30 10:00:00,216541.39
2024-01-30 11:00:00,216726.98
2024-01-30 12:00:00,212781.42
2024-01-30 13:00:00,203823.9
2024-01-30 14:00:00,200269.07
2024-01-30 15:00:00,198579.99
2024-01-30 16:00:00,196550.63
2024-01-30 17:00:00,196279.47
2024-01-30 18:00:00,194144.22
2024-01-30 19:00:00,189705.76
2024-01-30 20:00:00,183287.76
2024-01-30 21:00:00,176438.67
2024-01-30 22:00:00,168926.37
2024-01-30 23:00:00,163327.53
2024-01-31 00:00:00,157792.64
2024-01-31 01:00:00,153621.27
2024-01-31 02:00:00,150803.92
2024-01-31 03:00:00,150201.96
2024-01-31 04:00:00,152935.61
2024-01-31 05:00:00,161905.6
2024-01-31 06:00:00,177955.73
2024-01-31 07:00:00,193523.26
2024-01-31 08:00:00,201899.53
2024-01-31 09:00:00,211005.22
2024-01-31 10:00:00,217343.38
2024-01-31 11:00:00,215721.51
2024-01-31 12:00:00,211405.08
2024-01-31 13:00:00,203757.8
2024-01-31 14:00:00,199705.25
2024-01-31 15:00:00,195959.16
2024-01-31 16:00:00,195569.13
2024-01-31 17:00:00,193286.17
2024-01-31 18:00:00,191580.91
2024-01-31 19:00:00,188361.35
2024-01-31 20:00:00,180066.53
2024-01-31 21:00:00,171799.21
2024-01-31 22:00:00,163724.75
2024-01-31 23:00:00,157867.35
2024-02-01 00:00:00,152032.11
2024-02-01 01:00:00,147716.29
2024-02-01 02:00:00,144241.09
2024-02-01 03:00:00,143321.38
2024-02-01 04:00:00,145418.85
2024-02-01 05:00:00,154265.39
2024-02-01 06:00:00,169873.67
2024-02-01 07:00:00,189242.76
2024-02-01 08:00:00,197509.93
2024-02-01 09:00:00,206139.96
2024-02-01 10:00:00,209325.34
2024-02-01 11:00:00,206867.93
2024-02-01 12:00:00,202169.21
2024-02-01 13:00:00,195648.71
2024-02-01 14:00:00,193176.45
2024-02-01 15:00:00,193714.45
2024-02-01 16:00:00,192354.03
2024-02-01 17:00:00,192896.08
2024-02-01 18:00:00,191679.46
2024-02-01 19:00:00,187870.08
2024-02-01 20:00:00,180694.26
2024-02-01 21:00:00,172843.77
2024-02-01 22:00:00,165856.02
2024-02-01 23:00:00,160362.07
2024-02-02 00:00:00,154863.01
2024-02-02 01:00:00,151229.31
2024-02-02 02:00:00,148534.39
2024-02-02 03:00:00,148024.18
2024-02-02 04:00:00,150928.45
2024-02-02 05:00:00,161267.12
2024-02-02 06:00:00,178514.8
2024-02-02 07:00:00,195869.22
2024-02-02 08:00:00,204054.08
2024-02-02 09:00:00,210131.38
2024-02-02 10:00:00,215972.18
2024-02-02 11:00:00,214381.4
2024-02-02 12:00:00,209406.67
2024-02-02 13:00:00,199844.07
2024-02-02 14:00:00,195354.12
2024-02-02 15:00:00,193687.66
2024-02-02 16:00:00,192507.94
2024-02-02 17:00:00,193793.73
2024-02-02 18:00:00,193303.5
2024-02-02 19:00:00,190565.94
2024-02-02 20:00:00,181629.74
2024-02-02 21:00:00,174142.25
2024-02-02 22:00:00,167158.32
2024-02-02 23:00:00,161507.83
2024-02-03 00:00:00,155938.02
2024-02-03 01:00:00,151445.31
2024-02-03 02:00:00,148814.57
2024-02-03 03:00:00,148207.11
2024-02-03 04:00:00,151060.92
2024-02-03 05:00:00,160978.67
2024-02-03 06:00:00,177593.13
2024-02-03 07:00:00,194921.13
2024-02-03 08:00:00,201704.45
2024-02-03 09:00:00,208047.89
2024-02-03 10:00:00,211223.44
2024-02-03 11:00:00,209745.29
2024-02-03 12:00:00,203715.79
2024-02-03 13:00:00,195760.54
2024-02-03 14:00:00,194078.33
2024-02-03 15:00:00,193871.77
2024-02-03 16:00:00,193114.59
2024-02-03 17:00:00,192900.54
2024-02-03 18:00:00,192653.15
2024-02-03 19:00:00,190419.93
2024-02-03 20:00:00,179790.37
2024-02-03 21:00:00,171936.71
2024-02-03 22:00:00,165571.66
2024-02-03 23:00:00,160450.64
2024-02-04 00:00:00,155114.0
2024-02-04 01:00:00,150608.5
2024-02-04 02:00:00,147263.04
2024-02-04 03:00:00,146301.53
2024-02-04 04:00:00,148615.47
2024-02-04 05:00:00,156075.27
2024-02-04 06:00:00,167252.38
2024-02-04 07:00:00,182903.18
2024-02-04 08:00:00,192256.61
2024-02-04 09:00:00,200270.65
2024-02-04 10:00:00,202495.74
2024-02-04 11:00:00,204370.71
2024-02-04 12:00:00,199967.07
2024-02-04 13:00:00,192410.62
2024-02-04 14:00:00,185860.85
2024-02-04 15:00:00,181880.15
2024-02-04 16:00:00,178016.82
2024-02-04 17:00:00,177274.33
2024-02-04 18:00:00,177485.14
2024-02-04 19:00:00,176158.49
2024-02-04 20:00:00,166657.58
2024-02-04 21:00:00,159691.7
2024-02-04 22:00:00,153620.16
2024-02-04 23:00:00,148428.87
2024-02-05 00:00:00,143644.68
2024-02-05 01:00:00,140223.46
2024-02-05 02:00:00,137578.71
2024-02-05 03:00:00,136880.9
2024-02-05 04:00:00,139976.0
2024-02-05 05:00:00,148970.62
2024-02-05 06:00:00,166266.56
2024-02-05 07:00:00,188280.34
2024-02-05 08:00:00,198644.42
2024-02-05 09:00:00,207702.86
2024-02-05 10:00:00,211722.54
2024-02-05 11:00:00,210025.51
2024-02-05 12:00:00,205705.11
2024-02-05 13:00:00,197252.5
2024-02-05 14:00:00,195202.82
2024-02-05 15:00:00,194438.28
2024-02-05 16:00:00,193432.86
2024-02-05 17:00:00,192767.72
2024-02-05 18:00:00,191747.4
2024-02-05 19:00:00,189578.43
2024-02-05 20:00:00,180950.42
2024-02-05 21:00:00,173960.49
2024-02-05 22:00:00,166752.82
2024-02-05 23:00:00,161355.21
2024-02-06 00:00:00,156272.17
2024-02-06 01:00:00,151948.77
2024-02-06 02:00:00,149457.52
2024-02-06 03:00:00,148924.19
2024-02-06 04:00:00,151724.86
2024-02-06 05:00:00,160802.54
2024-02-06 06:00:00,177896.43
2024-02-06 07:00:00,196721.28
2024-02-06 08:00:00,204159.32
2024-02-06 09:00:00,210934.92
2024-02-06 10:00:00,214040.16
2024-02-06 11:00:00,212109.52
2024-02-06 12:00:00,206125.17
2024-02-06 13:00:00,197088.82
2024-02-06 14:00:00,194532.37
2024-02-06 15:00:00,193586.29
2024-02-06 16:00:00,193048.49
2024-02-06 17:00:00,192087.91
2024-02-06 18:00:00,192434.62
2024-02-06 19:00:00,191427.37
2024-02-06 20:00:00,181680.16
2024-02-06 21:00:00,174465.73
2024-02-06 22:00:00,167628.3
2024-02-06 23:00:00,163069.62
2024-02-07 00:00:00,157797.43
2024-02-07 01:00:00,154186.36
2024-02-07 02:00:00,151787.26
2024-02-07 03:00:00,151061.6
2024-02-07 04:00:00,153919.53
2024-02-07 05:00:00,163410.22
2024-02-07 06:00:00,180269.25
2024-02-07 07:00:00,198095.49
2024-02-07 08:00:00,204763.1
2024-02-07 09:00:00,211231.24
2024-02-07 10:00:00,213040.96
2024-02-07 11:00:00,210191.23
2024-02-07 12:00:00,204596.4
2024-02-07 13:00:00,196425.89
2024-02-07 14:00:00,195495.44
2024-02-07 15:00:00,195670.59
2024-02-07 16:00:00,193167.2
2024-02-07 17:00:00,192177.44
2024-02-07 18:00:00,193026.78
2024-02-07 19:00:00,193291.02
2024-02-07 20:00:00,184115.88
2024-02-07 21:00:00,177026.43
2024-02-07 22:00:00,169716.46
2024-02-07 23:00:00,164467.11
2024-02-08 00:00:00,159068.38
2024-02-08 01:00:00,154699.82
2024-02-08 02:00:00,152288.98
2024-02-08 03:00:00,151556.13
2024-02-08 04:00:00,154235.2
2024-02-08 05:00:00,163372.34
2024-02-08 06:00:00,179643.14
2024-02-08 07:00:00,199837.27
2024-02-08 08:00:00,206183.39
2024-02-08 09:00:00,212953.83
2024-02-08 10:00:00,214495.09
2024-02-08 11:00:00,210645.24
2024-02-08 12:00:00,204550.77
2024-02-08 13:00:00,196940.35
2024-02-08 14:00:00,195611.35
2024-02-08 15:00:00,195551.53
2024-02-08 16:00:00,194303.98
2024-02-08 17:00:00,195027.59
2024-02-08 18:00:00,194309.2
2024-02-08 19:00:00,191978.0
2024-02-08 20:00:00,184481.18
2024-02-08 21:00:00,178489.46
2024-02-08 22:00:00,171401.8
2024-02-08 23:00:00,165784.45
2024-02-09 00:00:00,160242.18
2024-02-09 01:00:00,156135.01
2024-02-09 02:00:00,153548.44
2024-02-09 03:00:00,152744.92
2024-02-09 04:00:00,155803.2
2024-02-09 05:00:00,166233.46
2024-02-09 06:00:00,181836.58
2024-02-09 07:00:00,196951.55
2024-02-09 08:00:00,203375.16
2024-02-09 09:00:00,211805.89
2024-02-09 10:00:00,217750.01
2024-02-09 11:00:00,216505.79
2024-02-09 12:00:00,211109.9
2024-02-09 13:00:00,203735.7
2024-02-09 14:00:00,199708.77
2024-02-09 15:00:00,198153.19
2024-02-09 16:00:00,196447.16
2024-02-09 17:00:00,194661.21
2024-02-09 18:00:00,192631.35
2024-02-09 19:00:00,190464.67
2024-02-09 20:00:00,182506.15
2024-02-09 21:00:00,176254.93
2024-02-09 22:00:00,170075.09
2024-02-09 23:00:00,165520.81
2024-02-10 00:00:00,160513.89
2024-02-10 01:00:00,156216.16
2024-02-10 02:00:00,153519.12
2024-02-10 03:00:00,152894.87
2024-02-10 04:00:00,155924.38
2024-02-10 05:00:00,165691.8
2024-02-10 06:00:00,179325.38
2024-02-10 07:00:00,196108.89
2024-02-10 08:00:00,202566.95
2024-02-10 09:00:00,211649.1
2024-02-10 10:00:00,214791.46
2024-02-10 11:00:00,211985.52
2024-02-10 12:00:00,207743.84
2024-02-10 13:00:00,200646.33
2024-02-10 14:00:00,199466.79
2024-02-10 15:00:00,198379.99
2024-02-10 16:00:00,195803.92
2024-02-10 17:00:00,192936.93
2024-02-10 18:00:00,191343.27
2024-02-10 19:00:00,190739.14
2024-02-10 20:00:00,181492.88
2024-02-10 21:00:00,174352.15
2024-02-10 22:00:00,168712.41
2024-02-10 23:00:00,164322.68
2024-02-11 00:00:00,159490.45
2024-02-11 01:00:00,155478.17
2024-02-11 02:00:00,152800.68
2024-02-11 03:00:00,151954.54
2024-02-11 04:00:00,154923.01
2024-02-11 05:00:00,163488.56
2024-02-11 06:00:00,174936.91
2024-02-11 07:00:00,189270.02
2024-02-11 08:00:00,198347.6
2024-02-11 09:00:00,204650.87
2024-02-11 10:00:00,207351.89
2024-02-11 11:00:00,204274.38
2024-02-11 12:00:00,199626.37
2024-02-11 13:00:00,192498.15
2024-02-11 14:00:00,187603.39
2024-02-11 15:00:00,184289.2
2024-02-11 16:00:00,180641.78
2024-02-11 17:00:00,178412.43
2024-02-11 18:00:00,178557.28
2024-02-11 19:00:00,179162.57
2024-02-11 20:00:00,170441.61
2024-02-11 21:00:00,163947.43
2024-02-11 22:00:00,158955.18
2024-02-11 23:00:00,154869.13
2024-02-12 00:00:00,150563.75
2024-02-12 01:00:00,146956.42
2024-02-12 02:00:00,144471.59
2024-02-12 03:00:00,143961.5
2024-02-12 04:00:00,147508.36
2024-02-12 05:00:00,157858.69
2024-02-12 06:00:00,175582.66
2024-02-12 07:00:00,195082.27
2024-02-12 08:00:00,202161.88
2024-02-12 09:00:00,209664.67
2024-02-12 10:00:00,214513.51
2024-02-12 11:00:00,213494.51
2024-02-12 12:00:00,207394.62
2024-02-12 13:00:00,201048.98
2024-02-12 14:00:00,199401.97
2024-02-12 15:00:00,198528.65
2024-02-12 16:00:00,196935.76
2024-02-12 17:00:00,194454.12
2024-02-12 18:00:00,191970.63
2024-02-12 19:00:00,189427.79
2024-02-12 20:00:00,179786.84
2024-02-12 21:00:00,172453.27
2024-02-12 22:00:00,166329.35
2024-02-12 23:00:00,162246.26
2024-02-13 00:00:00,157387.72
2024-02-13 01:00:00,153428.54
2024-02-13 02:00:00,150685.57
2024-02-13 03:00:00,150023.23
2024-02-13 04:00:00,152944.27
2024-02-13 05:00:00,162537.87
2024-02-13 06:00:00,178141.26
2024-02-13 07:00:00,195957.02
2024-02-13 08:00:00,203276.64
2024-02-13 09:00:00,212367.88
2024-02-13 10:00:00,215606.63
2024-02-13 11:00:00,214819.78
2024-02-13 12:00:00,209764.76
2024-02-13 13:00:00,201606.67
2024-02-13 14:00:00,199841.22
2024-02-13 15:00:00,198534.09
2024-02-13 16:00:00,196580.92
2024-02-13 17:00:00,193637.02
2024-02-13 18:00:00,192138.75
2024-02-13 19:00:00,190100.07
2024-02-13 20:00:00,180201.78
2024-02-13 21:00:00,173176.65
2024-02-13 22:00:00,167839.93
2024-02-13 23:00:00,163507.32
2024-02-14 00:00:00,158596.34
2024-02-14 01:00:00,154481.58
2024-02-14 02:00:00,151832.31
2024-02-14 03:00:00,151046.57
2024-02-14 04:00:00,154063.08
2024-02-14 05:00:00,163891.08
2024-02-14 06:00:00,180048.74
2024-02-14 07:00:00,197888.27
2024-02-14 08:00:00,205119.2
2024-02-14 09:00:00,214135.16
2024-02-14 10:00:00,217958.43
2024-02-14 11:00:00,216617.14
2024-02-14 12:00:00,210878.28
2024-02-14 13:00:00,201622.32
2024-02-14 14:00:00,198394.56
2024-02-14 15:00:00,197750.38
2024-02-14 16:00:00,194179.68
2024-02-14 17:00:00,192037.37
2024-02-14 18:00:00,191266.43
2024-02-14 19:00:00,189861.95
2024-02-14 20:00:00,179223.35
2024-02-14 21:00:00,172000.5
2024-02-14 22:00:00,167166.36
2024-02-14 23:00:00,163299.33
2024-02-15 00:00:00,159140.81
2024-02-15 01:00:00,155649.37
2024-02-15 02:00:00,153141.24
2024-02-15 03:00:00,151984.17
2024-02-15 04:00:00,154702.49
2024-02-15 05:00:00,163579.88
2024-02-15 06:00:00,178914.73
2024-02-15 07:00:00,197398.79
2024-02-15 08:00:00,206119.15
2024-02-15 09:00:00,211633.19
2024-02-15 10:00:00,213627.66
2024-02-15 11:00:00,213471.07
2024-02-15 12:00:00,208479.37
2024-02-15 13:00:00,199067.63
2024-02-15 14:00:00,198010.03
2024-02-15 15:00:00,197611.76
2024-02-15 16:00:00,195927.31
2024-02-15 17:00:00,192403.01
2024-02-15 18:00:00,191552.3
2024-02-15 19:00:00,191566.31
2024-02-15 20:00:00,181348.41
2024-02-15 21:00:00,174592.8
2024-02-15 22:00:00,169632.78
2024-02-15 23:00:00,165164.77
2024-02-16 00:00:00,160339.5
2024-02-16 01:00:00,156937.76
2024-02-16 02:00:00,154296.09
2024-02-16 03:00:00,153335.3
2024-02-16 04:00:00,155771.74
2024-02-16 05:00:00,164448.54
2024-02-16 06:00:00,180766.96
2024-02-16 07:00:00,198121.95
2024-02-16 08:00:00,206198.67
2024-02-16 09:00:00,215678.61
2024-02-16 10:00:00,219758.05
2024-02-16 11:00:00,218031.18
2024-02-16 12:00:00,212795.7
2024-02-16 13:00:00,204579.92
2024-02-16 14:00:00,201163.83
2024-02-16 15:00:00,199341.43
2024-02-16 16:00:00,195876.92
2024-02-16 17:00:00,191783.47
2024-02-16 18:00:00,190599.99
2024-02-16 19:00:00,190704.43
2024-02-16 20:00:00,180393.75
2024-02-16 21:00:00,174135.06
2024-02-16 22:00:00,169027.78
2024-02-16 23:00:00,165049.61
2024-02-17 00:00:00,160825.73
2024-02-17 01:00:00,157557.67
2024-02-17 02:00:00,155094.98
2024-02-17 03:00:00,154055.6
2024-02-17 04:00:00,156635.33
2024-02-17 05:00:00,164476.16
2024-02-17 06:00:00,177656.92
2024-02-17 07:00:00,194166.2
2024-02-17 08:00:00,202811.24
2024-02-17 09:00:00,212334.58
2024-02-17 10:00:00,216294.92
2024-02-17 11:00:00,213706.19
2024-02-17 12:00:00,207953.75
2024-02-17 13:00:00,200752.58
2024-02-17 14:00:00,199372.28
2024-02-17 15:00:00,199638.39
2024-02-17 16:00:00,197181.72
2024-02-17 17:00:00,191116.06
2024-02-17 18:00:00,189540.87
2024-02-17 19:00:00,190293.45
2024-02-17 20:00:00,180821.31
2024-02-17 21:00:00,175239.5
2024-02-17 22:00:00,170537.27
2024-02-17 23:00:00,167227.38
2024-02-18 00:00:00,163119.5
2024-02-18 01:00:00,159140.36
2024-02-18 02:00:00,156182.32
2024-02-18 03:00:00,155137.39
2024-02-18 04:00:00,156986.82
2024-02-18 05:00:00,163531.05
2024-02-18 06:00:00,172598.7
2024-02-18 07:00:00,185439.2
2024-02-18 08:00:00,194400.82
2024-02-18 09:00:00,203844.28
2024-02-18 10:00:00,208910.22
2024-02-18 11:00:00,206566.66
2024-02-18 12:00:00,201554.77
2024-02-18 13:00:00,193837.32
2024-02-18 14:00:00,187626.55
2024-02-18 15:00:00,183933.49
2024-02-18 16:00:00,180715.24
2024-02-18 17:00:00,177970.58
2024-02-18 18:00:00,176498.78
2024-02-18 19:00:00,177880.89
2024-02-18 20:00:00,169610.4
2024-02-18 21:00:00,164411.87
2024-02-18 22:00:00,160739.74
2024-02-18 23:00:00,158436.05
2024-02-19 00:00:00,154853.95
2024-02-19 01:00:00,151565.96
2024-02-19 02:00:00,149400.23
2024-02-19 03:00:00,148729.27
2024-02-19 04:00:00,151288.87
2024-02-19 05:00:00,159666.81
2024-02-19 06:00:00,174773.57
2024-02-19 07:00:00,193511.92
2024-02-19 08:00:00,202223.52
2024-02-19 09:00:00,209706.31
2024-02-19 10:00:00,211621.54
2024-02-19 11:00:00,206903.61
2024-02-19 12:00:00,200311.31
2024-02-19 13:00:00,191972.47
2024-02-19 14:00:00,189122.04
2024-02-19 15:00:00,189450.77
2024-02-19 16:00:00,189854.58
2024-02-19 17:00:00,189788.34
2024-02-19 18:00:00,190135.28
2024-02-19 19:00:00,191006.44
2024-02-19 20:00:00,180162.09
2024-02-19 21:00:00,173020.5
2024-02-19 22:00:00,167845.13
2024-02-19 23:00:00,164376.34
2024-02-20 00:00:00,160976.53
2024-02-20 01:00:00,157196.47
2024-02-20 02:00:00,154377.72
2024-02-20 03:00:00,153057.1
2024-02-20 04:00:00,155537.04
2024-02-20 05:00:00,163795.79
2024-02-20 06:00:00,177437.79
2024-02-20 07:00:00,194725.12
2024-02-20 08:00:00,203195.13
2024-02-20 09:00:00,211277.11
2024-02-20 10:00:00,214820.52
2024-02-20 11:00:00,211825.28
2024-02-20 12:00:00,204931.8
2024-02-20 13:00:00,198093.33
2024-02-20 14:00:00,197172.06
2024-02-20 15:00:00,196643.08
2024-02-20 16:00:00,194878.99
2024-02-20 17:00:00,192265.79
2024-02-20 18:00:00,191479.46
2024-02-20 19:00:00,191987.84
2024-02-20 20:00:00,181992.85
2024-02-20 21:00:00,175119.18
2024-02-20 22:00:00,170341.72
2024-02-20 23:00:00,166979.02
2024-02-21 00:00:00,162787.81
2024-02-21 01:00:00,158666.86
2024-02-21 02:00:00,156035.59
2024-02-21 03:00:00,154592.71
2024-02-21 04:00:00,156653.64
2024-02-21 05:00:00,164072.38
2024-02-21 06:00:00,178010.54
2024-02-21 07:00:00,193913.58
2024-02-21 08:00:00,201277.28
2024-02-21 09:00:00,208378.29
2024-02-21 10:00:00,212766.27
2024-02-21 11:00:00,211497.54
2024-02-21 12:00:00,206194.14
2024-02-21 13:00:00,198736.68
2024-02-21 14:00:00,197224.47
2024-02-21 15:00:00,197087.92
2024-02-21 16:00:00,194364.4
2024-02-21 17:00:00,191953.29
2024-02-21 18:00:00,190573.76
2024-02-21 19:00:00,191819.54
2024-02-21 20:00:00,181982.12
2024-02-21 21:00:00,176233.6
2024-02-21 22:00:00,172359.12
2024-02-21 23:00:00,169377.25
2024-02-22 00:00:00,165619.03
2024-02-22 01:00:00,161634.94
2024-02-22 02:00:00,158927.22
2024-02-22 03:00:00,157323.66
2024-02-22 04:00:00,159747.48
2024-02-22 05:00:00,167248.55
2024-02-22 06:00:00,179712.1
2024-02-22 07:00:00,194388.34
2024-02-22 08:00:00,202201.1
2024-02-22 09:00:00,209951.22
2024-02-22 10:00:00,214899.25
2024-02-22 11:00:00,212913.05
2024-02-22 12:00:00,208385.48
2024-02-22 13:00:00,201623.09
2024-02-22 14:00:00,199926.59
2024-02-22 15:00:00,199413.24
2024-02-22 16:00:00,196377.56
2024-02-22 17:00:00,192858.14
2024-02-22 18:00:00,190638.24
2024-02-22 19:00:00,191333.47
2024-02-22 20:00:00,182973.68
2024-02-22 21:00:00,177268.33
2024-02-22 22:00:00,173379.74
2024-02-22 23:00:00,170181.6
2024-02-23 00:00:00,165981.96
2024-02-23 01:00:00,162387.82
2024-02-23 02:00:00,159426.67
2024-02-23 03:00:00,158412.58
2024-02-23 04:00:00,160579.13
2024-02-23 05:00:00,168195.5
2024-02-23 06:00:00,181591.5
2024-02-23 07:00:00,197798.6
2024-02-23 08:00:00,206414.03
2024-02-23 09:00:00,214242.52
2024-02-23 10:00:00,219470.99
2024-02-23 11:00:00,218212.52
2024-02-23 12:00:00,213957.44
2024-02-23 13:00:00,206944.17
2024-02-23 14:00:00,205614.26
2024-02-23 15:00:00,204551.98
2024-02-23 16:00:00,200122.33
2024-02-23 17:00:00,192657.74
2024-02-23 18:00:00,189003.02
2024-02-23 19:00:00,190908.4
2024-02-23 20:00:00,184070.99
2024-02-23 21:00:00,178504.1
2024-02-23 22:00:00,174784.13
2024-02-23 23:00:00,171488.86
2024-02-24 00:00:00,166851.83
2024-02-24 01:00:00,162946.22
2024-02-24 02:00:00,159853.82
2024-02-24 03:00:00,159015.28
2024-02-24 04:00:00,161579.12
2024-02-24 05:00:00,168862.35
2024-02-24 06:00:00,180404.05
2024-02-24 07:00:00,194493.5
2024-02-24 08:00:00,202999.32
2024-02-24 09:00:00,212679.52
2024-02-24 10:00:00,216802.43
2024-02-24 11:00:00,216611.29
2024-02-24 12:00:00,212442.64
2024-02-24 13:00:00,204412.18
2024-02-24 14:00:00,202934.45
2024-02-24 15:00:00,201757.39
2024-02-24 16:00:00,197730.45
2024-02-24 17:00:00,192029.23
2024-02-24 18:00:00,190678.75
2024-02-24 19:00:00,191202.07
2024-02-24 20:00:00,181234.25
2024-02-24 21:00:00,175532.95
2024-02-24 22:00:00,171971.36
2024-02-24 23:00:00,169521.88
2024-02-25 00:00:00,165171.56
2024-02-25 01:00:00,161126.8
2024-02-25 02:00:00,157981.72
2024-02-25 03:00:00,156706.33
2024-02-25 04:00:00,158488.77
2024-02-25 05:00:00,165141.47
2024-02-25 06:00:00,174364.18
2024-02-25 07:00:00,186790.87
2024-02-25 08:00:00,195323.61
2024-02-25 09:00:00,205165.36
2024-02-25 10:00:00,210150.25
2024-02-25 11:00:00,208110.27
2024-02-25 12:00:00,203718.48
2024-02-25 13:00:00,196037.43
2024-02-25 14:00:00,192380.95
2024-02-25 15:00:00,190187.25
2024-02-25 16:00:00,186539.05
2024-02-25 17:00:00,181080.74
2024-02-25 18:00:00,180812.33
2024-02-25 19:00:00,181470.54
2024-02-25 20:00:00,173572.1
2024-02-25 21:00:00,168134.08
2024-02-25 22:00:00,164000.81
2024-02-25 23:00:00,161620.73
2024-02-26 00:00:00,157318.14
2024-02-26 01:00:00,154159.44
2024-02-26 02:00:00,152171.19
2024-02-26 03:00:00,151634.33
2024-02-26 04:00:00,154672.07
2024-02-26 05:00:00,162549.27
2024-02-26 06:00:00,176431.71
2024-02-26 07:00:00,193738.84
2024-02-26 08:00:00,203067.18
2024-02-26 09:00:00,211714.26
2024-02-26 10:00:00,214979.48
2024-02-26 11:00:00,214132.01
2024-02-26 12:00:00,210264.51
2024-02-26 13:00:00,202799.72
2024-02-26 14:00:00,201967.85
2024-02-26 15:00:00,201304.75
2024-02-26 16:00:00,197765.22
2024-02-26 17:00:00,193657.22
2024-02-26 18:00:00,191055.44
2024-02-26 19:00:00,190836.41
2024-02-26 20:00:00,180273.58
2024-02-26 21:00:00,174601.5
2024-02-26 22:00:00,169921.94
2024-02-26 23:00:00,166993.43
2024-02-27 00:00:00,162677.86
2024-02-27 01:00:00,158847.6
2024-02-27 02:00:00,156397.41
2024-02-27 03:00:00,155812.32
2024-02-27 04:00:00,157956.85
2024-02-27 05:00:00,164975.37
2024-02-27 06:00:00,178883.62
2024-02-27 07:00:00,197571.67
2024-02-27 08:00:00,207739.02
2024-02-27 09:00:00,214042.76
2024-02-27 10:00:00,216706.41
2024-02-27 11:00:00,213335.4
2024-02-27 12:00:00,207325.41
2024-02-27 13:00:00,199670.81
2024-02-27 14:00:00,199765.83
2024-02-27 15:00:00,199282.84
2024-02-27 16:00:00,196684.58
2024-02-27 17:00:00,192001.34
2024-02-27 18:00:00,187727.24
2024-02-27 19:00:00,189010.83
2024-02-27 20:00:00,179562.54
2024-02-27 21:00:00,173842.82
2024-02-27 22:00:00,169305.88
2024-02-27 23:00:00,165801.28
2024-02-28 00:00:00,161493.5
2024-02-28 01:00:00,157655.92
2024-02-28 02:00:00,155254.81
2024-02-28 03:00:00,154700.95
2024-02-28 04:00:00,156630.29
2024-02-28 05:00:00,164330.24
2024-02-28 06:00:00,178828.9
2024-02-28 07:00:00,194994.85
2024-02-28 08:00:00,204333.21
2024-02-28 09:00:00,212283.25
2024-02-28 10:00:00,216196.45
2024-02-28 11:00:00,213340.0
2024-02-28 12:00:00,206887.11
2024-02-28 13:00:00,199460.42
2024-02-28 14:00:00,198124.75
2024-02-28 15:00:00,198259.05
2024-02-28 16:00:00,196679.66
2024-02-28 17:00:00,190969.22
2024-02-28 18:00:00,188992.91
2024-02-28 19:00:00,192665.43
2024-02-28 20:00:00,183898.73
2024-02-28 21:00:00,177931.72
2024-02-28 22:00:00,173124.53
2024-02-28 23:00:00,169985.15
2024-02-29 00:00:00,165499.63
2024-02-29 01:00:00,161834.41
2024-02-29 02:00:00,158423.21
2024-02-29 03:00:00,157300.39
2024-02-29 04:00:00,158621.79
2024-02-29 05:00:00,167585.83
2024-02-29 06:00:00,181137.36
2024-02-29 07:00:00,198229.72
2024-02-29 08:00:00,206792.02
2024-02-29 09:00:00,212811.45
2024-02-29 10:00:00,215994.24
2024-02-29 11:00:00,214038.84
2024-02-29 12:00:00,207888.82
2024-02-29 13:00:00,199982.35
2024-02-29 14:00:00,200119.57
2024-02-29 15:00:00,201216.12
2024-02-29 16:00:00,200701.79
2024-02-29 17:00:00,194237.45
2024-02-29 18:00:00,191380.69
2024-02-29 19:00:00,193618.35
2024-02-29 20:00:00,184094.19
2024-02-29 21:00:00,178285.55
2024-02-29 22:00:00,174593.64
2024-02-29 23:00:00,171982.64
2024-03-01 00:00:00,167690.39
2024-03-01 01:00:00,163886.44
2024-03-01 02:00:00,161084.49
2024-03-01 03:00:00,159754.48
2024-03-01 04:00:00,161854.65
2024-03-01 05:00:00,169996.2
2024-03-01 06:00:00,183319.81
2024-03-01 07:00:00,198052.24
2024-03-01 08:00:00,205907.88
2024-03-01 09:00:00,212690.65
2024-03-01 10:00:00,216736.75
2024-03-01 11:00:00,215186.8
2024-03-01 12:00:00,207976.14
2024-03-01 13:00:00,200486.96
2024-03-01 14:00:00,197511.09
2024-03-01 15:00:00,197027.25
2024-03-01 16:00:00,194049.37
2024-03-01 17:00:00,188115.38
2024-03-01 18:00:00,185426.75
2024-03-01 19:00:00,186606.48
2024-03-01 20:00:00,177340.16
2024-03-01 21:00:00,171066.54
2024-03-01 22:00:00,166629.43
2024-03-01 23:00:00,164231.42
2024-03-02 00:00:00,160674.77
2024-03-02 01:00:00,156869.48
2024-03-02 02:00:00,153943.12
2024-03-02 03:00:00,152449.26
2024-03-02 04:00:00,153861.48
2024-03-02 05:00:00,160574.94
2024-03-02 06:00:00,170893.6
2024-03-02 07:00:00,185221.85
2024-03-02 08:00:00,193299.01
2024-03-02 09:00:00,199823.83
2024-03-02 10:00:00,200474.73
2024-03-02 11:00:00,199887.81
2024-03-02 12:00:00,193527.53
2024-03-02 13:00:00,186050.17
2024-03-02 14:00:00,184811.13
2024-03-02 15:00:00,185273.21
2024-03-02 16:00:00,183245.58
2024-03-02 17:00:00,178354.46
2024-03-02 18:00:00,177375.18
2024-03-02 19:00:00,181184.05
2024-03-02 20:00:00,171621.78
2024-03-02 21:00:00,165385.9
2024-03-02 22:00:00,161352.69
2024-03-02 23:00:00,159358.66
2024-03-03 00:00:00,156298.19
2024-03-03 01:00:00,151870.58
2024-03-03 02:00:00,148706.45
2024-03-03 03:00:00,146776.21
2024-03-03 04:00:00,147849.43
2024-03-03 05:00:00,153033.24
2024-03-03 06:00:00,160840.8
2024-03-03 07:00:00,172538.88
2024-03-03 08:00:00,181029.93
2024-03-03 09:00:00,189078.87
2024-03-03 10:00:00,191647.61
2024-03-03 11:00:00,189385.06
2024-03-03 12:00:00,185673.26
2024-03-03 13:00:00,179873.04
2024-03-03 14:00:00,175800.2
2024-03-03 15:00:00,173582.36
2024-03-03 16:00:00,171272.92
2024-03-03 17:00:00,166492.8
2024-03-03 18:00:00,168423.45
2024-03-03 19:00:00,173656.25
2024-03-03 20:00:00,166669.33
2024-03-03 21:00:00,162236.6
2024-03-03 22:00:00,158215.33
2024-03-03 23:00:00,156194.21
2024-03-04 00:00:00,152042.24
2024-03-04 01:00:00,148301.82
2024-03-04 02:00:00,146003.69
2024-03-04 03:00:00,144965.59
2024-03-04 04:00:00,147134.49
2024-03-04 05:00:00,155250.94
2024-03-04 06:00:00,170018.31
2024-03-04 07:00:00,186662.86
2024-03-04 08:00:00,195106.58
2024-03-04 09:00:00,202229.71
2024-03-04 10:00:00,204596.81
2024-03-04 11:00:00,203252.56
2024-03-04 12:00:00,197851.49
2024-03-04 13:00:00,191640.79
2024-03-04 14:00:00,190904.04
2024-03-04 15:00:00,190776.53
2024-03-04 16:00:00,189269.4
2024-03-04 17:00:00,183671.88
2024-03-04 18:00:00,182118.47
2024-03-04 19:00:00,187504.41
2024-03-04 20:00:00,178839.21
2024-03-04 21:00:00,172803.27
2024-03-04 22:00:00,168670.01
2024-03-04 23:00:00,165985.98
2024-03-05 00:00:00,161405.34
2024-03-05 01:00:00,157664.76
2024-03-05 02:00:00,155385.3
2024-03-05 03:00:00,154577.38
2024-03-05 04:00:00,156073.94
2024-03-05 05:00:00,163508.22
2024-03-05 06:00:00,178019.54
2024-03-05 07:00:00,192966.11
2024-03-05 08:00:00,200773.32
2024-03-05 09:00:00,207599.65
2024-03-05 10:00:00,208647.02
2024-03-05 11:00:00,205400.0
2024-03-05 12:00:00,199225.13
2024-03-05 13:00:00,192106.26
2024-03-05 14:00:00,192246.9
2024-03-05 15:00:00,191857.69
2024-03-05 16:00:00,190284.07
2024-03-05 17:00:00,184877.89
2024-03-05 18:00:00,184370.2
2024-03-05 19:00:00,189158.46
2024-03-05 20:00:00,180485.58
2024-03-05 21:00:00,174534.51
2024-03-05 22:00:00,169618.5
2024-03-05 23:00:00,166646.73
2024-03-06 00:00:00,163005.67
2024-03-06 01:00:00,159811.62
2024-03-06 02:00:00,157213.59
2024-03-06 03:00:00,155489.74
2024-03-06 04:00:00,157050.19
2024-03-06 05:00:00,164093.41
2024-03-06 06:00:00,178958.27
2024-03-06 07:00:00,193595.88
2024-03-06 08:00:00,200870.77
2024-03-06 09:00:00,207265.5
2024-03-06 10:00:00,210507.36
2024-03-06 11:00:00,208175.24
2024-03-06 12:00:00,202239.98
2024-03-06 13:00:00,195099.22
2024-03-06 14:00:00,195222.21
2024-03-06 15:00:00,195328.46
2024-03-06 16:00:00,193286.6
2024-03-06 17:00:00,186644.67
2024-03-06 18:00:00,185856.2
2024-03-06 19:00:00,190156.33
2024-03-06 20:00:00,181125.5
2024-03-06 21:00:00,175028.16
2024-03-06 22:00:00,171053.31
2024-03-06 23:00:00,168793.45
2024-03-07 00:00:00,164756.05
2024-03-07 01:00:00,161194.07
2024-03-07 02:00:00,158745.38
2024-03-07 03:00:00,157796.8
2024-03-07 04:00:00,159576.52
2024-03-07 05:00:00,166938.58
2024-03-07 06:00:00,181035.11
2024-03-07 07:00:00,196243.72
2024-03-07 08:00:00,203302.42
2024-03-07 09:00:00,210105.65
2024-03-07 10:00:00,213160.39
2024-03-07 11:00:00,210686.49
2024-03-07 12:00:00,204986.45
2024-03-07 13:00:00,197462.59
2024-03-07 14:00:00,197522.71
2024-03-07 15:00:00,197585.83
2024-03-07 16:00:00,196179.1
2024-03-07 17:00:00,189723.0
2024-03-07 18:00:00,187365.85
2024-03-07 19:00:00,192088.76
2024-03-07 20:00:00,183505.36
2024-03-07 21:00:00,177952.25
2024-03-07 22:00:00,174208.87
2024-03-07 23:00:00,171895.37
2024-03-08 00:00:00,167938.0
2024-03-08 01:00:00,164138.68
2024-03-08 02:00:00,161621.61
2024-03-08 03:00:00,160590.29
2024-03-08 04:00:00,162993.68
2024-03-08 05:00:00,170887.11
2024-03-08 06:00:00,182791.15
2024-03-08 07:00:00,195180.1
2024-03-08 08:00:00,203007.67
2024-03-08 09:00:00,211837.74
2024-03-08 10:00:00,216473.03
2024-03-08 11:00:00,214978.1
2024-03-08 12:00:00,208456.36
2024-03-08 13:00:00,198917.55
2024-03-08 14:00:00,196204.39
2024-03-08 15:00:00,195811.22
2024-03-08 16:00:00,192598.38
2024-03-08 17:00:00,185411.73
2024-03-08 18:00:00,183686.55
2024-03-08 19:00:00,187100.51
2024-03-08 20:00:00,178151.73
2024-03-08 21:00:00,173181.53
2024-03-08 22:00:00,170299.1
2024-03-08 23:00:00,169051.83
2024-03-09 00:00:00,166007.46
2024-03-09 01:00:00,162598.74
2024-03-09 02:00:00,159489.25
2024-03-09 03:00:00,158455.28
2024-03-09 04:00:00,160363.4
2024-03-09 05:00:00,167814.52
2024-03-09 06:00:00,179754.19
2024-03-09 07:00:00,192418.44
2024-03-09 08:00:00,200626.43
2024-03-09 09:00:00,208220.97
2024-03-09 10:00:00,210185.34
2024-03-09 11:00:00,208338.28
2024-03-09 12:00:00,202781.85
2024-03-09 13:00:00,196035.33
2024-03-09 14:00:00,195921.93
2024-03-09 15:00:00,196926.82
2024-03-09 16:00:00,194527.76
2024-03-09 17:00:00,187765.75
2024-03-09 18:00:00,185573.01
2024-03-09 19:00:00,190009.07
2024-03-09 20:00:00,182935.02
2024-03-09 21:00:00,177579.59
2024-03-09 22:00:00,174482.85
2024-03-09 23:00:00,172832.38
2024-03-10 00:00:00,168644.36
2024-03-10 01:00:00,164570.0
2024-03-10 02:00:00,161687.71
2024-03-10 03:00:00,160321.04
2024-03-10 04:00:00,161579.43
2024-03-10 05:00:00,167698.68
2024-03-10 06:00:00,176893.1
2024-03-10 07:00:00,186679.03
2024-03-10 08:00:00,193919.67
2024-03-10 09:00:00,201147.99
2024-03-10 10:00:00,203716.13
2024-03-10 11:00:00,201728.59
2024-03-10 12:00:00,197142.99
2024-03-10 13:00:00,191595.23
2024-03-10 14:00:00,189120.81
2024-03-10 15:00:00,186683.19
2024-03-10 16:00:00,183967.39
2024-03-10 17:00:00,177288.34
2024-03-10 18:00:00,176762.04
2024-03-10 19:00:00,181584.02
2024-03-10 20:00:00,174846.49
2024-03-10 21:00:00,170996.32
2024-03-10 22:00:00,168227.91
2024-03-10 23:00:00,166789.48
2024-03-11 00:00:00,162934.76
2024-03-11 01:00:00,159576.88
2024-03-11 02:00:00,157423.62
2024-03-11 03:00:00,156497.89
2024-03-11 04:00:00,158350.18
2024-03-11 05:00:00,165703.23
2024-03-11 06:00:00,179366.91
2024-03-11 07:00:00,193913.33
2024-03-11 08:00:00,201665.56
2024-03-11 09:00:00,211123.83
2024-03-11 10:00:00,215564.9
2024-03-11 11:00:00,214491.79
2024-03-11 12:00:00,210352.2
2024-03-11 13:00:00,203562.84
2024-03-11 14:00:00,202419.31
2024-03-11 15:00:00,202445.08
2024-03-11 16:00:00,201245.53
2024-03-11 17:00:00,193835.99
2024-03-11 18:00:00,192027.43
2024-03-11 19:00:00,195054.79
2024-03-11 20:00:00,186615.77
2024-03-11 21:00:00,181970.55
2024-03-11 22:00:00,179119.1
2024-03-11 23:00:00,177872.98
2024-03-12 00:00:00,173984.0
2024-03-12 01:00:00,169974.14
2024-03-12 02:00:00,166956.91
2024-03-12 03:00:00,166899.31
2024-03-12 04:00:00,169707.28
2024-03-12 05:00:00,174767.15
2024-03-12 06:00:00,184960.92
2024-03-12 07:00:00,196012.17
2024-03-12 08:00:00,202042.64
2024-03-12 09:00:00,211331.53
2024-03-12 10:00:00,216506.58
2024-03-12 11:00:00,216010.29
2024-03-12 12:00:00,211348.3
2024-03-12 13:00:00,204978.22
2024-03-12 14:00:00,204426.4
2024-03-12 15:00:00,205019.22
2024-03-12 16:00:00,203865.4
2024-03-12 17:00:00,197198.87
2024-03-12 18:00:00,194901.09
2024-03-12 19:00:00,198059.24
2024-03-12 20:00:00,190226.79
2024-03-12 21:00:00,185237.98
2024-03-12 22:00:00,182642.68
2024-03-12 23:00:00,181869.59
2024-03-13 00:00:00,178130.73
2024-03-13 01:00:00,174245.28
2024-03-13 02:00:00,171150.52
2024-03-13 03:00:00,170557.53
2024-03-13 04:00:00,173246.39
2024-03-13 05:00:00,178067.89
2024-03-13 06:00:00,186868.32
2024-03-13 07:00:00,196355.84
2024-03-13 08:00:00,202506.22
2024-03-13 09:00:00,211910.45
2024-03-13 10:00:00,217863.27
2024-03-13 11:00:00,217365.16
2024-03-13 12:00:00,213517.76
2024-03-13 13:00:00,204834.89
2024-03-13 14:00:00,204395.62
2024-03-13 15:00:00,204902.03
2024-03-13 16:00:00,202143.15
2024-03-13 17:00:00,195383.62
2024-03-13 18:00:00,192490.87
2024-03-13 19:00:00,195822.66
2024-03-13 20:00:00,188171.93
2024-03-13 21:00:00,184180.75
2024-03-13 22:00:00,182373.03
2024-03-13 23:00:00,180611.75
2024-03-14 00:00:00,177071.77
2024-03-14 01:00:00,173276.34
2024-03-14 02:00:00,170220.27
2024-03-14 03:00:00,169771.67
2024-03-14 04:00:00,172385.53
2024-03-14 05:00:00,178117.78
2024-03-14 06:00:00,187473.11
2024-03-14 07:00:00,196558.73
2024-03-14 08:00:00,202475.55
2024-03-14 09:00:00,211694.59
2024-03-14 10:00:00,215859.8
2024-03-14 11:00:00,215191.64
2024-03-14 12:00:00,211766.64
2024-03-14 13:00:00,205678.67
2024-03-14 14:00:00,206368.47
2024-03-14 15:00:00,207259.44
2024-03-14 16:00:00,204188.23
2024-03-14 17:00:00,197292.88
2024-03-14 18:00:00,194321.16
2024-03-14 19:00:00,198727.39
2024-03-14 20:00:00,192526.11
2024-03-14 21:00:00,188777.88
2024-03-14 22:00:00,186436.04
2024-03-14 23:00:00,184510.35
2024-03-15 00:00:00,181430.17
2024-03-15 01:00:00,177326.08
2024-03-15 02:00:00,174035.32
2024-03-15 03:00:00,173089.36
2024-03-15 04:00:00,175227.74
2024-03-15 05:00:00,179882.05
2024-03-15 06:00:00,189653.41
2024-03-15 07:00:00,198848.59
2024-03-15 08:00:00,204143.56
2024-03-15 09:00:00,215877.18
2024-03-15 10:00:00,219455.77
2024-03-15 11:00:00,219289.42
2024-03-15 12:00:00,214438.35
2024-03-15 13:00:00,208103.33
2024-03-15 14:00:00,207181.5
2024-03-15 15:00:00,207575.47
2024-03-15 16:00:00,202890.28
2024-03-15 17:00:00,196749.09
2024-03-15 18:00:00,194361.75
2024-03-15 19:00:00,197580.12
2024-03-15 20:00:00,191362.11
2024-03-15 21:00:00,187131.63
2024-03-15 22:00:00,185605.74
2024-03-15 23:00:00,184496.61
2024-03-16 00:00:00,180619.63
2024-03-16 01:00:00,177292.95
2024-03-16 02:00:00,174616.01
2024-03-16 03:00:00,173515.59
2024-03-16 04:00:00,175652.0
2024-03-16 05:00:00,179506.45
2024-03-16 06:00:00,187510.9
2024-03-16 07:00:00,196200.95
2024-03-16 08:00:00,201423.42
2024-03-16 09:00:00,210194.74
2024-03-16 10:00:00,214939.56
2024-03-16 11:00:00,215101.63
2024-03-16 12:00:00,212537.62
2024-03-16 13:00:00,206984.14
2024-03-16 14:00:00,207889.96
2024-03-16 15:00:00,209352.75
2024-03-16 16:00:00,203859.67
2024-03-16 17:00:00,195355.44
2024-03-16 18:00:00,191809.38
2024-03-16 19:00:00,195047.51
2024-03-16 20:00:00,186943.23
2024-03-16 21:00:00,182699.89
2024-03-16 22:00:00,180940.43
2024-03-16 23:00:00,179009.81
2024-03-17 00:00:00,176193.25
2024-03-17 01:00:00,172353.3
2024-03-17 02:00:00,169148.61
2024-03-17 03:00:00,168223.1
2024-03-17 04:00:00,170302.19
2024-03-17 05:00:00,174366.07
2024-03-17 06:00:00,181189.3
2024-03-17 07:00:00,189100.07
2024-03-17 08:00:00,193678.94
2024-03-17 09:00:00,200752.75
2024-03-17 10:00:00,202872.22
2024-03-17 11:00:00,202167.49
2024-03-17 12:00:00,199777.57
2024-03-17 13:00:00,194888.03
2024-03-17 14:00:00,193884.71
2024-03-17 15:00:00,193138.37
2024-03-17 16:00:00,190264.81
2024-03-17 17:00:00,182831.08
2024-03-17 18:00:00,179630.21
2024-03-17 19:00:00,184459.15
2024-03-17 20:00:00,178769.54
2024-03-17 21:00:00,176495.1
2024-03-17 22:00:00,175413.31
2024-03-17 23:00:00,173970.56
2024-03-18 00:00:00,170323.82
2024-03-18 01:00:00,166495.8
2024-03-18 02:00:00,164585.95
2024-03-18 03:00:00,163923.38
2024-03-18 04:00:00,166585.05
2024-03-18 05:00:00,172514.57
2024-03-18 06:00:00,184070.34
2024-03-18 07:00:00,194591.26
2024-03-18 08:00:00,200118.91
2024-03-18 09:00:00,210085.28
2024-03-18 10:00:00,215413.01
2024-03-18 11:00:00,213958.41
2024-03-18 12:00:00,213380.8
2024-03-18 13:00:00,207131.64
2024-03-18 14:00:00,207632.05
2024-03-18 15:00:00,207426.88
2024-03-18 16:00:00,203665.1
2024-03-18 17:00:00,195181.08
2024-03-18 18:00:00,190823.01
2024-03-18 19:00:00,194886.19
2024-03-18 20:00:00,187447.45
2024-03-18 21:00:00,183284.16
2024-03-18 22:00:00,181377.44
2024-03-18 23:00:00,179007.8
2024-03-19 00:00:00,176029.27
2024-03-19 01:00:00,172556.85
2024-03-19 02:00:00,169376.87
2024-03-19 03:00:00,167839.49
2024-03-19 04:00:00,169829.74
2024-03-19 05:00:00,175234.15
2024-03-19 06:00:00,185279.0
2024-03-19 07:00:00,194436.2
2024-03-19 08:00:00,199169.14
2024-03-19 09:00:00,207751.32
2024-03-19 10:00:00,213351.09
2024-03-19 11:00:00,213250.56
2024-03-19 12:00:00,210009.41
2024-03-19 13:00:00,202968.04
2024-03-19 14:00:00,203458.53
2024-03-19 15:00:00,204496.58
2024-03-19 16:00:00,201690.86
2024-03-19 17:00:00,194082.95
2024-03-19 18:00:00,188718.18
2024-03-19 19:00:00,192826.16
2024-03-19 20:00:00,186264.07
2024-03-19 21:00:00,182600.4
2024-03-19 22:00:00,180115.42
2024-03-19 23:00:00,177319.69
2024-03-20 00:00:00,173454.03
2024-03-20 01:00:00,169343.47
2024-03-20 02:00:00,166228.51
2024-03-20 03:00:00,164375.38
2024-03-20 04:00:00,166174.57
2024-03-20 05:00:00,171781.48
2024-03-20 06:00:00,182456.3
2024-03-20 07:00:00,192121.52
2024-03-20 08:00:00,195888.27
2024-03-20 09:00:00,205485.16
2024-03-20 10:00:00,209751.54
2024-03-20 11:00:00,208614.87
2024-03-20 12:00:00,204579.27
2024-03-20 13:00:00,196182.22
2024-03-20 14:00:00,196065.22
2024-03-20 15:00:00,196208.56
2024-03-20 16:00:00,194091.39
2024-03-20 17:00:00,188717.31
2024-03-20 18:00:00,184551.63
2024-03-20 19:00:00,188541.04
2024-03-20 20:00:00,181474.61
2024-03-20 21:00:00,177516.11
2024-03-20 22:00:00,176287.19
2024-03-20 23:00:00,174164.83
2024-03-21 00:00:00,170647.18
2024-03-21 01:00:00,166694.7
2024-03-21 02:00:00,163489.49
2024-03-21 03:00:00,162205.22
2024-03-21 04:00:00,163868.88
2024-03-21 05:00:00,169297.29
2024-03-21 06:00:00,180479.94
2024-03-21 07:00:00,190238.59
2024-03-21 08:00:00,194309.5
2024-03-21 09:00:00,201611.95
2024-03-21 10:00:00,205778.86
2024-03-21 11:00:00,204410.09
2024-03-21 12:00:00,201388.01
2024-03-21 13:00:00,195494.93
2024-03-21 14:00:00,196815.33
2024-03-21 15:00:00,198194.54
2024-03-21 16:00:00,197901.37
2024-03-21 17:00:00,191764.62
2024-03-21 18:00:00,189130.08
2024-03-21 19:00:00,193494.44
2024-03-21 20:00:00,186272.42
2024-03-21 21:00:00,181819.97
2024-03-21 22:00:00,179417.9
2024-03-21 23:00:00,176926.04
2024-03-22 00:00:00,173593.12
2024-03-22 01:00:00,169989.57
2024-03-22 02:00:00,167347.07
2024-03-22 03:00:00,166444.48
2024-03-22 04:00:00,168511.34
2024-03-22 05:00:00,174181.18
2024-03-22 06:00:00,185855.78
2024-03-22 07:00:00,195217.89
2024-03-22 08:00:00,199284.73
2024-03-22 09:00:00,207776.02
2024-03-22 10:00:00,211788.04
2024-03-22 11:00:00,212173.83
2024-03-22 12:00:00,208749.57
2024-03-22 13:00:00,200992.33
2024-03-22 14:00:00,201097.36
2024-03-22 15:00:00,201867.93
2024-03-22 16:00:00,199915.53
2024-03-22 17:00:00,193772.57
2024-03-22 18:00:00,190660.78
2024-03-22 19:00:00,195292.5
2024-03-22 20:00:00,188529.51
2024-03-22 21:00:00,184532.62
2024-03-22 22:00:00,182570.61
2024-03-22 23:00:00,181309.49
2024-03-23 00:00:00,178226.38
2024-03-23 01:00:00,174742.19
2024-03-23 02:00:00,171430.59
2024-03-23 03:00:00,170275.09
2024-03-23 04:00:00,172120.4
2024-03-23 05:00:00,176976.33
2024-03-23 06:00:00,185917.26
2024-03-23 07:00:00,193316.03
2024-03-23 08:00:00,196335.12
2024-03-23 09:00:00,204754.84
2024-03-23 10:00:00,208972.81
2024-03-23 11:00:00,210159.91
2024-03-23 12:00:00,207249.86
2024-03-23 13:00:00,200572.97
2024-03-23 14:00:00,201628.16
2024-03-23 15:00:00,201875.24
2024-03-23 16:00:00,200773.07
2024-03-23 17:00:00,193788.74
2024-03-23 18:00:00,189629.11
2024-03-23 19:00:00,194882.53
2024-03-23 20:00:00,188616.56
2024-03-23 21:00:00,185115.86
2024-03-23 22:00:00,184078.0
2024-03-23 23:00:00,183083.87
2024-03-24 00:00:00,179644.31
2024-03-24 01:00:00,175765.27
2024-03-24 02:00:00,172972.05
2024-03-24 03:00:00,171572.63
2024-03-24 04:00:00,172818.33
2024-03-24 05:00:00,176550.03
2024-03-24 06:00:00,182279.43
2024-03-24 07:00:00,187314.31
2024-03-24 08:00:00,189860.09
2024-03-24 09:00:00,195983.28
2024-03-24 10:00:00,197950.87
2024-03-24 11:00:00,196733.66
2024-03-24 12:00:00,192917.34
2024-03-24 13:00:00,187885.96
2024-03-24 14:00:00,186431.58
2024-03-24 15:00:00,186521.3
2024-03-24 16:00:00,183609.52
2024-03-24 17:00:00,175524.38
2024-03-24 18:00:00,171020.29
2024-03-24 19:00:00,175640.38
2024-03-24 20:00:00,171944.09
2024-03-24 21:00:00,171201.12
2024-03-24 22:00:00,171461.27
2024-03-24 23:00:00,170966.29
2024-03-25 00:00:00,168606.52
2024-03-25 01:00:00,165412.76
2024-03-25 02:00:00,163115.02
2024-03-25 03:00:00,161645.83
2024-03-25 04:00:00,162612.56
2024-03-25 05:00:00,165607.45
2024-03-25 06:00:00,170190.13
2024-03-25 07:00:00,173878.56
2024-03-25 08:00:00,174686.3
2024-03-25 09:00:00,178458.44
2024-03-25 10:00:00,180220.7
2024-03-25 11:00:00,180448.27
2024-03-25 12:00:00,179359.25
2024-03-25 13:00:00,177045.97
2024-03-25 14:00:00,175115.69
2024-03-25 15:00:00,175024.31
2024-03-25 16:00:00,171443.27
2024-03-25 17:00:00,162912.2
2024-03-25 18:00:00,157650.96
2024-03-25 19:00:00,163427.17
2024-03-25 20:00:00,160599.29
2024-03-25 21:00:00,159554.52
2024-03-25 22:00:00,160154.82
2024-03-25 23:00:00,159385.31
2024-03-26 00:00:00,155898.07
2024-03-26 01:00:00,152990.37
2024-03-26 02:00:00,150324.16
2024-03-26 03:00:00,149806.39
2024-03-26 04:00:00,151945.79
2024-03-26 05:00:00,156537.31
2024-03-26 06:00:00,165170.32
2024-03-26 07:00:00,174133.05
2024-03-26 08:00:00,180404.61
2024-03-26 09:00:00,191600.72
2024-03-26 10:00:00,197846.33
2024-03-26 11:00:00,200436.12
2024-03-26 12:00:00,199332.74
2024-03-26 13:00:00,194693.79
2024-03-26 14:00:00,194976.26
2024-03-26 15:00:00,196195.6
2024-03-26 16:00:00,193957.91
2024-03-26 17:00:00,186831.88
2024-03-26 18:00:00,182706.54
2024-03-26 19:00:00,188808.4
2024-03-26 20:00:00,183730.1
2024-03-26 21:00:00,181858.34
2024-03-26 22:00:00,182119.04
2024-03-26 23:00:00,181645.61
2024-03-27 00:00:00,178529.83
2024-03-27 01:00:00,174506.87
2024-03-27 02:00:00,170804.58
2024-03-27 03:00:00,169743.56
2024-03-27 04:00:00,171144.08
2024-03-27 05:00:00,174907.4
2024-03-27 06:00:00,181584.32
2024-03-27 07:00:00,187855.55
2024-03-27 08:00:00,192273.71
2024-03-27 09:00:00,202168.93
2024-03-27 10:00:00,208013.91
2024-03-27 11:00:00,208872.11
2024-03-27 12:00:00,206940.2
2024-03-27 13:00:00,203509.46
2024-03-27 14:00:00,204983.8
2024-03-27 15:00:00,205720.6
2024-03-27 16:00:00,202669.96
2024-03-27 17:00:00,195762.1
2024-03-27 18:00:00,191634.37
2024-03-27 19:00:00,197271.64
2024-03-27 20:00:00,193097.08
2024-03-27 21:00:00,191369.01
2024-03-27 22:00:00,191430.77
2024-03-27 23:00:00,191055.2
2024-03-28 00:00:00,187596.69
2024-03-28 01:00:00,183691.21
2024-03-28 02:00:00,180147.67
2024-03-28 03:00:00,178643.33
2024-03-28 04:00:00,179712.27
2024-03-28 05:00:00,183446.9
2024-03-28 06:00:00,188572.57
2024-03-28 07:00:00,193171.03
2024-03-28 08:00:00,196961.07
2024-03-28 09:00:00,206709.45
2024-03-28 10:00:00,212014.16
2024-03-28 11:00:00,213110.61
2024-03-28 12:00:00,211676.04
2024-03-28 13:00:00,207504.99
2024-03-28 14:00:00,210110.47
2024-03-28 15:00:00,212265.07
2024-03-28 16:00:00,208793.82
2024-03-28 17:00:00,200922.26
2024-03-28 18:00:00,196532.32
2024-03-28 19:00:00,202121.37
2024-03-28 20:00:00,197290.49
2024-03-28 21:00:00,196003.87
2024-03-28 22:00:00,196196.81
2024-03-28 23:00:00,195967.59
2024-03-29 00:00:00,192680.15
2024-03-29 01:00:00,188528.21
2024-03-29 02:00:00,184842.45
2024-03-29 03:00:00,183165.46
2024-03-29 04:00:00,184067.9
2024-03-29 05:00:00,186712.95
2024-03-29 06:00:00,190560.04
2024-03-29 07:00:00,194533.73
2024-03-29 08:00:00,198794.11
2024-03-29 09:00:00,208576.15
2024-03-29 10:00:00,215270.04
2024-03-29 11:00:00,217535.26
2024-03-29 12:00:00,216463.73
2024-03-29 13:00:00,211275.79
2024-03-29 14:00:00,214141.66
2024-03-29 15:00:00,214641.41
2024-03-29 16:00:00,210665.83
2024-03-29 17:00:00,199974.77
2024-03-29 18:00:00,194779.62
2024-03-29 19:00:00,200683.65
2024-03-29 20:00:00,195203.29
2024-03-29 21:00:00,194207.23
2024-03-29 22:00:00,195938.29
2024-03-29 23:00:00,196133.43
2024-03-30 00:00:00,193103.39
2024-03-30 01:00:00,188645.6
2024-03-30 02:00:00,184149.58
2024-03-30 03:00:00,181085.86
2024-03-30 04:00:00,180814.78
2024-03-30 05:00:00,183216.19
2024-03-30 06:00:00,185960.85
2024-03-30 07:00:00,189070.97
2024-03-30 08:00:00,193183.18
2024-03-30 09:00:00,203362.94
2024-03-30 10:00:00,209553.37
2024-03-30 11:00:00,211711.2
2024-03-30 12:00:00,209691.09
2024-03-30 13:00:00,205819.77
2024-03-30 14:00:00,208353.25
2024-03-30 15:00:00,210019.74
2024-03-30 16:00:00,207276.2
2024-03-30 17:00:00,198512.55
2024-03-30 18:00:00,194410.38
2024-03-30 19:00:00,201037.29
2024-03-30 20:00:00,196523.69
2024-03-30 21:00:00,194733.84
2024-03-30 22:00:00,194931.4
2024-03-30 23:00:00,194254.31
2024-03-31 00:00:00,189953.72
2024-03-31 01:00:00,184961.21
2024-03-31 02:00:00,180815.63
2024-03-31 03:00:00,178626.64
2024-03-31 04:00:00,178309.71
2024-03-31 05:00:00,179194.53
2024-03-31 06:00:00,180865.52
2024-03-31 07:00:00,182140.32
2024-03-31 08:00:00,184641.51
2024-03-31 09:00:00,192838.76
2024-03-31 10:00:00,198302.73
2024-03-31 11:00:00,199663.17
2024-03-31 12:00:00,197905.16
2024-03-31 13:00:00,194954.13
2024-03-31 14:00:00,194899.36
2024-03-31 15:00:00,195569.26
2024-03-31 16:00:00,192628.32
2024-03-31 17:00:00,183992.16
2024-03-31 18:00:00,180959.68
2024-03-31 19:00:00,189469.39
2024-03-31 20:00:00,187759.98
2024-03-31 21:00:00,188160.66
2024-03-31 22:00:00,190569.89
2024-03-31 23:00:00,190743.38
2024-04-01 00:00:00,167808.44
2024-04-01 01:00:00,164006.97
2024-04-01 02:00:00,161206.79
2024-04-01 03:00:00,159801.21
2024-04-01 04:00:00,161863.89
2024-04-01 05:00:00,169974.44
2024-04-01 06:00:00,183249.01
2024-04-01 07:00:00,198016.57
2024-04-01 08:00:00,205939.28
2024-04-01 09:00:00,212722.19
2024-04-01 10:00:00,216774.52
2024-04-01 11:00:00,215217.04
2024-04-01 12:00:00,207979.92
2024-04-01 13:00:00,200474.12
2024-04-01 14:00:00,197491.11
2024-04-01 15:00:00,197020.57
2024-04-01 16:00:00,194042.14
2024-04-01 17:00:00,188108.13
2024-04-01 18:00:00,185414.67
2024-04-01 19:00:00,186571.95
2024-04-01 20:00:00,177254.3
2024-04-01 21:00:00,170999.53
2024-04-01 22:00:00,166572.79
2024-04-01 23:00:00,164182.22
2024-04-02 00:00:00,160688.89
2024-04-02 01:00:00,156849.88
2024-04-02 02:00:00,153912.69
2024-04-02 03:00:00,152420.88
2024-04-02 04:00:00,153826.55
2024-04-02 05:00:00,160542.42
2024-04-02 06:00:00,170876.91
2024-04-02 07:00:00,185262.34
2024-04-02 08:00:00,193301.23
2024-04-02 09:00:00,199817.55
2024-04-02 10:00:00,200468.65
2024-04-02 11:00:00,199868.69
2024-04-02 12:00:00,193517.15
2024-04-02 13:00:00,186048.65
2024-04-02 14:00:00,184825.03
2024-04-02 15:00:00,185281.73
2024-04-02 16:00:00,183259.81
2024-04-02 17:00:00,178372.36
2024-04-02 18:00:00,177397.18
2024-04-02 19:00:00,181216.17
2024-04-02 20:00:00,171675.8
2024-04-02 21:00:00,165408.1
2024-04-02 22:00:00,161367.68
2024-04-02 23:00:00,159355.99
2024-04-03 00:00:00,156291.89
2024-04-03 01:00:00,151862.33
2024-04-03 02:00:00,148695.71
2024-04-03 03:00:00,146797.84
2024-04-03 04:00:00,147869.07
2024-04-03 05:00:00,153042.99
2024-04-03 06:00:00,160825.78
2024-04-03 07:00:00,172537.09
2024-04-03 08:00:00,181001.03
2024-04-03 09:00:00,189095.83
2024-04-03 10:00:00,191667.57
2024-04-03 11:00:00,189411.12
2024-04-03 12:00:00,185726.91
2024-04-03 13:00:00,179950.11
2024-04-03 14:00:00,175891.49
2024-04-03 15:00:00,173680.26
2024-04-03 16:00:00,171375.56
2024-04-03 17:00:00,166606.09
2024-04-03 18:00:00,168458.22
2024-04-03 19:00:00,173715.57
2024-04-03 20:00:00,166785.97
2024-04-03 21:00:00,162320.36
2024-04-03 22:00:00,158286.93
2024-04-03 23:00:00,156254.84
2024-04-04 00:00:00,152116.83
2024-04-04 01:00:00,148358.89
2024-04-04 02:00:00,146061.51
2024-04-04 03:00:00,145020.07
2024-04-04 04:00:00,147191.64
2024-04-04 05:00:00,155317.25
2024-04-04 06:00:00,170094.76
2024-04-04 07:00:00,186786.02
2024-04-04 08:00:00,195262.49
2024-04-04 09:00:00,202378.08
2024-04-04 10:00:00,204727.5
2024-04-04 11:00:00,203355.55
2024-04-04 12:00:00,197873.56
2024-04-04 13:00:00,191643.23
2024-04-04 14:00:00,190906.77
2024-04-04 15:00:00,190780.13
2024-04-04 16:00:00,189272.97
2024-04-04 17:00:00,183675.16
2024-04-04 18:00:00,182126.86
2024-04-04 19:00:00,187534.24
2024-04-04 20:00:00,178917.01
2024-04-04 21:00:00,172883.19
2024-04-04 22:00:00,168747.56
2024-04-04 23:00:00,166062.08
2024-04-05 00:00:00,161430.36
2024-04-05 01:00:00,157651.12
2024-04-05 02:00:00,155347.87
2024-04-05 03:00:00,154539.06
2024-04-05 04:00:00,156041.02
2024-04-05 05:00:00,163497.33
2024-04-05 06:00:00,178008.86
2024-04-05 07:00:00,192980.02
2024-04-05 08:00:00,200774.69
2024-04-05 09:00:00,207594.18
2024-04-05 10:00:00,208639.5
2024-04-05 11:00:00,205394.04
2024-04-05 12:00:00,199221.96
2024-04-05 13:00:00,192106.72
2024-04-05 14:00:00,192246.94
2024-04-05 15:00:00,191859.16
2024-04-05 16:00:00,190285.72
2024-04-05 17:00:00,184881.52
2024-04-05 18:00:00,184376.13
2024-04-05 19:00:00,189147.46
2024-04-05 20:00:00,180436.4
2024-04-05 21:00:00,174490.98
2024-04-05 22:00:00,169572.2
2024-04-05 23:00:00,166597.53
2024-04-06 00:00:00,162993.66
2024-04-06 01:00:00,159820.62
2024-04-06 02:00:00,157215.91
2024-04-06 03:00:00,155495.93
2024-04-06 04:00:00,157062.65
2024-04-06 05:00:00,164093.46
2024-04-06 06:00:00,178950.92
2024-04-06 07:00:00,193564.81
2024-04-06 08:00:00,200787.99
2024-04-06 09:00:00,207196.46
2024-04-06 10:00:00,210456.37
2024-04-06 11:00:00,208149.26
2024-04-06 12:00:00,202243.62
2024-04-06 13:00:00,195128.59
2024-04-06 14:00:00,195265.29
2024-04-06 15:00:00,195377.91
2024-04-06 16:00:00,193338.08
2024-04-06 17:00:00,186696.19
2024-04-06 18:00:00,185907.73
2024-04-06 19:00:00,190207.85
2024-04-06 20:00:00,181177.03
2024-04-06 21:00:00,175079.69
2024-04-06 22:00:00,171104.83
2024-04-06 23:00:00,168806.43
2024-04-07 00:00:00,164755.36
2024-04-07 01:00:00,161199.75
2024-04-07 02:00:00,158747.69
2024-04-07 03:00:00,157803.93
2024-04-07 04:00:00,159578.38
2024-04-07 05:00:00,166937.21
2024-04-07 06:00:00,181027.16
2024-04-07 07:00:00,196251.52
2024-04-07 08:00:00,203303.81
2024-04-07 09:00:00,210109.0
2024-04-07 10:00:00,213142.66
2024-04-07 11:00:00,210662.55
2024-04-07 12:00:00,204962.51
2024-04-07 13:00:00,197438.65
2024-04-07 14:00:00,197498.77
2024-04-07 15:00:00,197561.89
2024-04-07 16:00:00,196155.16
2024-04-07 17:00:00,189699.06
2024-04-07 18:00:00,187341.91
2024-04-07 19:00:00,192064.82
2024-04-07 20:00:00,183481.42
2024-04-07 21:00:00,177928.31
2024-04-07 22:00:00,174184.92
2024-04-07 23:00:00,171871.43
2024-04-08 00:00:00,167869.3
2024-04-08 01:00:00,164054.69
2024-04-08 02:00:00,161522.6
2024-04-08 03:00:00,160558.82
2024-04-08 04:00:00,163017.41
2024-04-08 05:00:00,170897.8
2024-04-08 06:00:00,182793.71
2024-04-08 07:00:00,195206.5
2024-04-08 08:00:00,203017.44
2024-04-08 09:00:00,211840.54
2024-04-08 10:00:00,216468.46
2024-04-08 11:00:00,214963.7
2024-04-08 12:00:00,208447.66
2024-04-08 13:00:00,198910.34
2024-04-08 14:00:00,196206.34
2024-04-08 15:00:00,195819.33
2024-04-08 16:00:00,192610.37
2024-04-08 17:00:00,185424.43
2024-04-08 18:00:00,183699.25
2024-04-08 19:00:00,187122.61
2024-04-08 20:00:00,178230.51
2024-04-08 21:00:00,173261.65
2024-04-08 22:00:00,170374.7
2024-04-08 23:00:00,169119.9
2024-04-09 00:00:00,166006.45
2024-04-09 01:00:00,162581.76
2024-04-09 02:00:00,159497.0
2024-04-09 03:00:00,158455.48
2024-04-09 04:00:00,160371.35
2024-04-09 05:00:00,167820.36
2024-04-09 06:00:00,179754.05
2024-04-09 07:00:00,192421.54
2024-04-09 08:00:00,200615.46
2024-04-09 09:00:00,208204.12
2024-04-09 10:00:00,210165.65
2024-04-09 11:00:00,208322.72
2024-04-09 12:00:00,202764.86
2024-04-09 13:00:00,196025.59
2024-04-09 14:00:00,195916.47
2024-04-09 15:00:00,196923.7
2024-04-09 16:00:00,194525.69
2024-04-09 17:00:00,187761.39
2024-04-09 18:00:00,185564.03
2024-04-09 19:00:00,189980.77
2024-04-09 20:00:00,182857.74
2024-04-09 21:00:00,177479.26
2024-04-09 22:00:00,174398.08
2024-04-09 23:00:00,172803.98
2024-04-10 00:00:00,168645.92
2024-04-10 01:00:00,164572.01
2024-04-10 02:00:00,161701.58
2024-04-10 03:00:00,160308.34
2024-04-10 04:00:00,161570.65
2024-04-10 05:00:00,167694.07
2024-04-10 06:00:00,176903.49
2024-04-10 07:00:00,186700.75
2024-04-10 08:00:00,193954.59
2024-04-10 09:00:00,201139.49
2024-04-10 10:00:00,203692.21
2024-04-10 11:00:00,201690.49
2024-04-10 12:00:00,197089.72
2024-04-10 13:00:00,191541.96
2024-04-10 14:00:00,189067.55
2024-04-10 15:00:00,186629.93
2024-04-10 16:00:00,183914.13
2024-04-10 17:00:00,177235.07
2024-04-10 18:00:00,176772.08
2024-04-10 19:00:00,181596.59
2024-04-10 20:00:00,174806.5
2024-04-10 21:00:00,170959.92
2024-04-10 22:00:00,168230.09
2024-04-10 23:00:00,166830.25
2024-04-11 00:00:00,162952.35
2024-04-11 01:00:00,159599.14
2024-04-11 02:00:00,157429.48
2024-04-11 03:00:00,156500.04
2024-04-11 04:00:00,158359.07
2024-04-11 05:00:00,165705.15
2024-04-11 06:00:00,179361.57
2024-04-11 07:00:00,193906.6
2024-04-11 08:00:00,201665.22
2024-04-11 09:00:00,211110.51
2024-04-11 10:00:00,215542.93
2024-04-11 11:00:00,214470.2
2024-04-11 12:00:00,210333.42
2024-04-11 13:00:00,203550.69
2024-04-11 14:00:00,202421.99
2024-04-11 15:00:00,202455.36
2024-04-11 16:00:00,201258.3
2024-04-11 17:00:00,193850.63
2024-04-11 18:00:00,192039.01
2024-04-11 19:00:00,195048.87
2024-04-11 20:00:00,186574.05
2024-04-11 21:00:00,181934.88
2024-04-11 22:00:00,179102.66
2024-04-11 23:00:00,177882.37
2024-04-12 00:00:00,174000.32
2024-04-12 01:00:00,170004.95
2024-04-12 02:00:00,166984.61
2024-04-12 03:00:00,166920.17
2024-04-12 04:00:00,169729.01
2024-04-12 05:00:00,174774.43
2024-04-12 06:00:00,184961.08
2024-04-12 07:00:00,195984.26
2024-04-12 08:00:00,201958.93
2024-04-12 09:00:00,211306.78
2024-04-12 10:00:00,216500.7
2024-04-12 11:00:00,216015.75
2024-04-12 12:00:00,211378.96
2024-04-12 13:00:00,205034.07
2024-04-12 14:00:00,204497.82
2024-04-12 15:00:00,205096.78
2024-04-12 16:00:00,203945.4
2024-04-12 17:00:00,197279.16
2024-04-12 18:00:00,194976.18
2024-04-12 19:00:00,198130.36
2024-04-12 20:00:00,190293.65
2024-04-12 21:00:00,185308.06
2024-04-12 22:00:00,182718.22
2024-04-12 23:00:00,181929.1
2024-04-13 00:00:00,178142.77
2024-04-13 01:00:00,174244.46
2024-04-13 02:00:00,171137.2
2024-04-13 03:00:00,170540.21
2024-04-13 04:00:00,173233.04
2024-04-13 05:00:00,178068.46
2024-04-13 06:00:00,186880.86
2024-04-13 07:00:00,196404.25
2024-04-13 08:00:00,202598.14
2024-04-13 09:00:00,211978.55
2024-04-13 10:00:00,217909.04
2024-04-13 11:00:00,217385.09
2024-04-13 12:00:00,213518.65
2024-04-13 13:00:00,204835.8
2024-04-13 14:00:00,204396.53
2024-04-13 15:00:00,204902.94
2024-04-13 16:00:00,202144.06
2024-04-13 17:00:00,195384.54
2024-04-13 18:00:00,192491.78
2024-04-13 19:00:00,195823.58
2024-04-13 20:00:00,188172.84
2024-04-13 21:00:00,184181.66
2024-04-13 22:00:00,182373.94
2024-04-13 23:00:00,180612.66
2024-04-14 00:00:00,177096.22
2024-04-14 01:00:00,173284.43
2024-04-14 02:00:00,170210.23
2024-04-14 03:00:00,169756.46
2024-04-14 04:00:00,172376.6
2024-04-14 05:00:00,178117.95
2024-04-14 06:00:00,187492.01
2024-04-14 07:00:00,196583.41
2024-04-14 08:00:00,202490.69
2024-04-14 09:00:00,211684.26
2024-04-14 10:00:00,215844.1
2024-04-14 11:00:00,215159.91
2024-04-14 12:00:00,211703.99
2024-04-14 13:00:00,205595.98
2024-04-14 14:00:00,206274.52
2024-04-14 15:00:00,207161.0
2024-04-14 16:00:00,204087.69
2024-04-14 17:00:00,197188.98
2024-04-14 18:00:00,194222.85
2024-04-14 19:00:00,198659.35
2024-04-14 20:00:00,192471.89
2024-04-14 21:00:00,188719.1
2024-04-14 22:00:00,186377.27
2024-04-14 23:00:00,184458.79
2024-04-15 00:00:00,181423.4
2024-04-15 01:00:00,177328.18
2024-04-15 02:00:00,174038.83
2024-04-15 03:00:00,173080.53
2024-04-15 04:00:00,175209.67
2024-04-15 05:00:00,179879.11
2024-04-15 06:00:00,189670.07
2024-04-15 07:00:00,198854.43
2024-04-15 08:00:00,204131.07
2024-04-15 09:00:00,215850.91
2024-04-15 10:00:00,219432.24
2024-04-15 11:00:00,219268.1
2024-04-15 12:00:00,214420.23
2024-04-15 13:00:00,208088.07
2024-04-15 14:00:00,207166.11
2024-04-15 15:00:00,207555.71
2024-04-15 16:00:00,202866.97
2024-04-15 17:00:00,196726.57
2024-04-15 18:00:00,194345.37
2024-04-15 19:00:00,197580.33
2024-04-15 20:00:00,191347.4
2024-04-15 21:00:00,187126.1
2024-04-15 22:00:00,185584.8
2024-04-15 23:00:00,184486.53
2024-04-16 00:00:00,180618.56
2024-04-16 01:00:00,177308.97
2024-04-16 02:00:00,174613.64
2024-04-16 03:00:00,173511.45
2024-04-16 04:00:00,175643.54
2024-04-16 05:00:00,179506.37
2024-04-16 06:00:00,187506.97
2024-04-16 07:00:00,196204.79
2024-04-16 08:00:00,201380.07
2024-04-16 09:00:00,210157.22
2024-04-16 10:00:00,214904.96
2024-04-16 11:00:00,215067.19
2024-04-16 12:00:00,212506.56
2024-04-16 13:00:00,206973.33
2024-04-16 14:00:00,207890.1
2024-04-16 15:00:00,209357.38
2024-04-16 16:00:00,203869.38
2024-04-16 17:00:00,195384.38
2024-04-16 18:00:00,191880.79
2024-04-16 19:00:00,195127.92
2024-04-16 20:00:00,187005.62
2024-04-16 21:00:00,182751.45
2024-04-16 22:00:00,180993.42
2024-04-16 23:00:00,179054.26
2024-04-17 00:00:00,176201.71
2024-04-17 01:00:00,172377.37
2024-04-17 02:00:00,169162.81
2024-04-17 03:00:00,168260.57
2024-04-17 04:00:00,170341.66
2024-04-17 05:00:00,174385.44
2024-04-17 06:00:00,181267.26
2024-04-17 07:00:00,189166.09
2024-04-17 08:00:00,193669.0
2024-04-17 09:00:00,200743.01
2024-04-17 10:00:00,202846.06
2024-04-17 11:00:00,202130.01
2024-04-17 12:00:00,199736.12
2024-04-17 13:00:00,194843.45
2024-04-17 14:00:00,193833.89
2024-04-17 15:00:00,193083.28
2024-04-17 16:00:00,190211.56
2024-04-17 17:00:00,182788.36
2024-04-17 18:00:00,179618.47
2024-04-17 19:00:00,184482.25
2024-04-17 20:00:00,178794.21
2024-04-17 21:00:00,176519.77
2024-04-17 22:00:00,175433.1
2024-04-17 23:00:00,173938.41
2024-04-18 00:00:00,170299.1
2024-04-18 01:00:00,166466.52
2024-04-18 02:00:00,164568.3
2024-04-18 03:00:00,163927.81
2024-04-18 04:00:00,166602.91
2024-04-18 05:00:00,172544.01
2024-04-18 06:00:00,184146.71
2024-04-18 07:00:00,194639.8
2024-04-18 08:00:00,200083.05
2024-04-18 09:00:00,210040.24
2024-04-18 10:00:00,215362.8
2024-04-18 11:00:00,213906.76
2024-04-18 12:00:00,213341.35
2024-04-18 13:00:00,207108.96
2024-04-18 14:00:00,207608.34
2024-04-18 15:00:00,207394.12
2024-04-18 16:00:00,203625.85
2024-04-18 17:00:00,195142.59
2024-04-18 18:00:00,190784.52
2024-04-18 19:00:00,194847.7
2024-04-18 20:00:00,187408.96
2024-04-18 21:00:00,183214.76
2024-04-18 22:00:00,181301.38
2024-04-18 23:00:00,178902.75
2024-04-19 00:00:00,175925.18
2024-04-19 01:00:00,172467.9
2024-04-19 02:00:00,169303.92
2024-04-19 03:00:00,167778.0
2024-04-19 04:00:00,169773.7
2024-04-19 05:00:00,175175.79
2024-04-19 06:00:00,185209.46
2024-04-19 07:00:00,194366.66
2024-04-19 08:00:00,199099.6
2024-04-19 09:00:00,207651.01
2024-04-19 10:00:00,213270.06
2024-04-19 11:00:00,213195.88
2024-04-19 12:00:00,209937.61
2024-04-19 13:00:00,202888.49
2024-04-19 14:00:00,203375.86
2024-04-19 15:00:00,204412.79
2024-04-19 16:00:00,201607.42
2024-04-19 17:00:00,194000.82
2024-04-19 18:00:00,188636.05
2024-04-19 19:00:00,192744.03
2024-04-19 20:00:00,186181.81
2024-04-19 21:00:00,182526.7
2024-04-19 22:00:00,180041.01
2024-04-19 23:00:00,177279.87
2024-04-20 00:00:00,173432.23
2024-04-20 01:00:00,169345.09
2024-04-20 02:00:00,166238.51
2024-04-20 03:00:00,164390.75
2024-04-20 04:00:00,166194.67
2024-04-20 05:00:00,171800.07
2024-04-20 06:00:00,182521.84
2024-04-20 07:00:00,192158.35
2024-04-20 08:00:00,195850.9
2024-04-20 09:00:00,205442.82
2024-04-20 10:00:00,209705.35
2024-04-20 11:00:00,208563.59
2024-04-20 12:00:00,204537.24
2024-04-20 13:00:00,196134.31
2024-04-20 14:00:00,196014.61
2024-04-20 15:00:00,196155.93
2024-04-20 16:00:00,194041.35
2024-04-20 17:00:00,188681.34
2024-04-20 18:00:00,184553.17
2024-04-20 19:00:00,188550.43
2024-04-20 20:00:00,181469.6
2024-04-20 21:00:00,177546.71
2024-04-20 22:00:00,176314.28
2024-04-20 23:00:00,174154.92
2024-04-21 00:00:00,170634.74
2024-04-21 01:00:00,166688.56
2024-04-21 02:00:00,163491.21
2024-04-21 03:00:00,162219.26
2024-04-21 04:00:00,163895.32
2024-04-21 05:00:00,169320.27
2024-04-21 06:00:00,180469.87
2024-04-21 07:00:00,190213.88
2024-04-21 08:00:00,194285.49
2024-04-21 09:00:00,201622.63
2024-04-21 10:00:00,205771.28
2024-04-21 11:00:00,204397.34
2024-04-21 12:00:00,201389.83
2024-04-21 13:00:00,195497.44
2024-04-21 14:00:00,196805.5
2024-04-21 15:00:00,198183.32
2024-04-21 16:00:00,197896.87
2024-04-21 17:00:00,191774.11
2024-04-21 18:00:00,189189.03
2024-04-21 19:00:00,193527.93
2024-04-21 20:00:00,186271.3
2024-04-21 21:00:00,181840.19
2024-04-21 22:00:00,179443.74
2024-04-21 23:00:00,176926.74
2024-04-22 00:00:00,173565.56
2024-04-22 01:00:00,169960.34
2024-04-22 02:00:00,167324.58
2024-04-22 03:00:00,166420.92
2024-04-22 04:00:00,168495.44
2024-04-22 05:00:00,174168.6
2024-04-22 06:00:00,185893.77
2024-04-22 07:00:00,195252.46
2024-04-22 08:00:00,199303.24
2024-04-22 09:00:00,207803.77
2024-04-22 10:00:00,211830.55
2024-04-22 11:00:00,212219.34
2024-04-22 12:00:00,208817.5
2024-04-22 13:00:00,201077.0
2024-04-22 14:00:00,201193.52
2024-04-22 15:00:00,201964.73
2024-04-22 16:00:00,200036.22
2024-04-22 17:00:00,193911.37
2024-04-22 18:00:00,190847.27
2024-04-22 19:00:00,195468.52
2024-04-22 20:00:00,188642.28
2024-04-22 21:00:00,184601.9
2024-04-22 22:00:00,182630.75
2024-04-22 23:00:00,181354.66
2024-04-23 00:00:00,178280.37
2024-04-23 01:00:00,174774.29
2024-04-23 02:00:00,171389.4
2024-04-23 03:00:00,170255.28
2024-04-23 04:00:00,172107.14
2024-04-23 05:00:00,176973.21
2024-04-23 06:00:00,185981.17
2024-04-23 07:00:00,193352.05
2024-04-23 08:00:00,196321.38
2024-04-23 09:00:00,204744.24
2024-04-23 10:00:00,208974.34
2024-04-23 11:00:00,210159.13
2024-04-23 12:00:00,207272.42
2024-04-23 13:00:00,200619.47
2024-04-23 14:00:00,201680.29
2024-04-23 15:00:00,201915.22
2024-04-23 16:00:00,200783.37
2024-04-23 17:00:00,193780.96
2024-04-23 18:00:00,189645.72
2024-04-23 19:00:00,194921.12
2024-04-23 20:00:00,188628.32
2024-04-23 21:00:00,185122.38
2024-04-23 22:00:00,184131.43
2024-04-23 23:00:00,183139.83
2024-04-24 00:00:00,179617.65
2024-04-24 01:00:00,175736.91
2024-04-24 02:00:00,172940.54
2024-04-24 03:00:00,171553.46
2024-04-24 04:00:00,172812.38
2024-04-24 05:00:00,176565.32
2024-04-24 06:00:00,182365.74
2024-04-24 07:00:00,187399.3
2024-04-24 08:00:00,189883.82
2024-04-24 09:00:00,195977.81
2024-04-24 10:00:00,197932.56
2024-04-24 11:00:00,196688.17
2024-04-24 12:00:00,192882.73
2024-04-24 13:00:00,187879.68
2024-04-24 14:00:00,186435.19
2024-04-24 15:00:00,186518.14
2024-04-24 16:00:00,183606.2
2024-04-24 17:00:00,175520.7
2024-04-24 18:00:00,171074.77
2024-04-24 19:00:00,175708.72
2024-04-24 20:00:00,172002.76
2024-04-24 21:00:00,171255.14
2024-04-24 22:00:00,171503.7
2024-04-24 23:00:00,170940.59
2024-04-25 00:00:00,168553.17
2024-04-25 01:00:00,165386.06
2024-04-25 02:00:00,163107.39
2024-04-25 03:00:00,161639.99
2024-04-25 04:00:00,162606.61
2024-04-25 05:00:00,165603.71
2024-04-25 06:00:00,170195.67
2024-04-25 07:00:00,173916.7
2024-04-25 08:00:00,174726.08
2024-04-25 09:00:00,178459.42
2024-04-25 10:00:00,180207.22
2024-04-25 11:00:00,180424.06
2024-04-25 12:00:00,179362.92
2024-04-25 13:00:00,177078.33
2024-04-25 14:00:00,175160.2
2024-04-25 15:00:00,175113.61
2024-04-25 16:00:00,171496.39
2024-04-25 17:00:00,162922.27
2024-04-25 18:00:00,157689.98
2024-04-25 19:00:00,163477.33
2024-04-25 20:00:00,160562.0
2024-04-25 21:00:00,159542.02
2024-04-25 22:00:00,160140.96
2024-04-25 23:00:00,159359.66
2024-04-26 00:00:00,155859.72
2024-04-26 01:00:00,152954.17
2024-04-26 02:00:00,150271.3
2024-04-26 03:00:00,149761.77
2024-04-26 04:00:00,151901.42
2024-04-26 05:00:00,156485.77
2024-04-26 06:00:00,165158.37
2024-04-26 07:00:00,174117.07
2024-04-26 08:00:00,180336.58
2024-04-26 09:00:00,191526.0
2024-04-26 10:00:00,197750.43
2024-04-26 11:00:00,200333.67
2024-04-26 12:00:00,199252.31
2024-04-26 13:00:00,194638.03
2024-04-26 14:00:00,194948.4
2024-04-26 15:00:00,196168.22
2024-04-26 16:00:00,193951.63
2024-04-26 17:00:00,186815.63
2024-04-26 18:00:00,182763.59
2024-04-26 19:00:00,188911.11
2024-04-26 20:00:00,183779.99
2024-04-26 21:00:00,181886.43
2024-04-26 22:00:00,182128.26
2024-04-26 23:00:00,181618.08
2024-04-27 00:00:00,178498.67
2024-04-27 01:00:00,174464.07
2024-04-27 02:00:00,170762.86
2024-04-27 03:00:00,169730.23
2024-04-27 04:00:00,171150.82
2024-04-27 05:00:00,174893.72
2024-04-27 06:00:00,181599.26
2024-04-27 07:00:00,187849.57
2024-04-27 08:00:00,192252.73
2024-04-27 09:00:00,202167.51
2024-04-27 10:00:00,207989.52
2024-04-27 11:00:00,208851.31
2024-04-27 12:00:00,206934.41
2024-04-27 13:00:00,203510.89
2024-04-27 14:00:00,204997.77
2024-04-27 15:00:00,205731.58
2024-04-27 16:00:00,202675.65
2024-04-27 17:00:00,195781.34
2024-04-27 18:00:00,191669.56
2024-04-27 19:00:00,197286.94
2024-04-27 20:00:00,193130.89
2024-04-27 21:00:00,191408.7
2024-04-27 22:00:00,191528.65
2024-04-27 23:00:00,191130.84
2024-04-28 00:00:00,187667.1
2024-04-28 01:00:00,183762.2
2024-04-28 02:00:00,180239.86
2024-04-28 03:00:00,178736.05
2024-04-28 04:00:00,179802.4
2024-04-28 05:00:00,183537.89
2024-04-28 06:00:00,188630.24
2024-04-28 07:00:00,193214.91
2024-04-28 08:00:00,197051.96
2024-04-28 09:00:00,206838.78
2024-04-28 10:00:00,212171.92
2024-04-28 11:00:00,213257.62
2024-04-28 12:00:00,211758.12
2024-04-28 13:00:00,207591.02
2024-04-28 14:00:00,210180.97
2024-04-28 15:00:00,212331.02
2024-04-28 16:00:00,208840.65
2024-04-28 17:00:00,200961.94
2024-04-28 18:00:00,196595.05
2024-04-28 19:00:00,202189.31
2024-04-28 20:00:00,197352.82
2024-04-28 21:00:00,196079.05
2024-04-28 22:00:00,196265.45
2024-04-28 23:00:00,196034.36
2024-04-29 00:00:00,192703.13
2024-04-29 01:00:00,188524.6
2024-04-29 02:00:00,184813.78
2024-04-29 03:00:00,183156.73
2024-04-29 04:00:00,184067.21
2024-04-29 05:00:00,186731.95
2024-04-29 06:00:00,190657.57
2024-04-29 07:00:00,194602.48
2024-04-29 08:00:00,198785.96
2024-04-29 09:00:00,208572.83
2024-04-29 10:00:00,215277.81
2024-04-29 11:00:00,217558.97
2024-04-29 12:00:00,216500.34
2024-04-29 13:00:00,211300.21
2024-04-29 14:00:00,214181.57
2024-04-29 15:00:00,214704.11
2024-04-29 16:00:00,210720.83
2024-04-29 17:00:00,200010.98
2024-04-29 18:00:00,194853.13
2024-04-29 19:00:00,200752.13
2024-04-29 20:00:00,195230.45
2024-04-29 21:00:00,194260.23
2024-04-29 22:00:00,195951.0
2024-04-29 23:00:00,196094.24
2024-04-30 00:00:00,193071.31
2024-04-30 01:00:00,188603.22
2024-04-30 02:00:00,184105.95
2024-04-30 03:00:00,181046.24
2024-04-30 04:00:00,180777.03
2024-04-30 05:00:00,183197.44
2024-04-30 06:00:00,186041.32
2024-04-30 07:00:00,189142.59
2024-04-30 08:00:00,193170.93
2024-04-30 09:00:00,203312.52
2024-04-30 10:00:00,209485.25
2024-04-30 11:00:00,211640.92
2024-04-30 12:00:00,209634.06
2024-04-30 13:00:00,205798.3
2024-04-30 14:00:00,208348.28
2024-04-30 15:00:00,210021.42
2024-04-30 16:00:00,207276.03
2024-04-30 17:00:00,198463.59
2024-04-30 18:00:00,194434.9
2024-04-30 19:00:00,201094.24
2024-04-30 20:00:00,196577.71
2024-04-30 21:00:00,194782.12
2024-04-30 22:00:00,194967.39
2024-04-30 23:00:00,194194.45
2024-05-01 00:00:00,219228.0
2024-05-01 01:00:00,213112.0
2024-05-01 02:00:00,206899.0
2024-05-01 03:00:00,201104.0
2024-05-01 04:00:00,196732.0
2024-05-01 05:00:00,197209.0
2024-05-01 06:00:00,198091.0
2024-05-01 07:00:00,195620.0
2024-05-01 08:00:00,193616.0
2024-05-01 09:00:00,197798.0
2024-05-01 10:00:00,203661.0
2024-05-01 11:00:00,205438.0
2024-05-01 12:00:00,203616.0
2024-05-01 13:00:00,202116.0
2024-05-01 14:00:00,200466.0
2024-05-01 15:00:00,204400.0
2024-05-01 16:00:00,204055.0
2024-05-01 17:00:00,197206.0
2024-05-01 18:00:00,189860.0
2024-05-01 19:00:00,197684.0
2024-05-01 20:00:00,204477.0
2024-05-01 21:00:00,202137.0
2024-05-01 22:00:00,206016.0
2024-05-01 23:00:00,211357.0
2024-05-02 00:00:00,208346.0
2024-05-02 01:00:00,202933.0
2024-05-02 02:00:00,197072.0
2024-05-02 03:00:00,192391.0
2024-05-02 04:00:00,189005.0
2024-05-02 05:00:00,189543.0
2024-05-02 06:00:00,193439.0
2024-05-02 07:00:00,195972.0
2024-05-02 08:00:00,197551.0
2024-05-02 09:00:00,204221.0
2024-05-02 10:00:00,213398.0
2024-05-02 11:00:00,216336.0
2024-05-02 12:00:00,215521.0
2024-05-02 13:00:00,212803.0
2024-05-02 14:00:00,213380.0
2024-05-02 15:00:00,220652.0
2024-05-02 16:00:00,219226.0
2024-05-02 17:00:00,212689.0
2024-05-02 18:00:00,203506.0
2024-05-02 19:00:00,207842.0
2024-05-02 20:00:00,211235.0
2024-05-02 21:00:00,209047.0
2024-05-02 22:00:00,213320.0
2024-05-02 23:00:00,217235.0
2024-05-03 00:00:00,213011.0
2024-05-03 01:00:00,206662.0
2024-05-03 02:00:00,202345.0
2024-05-03 03:00:00,196745.0
2024-05-03 04:00:00,192330.0
2024-05-03 05:00:00,194244.0
2024-05-03 06:00:00,197217.0
2024-05-03 07:00:00,198845.0
2024-05-03 08:00:00,198485.0
2024-05-03 09:00:00,204509.0
2024-05-03 10:00:00,215829.0
2024-05-03 11:00:00,220148.0
2024-05-03 12:00:00,220031.0
2024-05-03 13:00:00,215541.0
2024-05-03 14:00:00,216537.0
2024-05-03 15:00:00,222471.0
2024-05-03 16:00:00,220725.0
2024-05-03 17:00:00,212586.0
2024-05-03 18:00:00,204186.0
2024-05-03 19:00:00,209453.0
2024-05-03 20:00:00,213162.0
2024-05-03 21:00:00,210796.0
2024-05-03 22:00:00,214496.0
2024-05-03 23:00:00,219447.0
2024-05-04 00:00:00,215052.0
2024-05-04 01:00:00,209384.0
2024-05-04 02:00:00,204721.0
2024-05-04 03:00:00,199925.0
2024-05-04 04:00:00,195921.0
2024-05-04 05:00:00,196557.0
2024-05-04 06:00:00,198058.0
2024-05-04 07:00:00,198024.0
2024-05-04 08:00:00,197400.0
2024-05-04 09:00:00,205216.0
2024-05-04 10:00:00,217422.0
2024-05-04 11:00:00,222856.0
2024-05-04 12:00:00,223434.0
2024-05-04 13:00:00,219612.0
2024-05-04 14:00:00,220095.0
2024-05-04 15:00:00,228336.0
2024-05-04 16:00:00,225754.0
2024-05-04 17:00:00,215950.0
2024-05-04 18:00:00,205476.0
2024-05-04 19:00:00,210291.0
2024-05-04 20:00:00,214768.0
2024-05-04 21:00:00,214098.0
2024-05-04 22:00:00,218165.0
2024-05-04 23:00:00,221118.0
2024-05-05 00:00:00,217146.0
2024-05-05 01:00:00,212551.0
2024-05-05 02:00:00,208055.0
2024-05-05 03:00:00,203301.0
2024-05-05 04:00:00,199058.0
2024-05-05 05:00:00,199315.0
2024-05-05 06:00:00,198936.0
2024-05-05 07:00:00,197811.0
2024-05-05 08:00:00,197067.0
2024-05-05 09:00:00,200707.0
2024-05-05 10:00:00,206009.0
2024-05-05 11:00:00,210077.0
2024-05-05 12:00:00,208308.0
2024-05-05 13:00:00,206515.0
2024-05-05 14:00:00,209239.0
2024-05-05 15:00:00,214300.0
2024-05-05 16:00:00,210772.0
2024-05-05 17:00:00,202541.0
2024-05-05 18:00:00,192005.0
2024-05-05 19:00:00,196919.0
2024-05-05 20:00:00,203572.0
2024-05-05 21:00:00,204173.0
2024-05-05 22:00:00,211535.0
2024-05-05 23:00:00,216529.0
2024-05-06 00:00:00,213712.0
2024-05-06 01:00:00,209233.0
2024-05-06 02:00:00,203475.0
2024-05-06 03:00:00,198291.0
2024-05-06 04:00:00,194546.0
2024-05-06 05:00:00,196069.0
2024-05-06 06:00:00,199299.0
2024-05-06 07:00:00,199679.0
2024-05-06 08:00:00,200648.0
2024-05-06 09:00:00,209281.0
2024-05-06 10:00:00,217036.0
2024-05-06 11:00:00,226251.0
2024-05-06 12:00:00,226505.0
2024-05-06 13:00:00,225414.0
2024-05-06 14:00:00,226555.0
2024-05-06 15:00:00,230828.0
2024-05-06 16:00:00,229538.0
2024-05-06 17:00:00,219659.0
2024-05-06 18:00:00,208009.0
2024-05-06 19:00:00,210508.0
2024-05-06 20:00:00,213498.0
2024-05-06 21:00:00,211246.0
2024-05-06 22:00:00,216095.0
2024-05-06 23:00:00,219135.0
2024-05-07 00:00:00,214234.0
2024-05-07 01:00:00,208531.0
2024-05-07 02:00:00,201575.0
2024-05-07 03:00:00,196885.0
2024-05-07 04:00:00,193377.0
2024-05-07 05:00:00,194901.0
2024-05-07 06:00:00,196245.0
2024-05-07 07:00:00,196194.0
2024-05-07 08:00:00,193400.0
2024-05-07 09:00:00,198875.0
2024-05-07 10:00:00,209068.0
2024-05-07 11:00:00,214336.0
2024-05-07 12:00:00,216293.0
2024-05-07 13:00:00,216499.0
2024-05-07 14:00:00,217828.0
2024-05-07 15:00:00,223427.0
2024-05-07 16:00:00,218727.0
2024-05-07 17:00:00,206688.0
2024-05-07 18:00:00,193541.0
2024-05-07 19:00:00,196398.0
2024-05-07 20:00:00,201841.0
2024-05-07 21:00:00,201529.0
2024-05-07 22:00:00,203937.0
2024-05-07 23:00:00,208832.0
2024-05-08 00:00:00,204378.0
2024-05-08 01:00:00,197407.0
2024-05-08 02:00:00,191496.0
2024-05-08 03:00:00,187327.0
2024-05-08 04:00:00,183549.0
2024-05-08 05:00:00,185343.0
2024-05-08 06:00:00,188251.0
2024-05-08 07:00:00,189271.0
2024-05-08 08:00:00,189738.0
2024-05-08 09:00:00,195322.0
2024-05-08 10:00:00,204961.0
2024-05-08 11:00:00,209548.0
2024-05-08 12:00:00,211499.0
2024-05-08 13:00:00,212035.0
2024-05-08 14:00:00,215592.0
2024-05-08 15:00:00,221883.0
2024-05-08 16:00:00,221019.0
2024-05-08 17:00:00,212959.0
2024-05-08 18:00:00,201286.0
2024-05-08 19:00:00,206017.0
2024-05-08 20:00:00,211786.0
2024-05-08 21:00:00,211108.0
2024-05-08 22:00:00,214887.0
2024-05-08 23:00:00,218278.0
2024-05-09 00:00:00,213404.0
2024-05-09 01:00:00,206920.0
2024-05-09 02:00:00,200966.0
2024-05-09 03:00:00,196322.0
2024-05-09 04:00:00,192393.0
2024-05-09 05:00:00,193227.0
2024-05-09 06:00:00,194179.0
2024-05-09 07:00:00,195037.0
2024-05-09 08:00:00,195489.0
2024-05-09 09:00:00,200721.0
2024-05-09 10:00:00,209749.0
2024-05-09 11:00:00,214061.0
2024-05-09 12:00:00,214749.0
2024-05-09 13:00:00,210917.0
2024-05-09 14:00:00,212871.0
2024-05-09 15:00:00,217621.0
2024-05-09 16:00:00,212978.0
2024-05-09 17:00:00,202950.0
2024-05-09 18:00:00,195799.0
2024-05-09 19:00:00,201427.0
2024-05-09 20:00:00,206847.0
2024-05-09 21:00:00,206514.0
2024-05-09 22:00:00,210786.0
2024-05-09 23:00:00,214075.0
2024-05-10 00:00:00,209967.0
2024-05-10 01:00:00,203426.0
2024-05-10 02:00:00,197425.0
2024-05-10 03:00:00,192214.0
2024-05-10 04:00:00,188257.0
2024-05-10 05:00:00,190511.0
2024-05-10 06:00:00,192771.0
2024-05-10 07:00:00,193810.0
2024-05-10 08:00:00,195302.0
2024-05-10 09:00:00,203080.0
2024-05-10 10:00:00,211943.0
2024-05-10 11:00:00,218403.0
2024-05-10 12:00:00,218526.0
2024-05-10 13:00:00,216962.0
2024-05-10 14:00:00,218511.0
2024-05-10 15:00:00,221700.0
2024-05-10 16:00:00,216687.0
2024-05-10 17:00:00,203980.0
2024-05-10 18:00:00,193702.0
2024-05-10 19:00:00,198100.0
2024-05-10 20:00:00,204033.0
2024-05-10 21:00:00,203879.0
2024-05-10 22:00:00,204092.0
2024-05-10 23:00:00,197048.0
2024-05-11 00:00:00,193316.0
2024-05-11 01:00:00,190544.0
2024-05-11 02:00:00,188465.0
2024-05-11 03:00:00,184227.0
2024-05-11 04:00:00,180936.0
2024-05-11 05:00:00,180490.0
2024-05-11 06:00:00,181256.0
2024-05-11 07:00:00,181079.0
2024-05-11 08:00:00,182349.0
2024-05-11 09:00:00,189806.0
2024-05-11 10:00:00,199837.0
2024-05-11 11:00:00,205226.0
2024-05-11 12:00:00,208778.0
2024-05-11 13:00:00,208580.0
2024-05-11 14:00:00,211429.0
2024-05-11 15:00:00,214822.0
2024-05-11 16:00:00,211938.0
2024-05-11 17:00:00,203589.0
2024-05-11 18:00:00,193580.0
2024-05-11 19:00:00,198422.0
2024-05-11 20:00:00,202423.0
2024-05-11 21:00:00,201670.0
2024-05-11 22:00:00,205210.0
2024-05-11 23:00:00,208490.0
2024-05-12 00:00:00,203689.0
2024-05-12 01:00:00,199006.0
2024-05-12 02:00:00,194264.0
2024-05-12 03:00:00,188549.0
2024-05-12 04:00:00,184403.0
2024-05-12 05:00:00,183758.0
2024-05-12 06:00:00,184116.0
2024-05-12 07:00:00,182973.0
2024-05-12 08:00:00,183156.0
2024-05-12 09:00:00,186690.0
2024-05-12 10:00:00,192593.0
2024-05-12 11:00:00,197414.0
2024-05-12 12:00:00,199322.0
2024-05-12 13:00:00,199406.0
2024-05-12 14:00:00,201133.0
2024-05-12 15:00:00,203675.0
2024-05-12 16:00:00,198303.0
2024-05-12 17:00:00,188469.0
2024-05-12 18:00:00,179919.0
2024-05-12 19:00:00,187504.0
2024-05-12 20:00:00,196323.0
2024-05-12 21:00:00,197026.0
2024-05-12 22:00:00,200980.0
2024-05-12 23:00:00,205543.0
2024-05-13 00:00:00,200610.0
2024-05-13 01:00:00,196409.0
2024-05-13 02:00:00,189656.0
2024-05-13 03:00:00,183812.0
2024-05-13 04:00:00,179575.0
2024-05-13 05:00:00,180495.0
2024-05-13 06:00:00,182442.0
2024-05-13 07:00:00,183318.0
2024-05-13 08:00:00,184205.0
2024-05-13 09:00:00,191517.0
2024-05-13 10:00:00,201092.0
2024-05-13 11:00:00,207335.0
2024-05-13 12:00:00,209685.0
2024-05-13 13:00:00,209788.0
2024-05-13 14:00:00,210781.0
2024-05-13 15:00:00,215537.0
2024-05-13 16:00:00,209905.0
2024-05-13 17:00:00,201353.0
2024-05-13 18:00:00,194605.0
2024-05-13 19:00:00,200551.0
2024-05-13 20:00:00,205715.0
2024-05-13 21:00:00,207022.0
2024-05-13 22:00:00,210306.0
2024-05-13 23:00:00,206378.0
2024-05-14 00:00:00,202829.0
2024-05-14 01:00:00,196669.0
2024-05-14 02:00:00,190288.0
2024-05-14 03:00:00,185923.0
2024-05-14 04:00:00,182225.0
2024-05-14 05:00:00,182424.0
2024-05-14 06:00:00,184017.0
2024-05-14 07:00:00,184085.0
2024-05-14 08:00:00,186697.0
2024-05-14 09:00:00,195183.0
2024-05-14 10:00:00,204985.0
2024-05-14 11:00:00,210410.0
2024-05-14 12:00:00,212869.0
2024-05-14 13:00:00,210970.0
2024-05-14 14:00:00,213148.0
2024-05-14 15:00:00,217477.0
2024-05-14 16:00:00,214580.0
2024-05-14 17:00:00,203628.0
2024-05-14 18:00:00,194693.0
2024-05-14 19:00:00,201574.0
2024-05-14 20:00:00,206270.0
2024-05-14 21:00:00,206417.0
2024-05-14 22:00:00,209766.0
2024-05-14 23:00:00,211513.0
2024-05-15 00:00:00,207084.0
2024-05-15 01:00:00,203468.0
2024-05-15 02:00:00,197767.0
2024-05-15 03:00:00,192575.0
2024-05-15 04:00:00,187893.0
2024-05-15 05:00:00,188015.0
2024-05-15 06:00:00,189303.0
2024-05-15 07:00:00,190818.0
2024-05-15 08:00:00,191259.0
2024-05-15 09:00:00,199981.0
2024-05-15 10:00:00,209588.0
2024-05-15 11:00:00,214472.0
2024-05-15 12:00:00,215399.0
2024-05-15 13:00:00,214877.0
2024-05-15 14:00:00,217083.0
2024-05-15 15:00:00,224189.0
2024-05-15 16:00:00,221091.0
2024-05-15 17:00:00,211578.0
2024-05-15 18:00:00,202310.0
2024-05-15 19:00:00,207228.0
2024-05-15 20:00:00,211770.0
2024-05-15 21:00:00,212358.0
2024-05-15 22:00:00,215625.0
2024-05-15 23:00:00,216973.0
2024-05-16 00:00:00,212835.0
2024-05-16 01:00:00,208203.0
2024-05-16 02:00:00,204104.0
2024-05-16 03:00:00,199058.0
2024-05-16 04:00:00,194276.0
2024-05-16 05:00:00,193877.0
2024-05-16 06:00:00,193212.0
2024-05-16 07:00:00,192592.0
2024-05-16 08:00:00,194265.0
2024-05-16 09:00:00,201666.0
2024-05-16 10:00:00,212973.0
2024-05-16 11:00:00,218728.0
2024-05-16 12:00:00,219440.0
2024-05-16 13:00:00,219260.0
2024-05-16 14:00:00,221531.0
2024-05-16 15:00:00,224744.0
2024-05-16 16:00:00,217897.0
2024-05-16 17:00:00,207491.0
2024-05-16 18:00:00,197989.0
2024-05-16 19:00:00,203558.0
2024-05-16 20:00:00,209248.0
2024-05-16 21:00:00,209778.0
2024-05-16 22:00:00,214486.0
2024-05-16 23:00:00,216132.0
2024-05-17 00:00:00,211735.0
2024-05-17 01:00:00,208030.0
2024-05-17 02:00:00,202639.0
2024-05-17 03:00:00,197615.0
2024-05-17 04:00:00,193420.0
2024-05-17 05:00:00,193992.0
2024-05-17 06:00:00,193882.0
2024-05-17 07:00:00,194211.0
2024-05-17 08:00:00,196352.0
2024-05-17 09:00:00,204585.0
2024-05-17 10:00:00,213855.0
2024-05-17 11:00:00,219066.0
2024-05-17 12:00:00,219889.0
2024-05-17 13:00:00,220194.0
2024-05-17 14:00:00,220559.0
2024-05-17 15:00:00,218961.0
2024-05-17 16:00:00,213135.0
2024-05-17 17:00:00,210542.0
2024-05-17 18:00:00,203258.0
2024-05-17 19:00:00,208790.0
2024-05-17 20:00:00,213216.0
2024-05-17 21:00:00,217343.0
2024-05-17 22:00:00,216393.0
2024-05-17 23:00:00,216727.0
2024-05-18 00:00:00,214314.0
2024-05-18 01:00:00,210005.0
2024-05-18 02:00:00,206333.0
2024-05-18 03:00:00,200994.0
2024-05-18 04:00:00,197306.0
2024-05-18 05:00:00,196748.0
2024-05-18 06:00:00,195619.0
2024-05-18 07:00:00,194679.0
2024-05-18 08:00:00,196411.0
2024-05-18 09:00:00,202486.0
2024-05-18 10:00:00,212147.0
2024-05-18 11:00:00,217257.0
2024-05-18 12:00:00,218648.0
2024-05-18 13:00:00,219977.0
2024-05-18 14:00:00,222315.0
2024-05-18 15:00:00,227789.0
2024-05-18 16:00:00,223474.0
2024-05-18 17:00:00,212923.0
2024-05-18 18:00:00,202763.0
2024-05-18 19:00:00,208940.0
2024-05-18 20:00:00,214623.0
2024-05-18 21:00:00,215046.0
2024-05-18 22:00:00,217192.0
2024-05-18 23:00:00,219862.0
2024-05-19 00:00:00,217626.0
2024-05-19 01:00:00,211401.0
2024-05-19 02:00:00,205698.0
2024-05-19 03:00:00,200938.0
2024-05-19 04:00:00,196989.0
2024-05-19 05:00:00,195479.0
2024-05-19 06:00:00,193696.0
2024-05-19 07:00:00,189700.0
2024-05-19 08:00:00,190540.0
2024-05-19 09:00:00,195226.0
2024-05-19 10:00:00,200872.0
2024-05-19 11:00:00,205486.0
2024-05-19 12:00:00,208470.0
2024-05-19 13:00:00,209967.0
2024-05-19 14:00:00,211707.0
2024-05-19 15:00:00,212887.0
2024-05-19 16:00:00,206709.0
2024-05-19 17:00:00,195673.0
2024-05-19 18:00:00,185735.0
2024-05-19 19:00:00,191457.0
2024-05-19 20:00:00,200059.0
2024-05-19 21:00:00,203632.0
2024-05-19 22:00:00,208723.0
2024-05-19 23:00:00,212418.0
2024-05-20 00:00:00,209514.0
2024-05-20 01:00:00,203955.0
2024-05-20 02:00:00,198785.0
2024-05-20 03:00:00,194480.0
2024-05-20 04:00:00,190229.0
2024-05-20 05:00:00,190179.0
2024-05-20 06:00:00,190921.0
2024-05-20 07:00:00,190840.0
2024-05-20 08:00:00,193615.0
2024-05-20 09:00:00,201058.0
2024-05-20 10:00:00,210457.0
2024-05-20 11:00:00,216428.0
2024-05-20 12:00:00,219534.0
2024-05-20 13:00:00,220181.0
2024-05-20 14:00:00,222446.0
2024-05-20 15:00:00,227087.0
2024-05-20 16:00:00,220653.0
2024-05-20 17:00:00,210721.0
2024-05-20 18:00:00,199149.0
2024-05-20 19:00:00,201646.0
2024-05-20 20:00:00,208431.0
2024-05-20 21:00:00,210013.0
2024-05-20 22:00:00,212916.0
2024-05-20 23:00:00,215167.0
2024-05-21 00:00:00,211705.0
2024-05-21 01:00:00,206125.0
2024-05-21 02:00:00,201060.0
2024-05-21 03:00:00,195820.0
2024-05-21 04:00:00,191157.0
2024-05-21 05:00:00,190827.0
2024-05-21 06:00:00,189898.0
2024-05-21 07:00:00,190656.0
2024-05-21 08:00:00,193496.0
2024-05-21 09:00:00,200711.0
2024-05-21 10:00:00,211254.0
2024-05-21 11:00:00,218519.0
2024-05-21 12:00:00,221669.0
2024-05-21 13:00:00,224116.0
2024-05-21 14:00:00,227920.0
2024-05-21 15:00:00,232153.0
2024-05-21 16:00:00,227085.0
2024-05-21 17:00:00,217903.0
2024-05-21 18:00:00,206242.0
2024-05-21 19:00:00,209385.0
2024-05-21 20:00:00,215131.0
2024-05-21 21:00:00,217174.0
2024-05-21 22:00:00,219178.0
2024-05-21 23:00:00,220371.0
2024-05-22 00:00:00,216826.0
2024-05-22 01:00:00,213657.0
2024-05-22 02:00:00,208976.0
2024-05-22 03:00:00,203919.0
2024-05-22 04:00:00,200532.0
2024-05-22 05:00:00,199733.0
2024-05-22 06:00:00,197506.0
2024-05-22 07:00:00,197994.0
2024-05-22 08:00:00,199613.0
2024-05-22 09:00:00,206202.0
2024-05-22 10:00:00,215510.0
2024-05-22 11:00:00,223082.0
2024-05-22 12:00:00,226145.0
2024-05-22 13:00:00,226500.0
2024-05-22 14:00:00,229555.0
2024-05-22 15:00:00,233146.0
2024-05-22 16:00:00,226553.0
2024-05-22 17:00:00,216958.0
2024-05-22 18:00:00,205524.0
2024-05-22 19:00:00,209247.0
2024-05-22 20:00:00,216665.0
2024-05-22 21:00:00,217293.0
2024-05-22 22:00:00,219396.0
2024-05-22 23:00:00,220787.0
2024-05-23 00:00:00,219404.0
2024-05-23 01:00:00,214680.0
2024-05-23 02:00:00,209657.0
2024-05-23 03:00:00,203772.0
2024-05-23 04:00:00,199537.0
2024-05-23 05:00:00,198680.0
2024-05-23 06:00:00,198048.0
2024-05-23 07:00:00,197431.0
2024-05-23 08:00:00,199398.0
2024-05-23 09:00:00,206736.0
2024-05-23 10:00:00,215012.0
2024-05-23 11:00:00,220832.0
2024-05-23 12:00:00,223510.0
2024-05-23 13:00:00,226037.0
2024-05-23 14:00:00,229697.0
2024-05-23 15:00:00,235044.0
2024-05-23 16:00:00,229109.0
2024-05-23 17:00:00,220464.0
2024-05-23 18:00:00,208249.0
2024-05-23 19:00:00,212022.0
2024-05-23 20:00:00,217524.0
2024-05-23 21:00:00,217466.0
2024-05-23 22:00:00,219940.0
2024-05-23 23:00:00,221393.0
2024-05-24 00:00:00,219625.0
2024-05-24 01:00:00,216600.0
2024-05-24 02:00:00,212887.0
2024-05-24 03:00:00,207829.0
2024-05-24 04:00:00,204318.0
2024-05-24 05:00:00,204100.0
2024-05-24 06:00:00,202539.0
2024-05-24 07:00:00,201669.0
2024-05-24 08:00:00,202896.0
2024-05-24 09:00:00,212668.0
2024-05-24 10:00:00,222034.0
2024-05-24 11:00:00,228420.0
2024-05-24 12:00:00,231771.0
2024-05-24 13:00:00,231467.0
2024-05-24 14:00:00,234564.0
2024-05-24 15:00:00,238566.0
2024-05-24 16:00:00,232901.0
2024-05-24 17:00:00,222293.0
2024-05-24 18:00:00,212617.0
2024-05-24 19:00:00,214605.0
2024-05-24 20:00:00,219231.0
2024-05-24 21:00:00,218306.0
2024-05-24 22:00:00,218303.0
2024-05-24 23:00:00,221203.0
2024-05-25 00:00:00,222011.0
2024-05-25 01:00:00,217709.0
2024-05-25 02:00:00,212937.0
2024-05-25 03:00:00,208194.0
2024-05-25 04:00:00,204723.0
2024-05-25 05:00:00,203445.0
2024-05-25 06:00:00,202186.0
2024-05-25 07:00:00,200950.0
2024-05-25 08:00:00,201827.0
2024-05-25 09:00:00,208322.0
2024-05-25 10:00:00,215957.0
2024-05-25 11:00:00,220982.0
2024-05-25 12:00:00,223438.0
2024-05-25 13:00:00,223427.0
2024-05-25 14:00:00,226757.0
2024-05-25 15:00:00,232368.0
2024-05-25 16:00:00,228709.0
2024-05-25 17:00:00,218449.0
2024-05-25 18:00:00,207372.0
2024-05-25 19:00:00,210559.0
2024-05-25 20:00:00,217741.0
2024-05-25 21:00:00,220450.0
2024-05-25 22:00:00,222140.0
2024-05-25 23:00:00,223820.0
2024-05-26 00:00:00,220815.0
2024-05-26 01:00:00,217848.0
2024-05-26 02:00:00,213005.0
2024-05-26 03:00:00,207910.0
2024-05-26 04:00:00,203490.0
2024-05-26 05:00:00,202705.0
2024-05-26 06:00:00,199738.0
2024-05-26 07:00:00,195323.0
2024-05-26 08:00:00,195226.0
2024-05-26 09:00:00,198500.0
2024-05-26 10:00:00,202951.0
2024-05-26 11:00:00,207381.0
2024-05-26 12:00:00,210020.0
2024-05-26 13:00:00,211607.0
2024-05-26 14:00:00,213344.0
2024-05-26 15:00:00,216148.0
2024-05-26 16:00:00,210017.0
2024-05-26 17:00:00,200205.0
2024-05-26 18:00:00,189122.0
2024-05-26 19:00:00,191989.0
2024-05-26 20:00:00,202573.0
2024-05-26 21:00:00,208635.0
2024-05-26 22:00:00,213088.0
2024-05-26 23:00:00,215278.0
2024-05-27 00:00:00,211889.0
2024-05-27 01:00:00,206252.0
2024-05-27 02:00:00,200965.0
2024-05-27 03:00:00,195794.0
2024-05-27 04:00:00,192772.0
2024-05-27 05:00:00,193255.0
2024-05-27 06:00:00,193063.0
2024-05-27 07:00:00,193674.0
2024-05-27 08:00:00,196058.0
2024-05-27 09:00:00,202647.0
2024-05-27 10:00:00,209155.0
2024-05-27 11:00:00,213808.0
2024-05-27 12:00:00,216059.0
2024-05-27 13:00:00,216755.0
2024-05-27 14:00:00,217440.0
2024-05-27 15:00:00,220845.0
2024-05-27 16:00:00,227168.0
2024-05-27 17:00:00,219266.0
2024-05-27 18:00:00,208999.0
2024-05-27 19:00:00,210365.0
2024-05-27 20:00:00,217055.0
2024-05-27 21:00:00,218178.0
2024-05-27 22:00:00,219470.0
2024-05-27 23:00:00,221787.0
2024-05-28 00:00:00,219757.0
2024-05-28 01:00:00,214305.0
2024-05-28 02:00:00,209077.0
2024-05-28 03:00:00,204305.0
2024-05-28 04:00:00,201021.0
2024-05-28 05:00:00,201514.0
2024-05-28 06:00:00,199118.0
2024-05-28 07:00:00,199548.0
2024-05-28 08:00:00,200710.0
2024-05-28 09:00:00,207200.0
2024-05-28 10:00:00,216129.0
2024-05-28 11:00:00,221319.0
2024-05-28 12:00:00,224887.0
2024-05-28 13:00:00,226196.0
2024-05-28 14:00:00,229654.0
2024-05-28 15:00:00,236434.0
2024-05-28 16:00:00,234747.0
2024-05-28 17:00:00,225031.0
2024-05-28 18:00:00,212809.0
2024-05-28 19:00:00,214448.0
2024-05-28 20:00:00,222853.0
2024-05-28 21:00:00,225133.0
2024-05-28 22:00:00,227542.0
2024-05-28 23:00:00,229400.0
2024-05-29 00:00:00,227055.0
2024-05-29 01:00:00,221711.0
2024-05-29 02:00:00,216873.0
2024-05-29 03:00:00,211786.0
2024-05-29 04:00:00,208587.0
2024-05-29 05:00:00,207874.0
2024-05-29 06:00:00,206183.0
2024-05-29 07:00:00,205039.0
2024-05-29 08:00:00,205727.0
2024-05-29 09:00:00,213506.0
2024-05-29 10:00:00,224333.0
2024-05-29 11:00:00,229396.0
2024-05-29 12:00:00,234650.0
2024-05-29 13:00:00,235337.0
2024-05-29 14:00:00,238676.0
2024-05-29 15:00:00,244664.0
2024-05-29 16:00:00,239728.0
2024-05-29 17:00:00,228291.0
2024-05-29 18:00:00,212822.0
2024-05-29 19:00:00,213258.0
2024-05-29 20:00:00,223438.0
2024-05-29 21:00:00,225635.0
2024-05-29 22:00:00,229375.0
2024-05-29 23:00:00,232834.0
2024-05-30 00:00:00,230298.0
2024-05-30 01:00:00,226125.0
2024-05-30 02:00:00,220761.0
2024-05-30 03:00:00,216357.0
2024-05-30 04:00:00,213306.0
2024-05-30 05:00:00,213143.0
2024-05-30 06:00:00,211234.0
2024-05-30 07:00:00,209854.0
2024-05-30 08:00:00,211530.0
2024-05-30 09:00:00,220143.0
2024-05-30 10:00:00,231220.0
2024-05-30 11:00:00,238210.0
2024-05-30 12:00:00,240924.0
2024-05-30 13:00:00,242270.0
2024-05-30 14:00:00,244616.0
2024-05-30 15:00:00,248734.0
2024-05-30 16:00:00,242148.0
2024-05-30 17:00:00,232548.0
2024-05-30 18:00:00,218754.0
2024-05-30 19:00:00,218072.0
2024-05-30 20:00:00,222797.0
2024-05-30 21:00:00,223828.0
2024-05-30 22:00:00,227605.0
2024-05-30 23:00:00,230310.0
2024-05-31 00:00:00,226250.0
2024-05-31 01:00:00,220261.0
2024-05-31 02:00:00,215436.0
2024-05-31 03:00:00,211160.0
2024-05-31 04:00:00,208053.0
2024-05-31 05:00:00,208048.0
2024-05-31 06:00:00,206789.0
2024-05-31 07:00:00,206661.0
2024-05-31 08:00:00,207914.0
2024-05-31 09:00:00,215600.0
2024-05-31 10:00:00,227469.0
2024-05-31 11:00:00,234450.0
2024-05-31 12:00:00,238725.0
2024-05-31 13:00:00,239949.0
2024-05-31 14:00:00,243305.0
2024-05-31 15:00:00,248141.0
2024-05-31 16:00:00,242696.0
2024-05-31 17:00:00,232803.0
2024-05-31 18:00:00,221335.0
2024-05-31 19:00:00,218284.0
2024-05-31 20:00:00,225348.0
2024-05-31 21:00:00,225582.0
2024-05-31 22:00:00,228280.0
2024-05-31 23:00:00,231045.0
2024-06-01 00:00:00,228888.0
2024-06-01 01:00:00,225333.0
2024-06-01 02:00:00,220149.0
2024-06-01 03:00:00,215230.0
2024-06-01 04:00:00,211582.0
2024-06-01 05:00:00,211172.0
2024-06-01 06:00:00,209616.0
2024-06-01 07:00:00,207540.0
2024-06-01 08:00:00,206895.0
2024-06-01 09:00:00,212719.0
2024-06-01 10:00:00,224084.0
2024-06-01 11:00:00,231628.0
2024-06-01 12:00:00,236196.0
2024-06-01 13:00:00,237780.0
2024-06-01 14:00:00,240608.0
2024-06-01 15:00:00,241152.0
2024-06-01 16:00:00,230350.0
2024-06-01 17:00:00,214663.0
2024-06-01 18:00:00,200649.0
2024-06-01 19:00:00,199984.0
2024-06-01 20:00:00,205859.0
2024-06-01 21:00:00,209587.0
2024-06-01 22:00:00,214698.0
2024-06-01 23:00:00,219560.0
2024-06-02 00:00:00,218141.0
2024-06-02 01:00:00,213269.0
2024-06-02 02:00:00,207693.0
2024-06-02 03:00:00,203420.0
2024-06-02 04:00:00,198803.0
2024-06-02 05:00:00,198059.0
2024-06-02 06:00:00,196409.0
2024-06-02 07:00:00,193419.0
2024-06-02 08:00:00,191724.0
2024-06-02 09:00:00,195730.0
2024-06-02 10:00:00,202867.0
2024-06-02 11:00:00,208108.0
2024-06-02 12:00:00,214017.0
2024-06-02 13:00:00,216446.0
2024-06-02 14:00:00,220686.0
2024-06-02 15:00:00,223695.0
2024-06-02 16:00:00,217494.0
2024-06-02 17:00:00,205068.0
2024-06-02 18:00:00,191151.0
2024-06-02 19:00:00,192957.0
2024-06-02 20:00:00,202253.0
2024-06-02 21:00:00,206536.0
2024-06-02 22:00:00,211114.0
2024-06-02 23:00:00,212435.0
2024-06-03 00:00:00,210561.0
2024-06-03 01:00:00,206372.0
2024-06-03 02:00:00,201494.0
2024-06-03 03:00:00,196659.0
2024-06-03 04:00:00,193450.0
2024-06-03 05:00:00,192999.0
2024-06-03 06:00:00,192699.0
2024-06-03 07:00:00,193701.0
2024-06-03 08:00:00,195743.0
2024-06-03 09:00:00,203976.0
2024-06-03 10:00:00,215341.0
2024-06-03 11:00:00,224788.0
2024-06-03 12:00:00,232510.0
2024-06-03 13:00:00,231489.0
2024-06-03 14:00:00,232645.0
2024-06-03 15:00:00,234264.0
2024-06-03 16:00:00,228073.0
2024-06-03 17:00:00,221885.0
2024-06-03 18:00:00,208794.0
2024-06-03 19:00:00,209798.0
2024-06-03 20:00:00,213002.0
2024-06-03 21:00:00,212701.0
2024-06-03 22:00:00,215007.0
2024-06-03 23:00:00,217284.0
2024-06-04 00:00:00,214664.0
2024-06-04 01:00:00,212584.0
2024-06-04 02:00:00,206082.0
2024-06-04 03:00:00,199722.0
2024-06-04 04:00:00,195934.0
2024-06-04 05:00:00,196596.0
2024-06-04 06:00:00,197509.0
2024-06-04 07:00:00,198110.0
2024-06-04 08:00:00,200910.0
2024-06-04 09:00:00,210904.0
2024-06-04 10:00:00,222159.0
2024-06-04 11:00:00,230811.0
2024-06-04 12:00:00,234577.0
2024-06-04 13:00:00,236113.0
2024-06-04 14:00:00,237390.0
2024-06-04 15:00:00,239112.0
2024-06-04 16:00:00,231184.0
2024-06-04 17:00:00,221057.0
2024-06-04 18:00:00,204865.0
2024-06-04 19:00:00,207042.0
2024-06-04 20:00:00,213894.0
2024-06-04 21:00:00,216031.0
2024-06-04 22:00:00,221483.0
2024-06-04 23:00:00,223847.0
2024-06-05 00:00:00,219780.0
2024-06-05 01:00:00,214440.0
2024-06-05 02:00:00,208481.0
2024-06-05 03:00:00,203539.0
2024-06-05 04:00:00,200355.0
2024-06-05 05:00:00,200146.0
2024-06-05 06:00:00,198912.0
2024-06-05 07:00:00,199646.0
2024-06-05 08:00:00,201430.0
2024-06-05 09:00:00,206448.0
2024-06-05 10:00:00,216852.0
2024-06-05 11:00:00,224798.0
2024-06-05 12:00:00,229251.0
2024-06-05 13:00:00,231703.0
2024-06-05 14:00:00,234097.0
2024-06-05 15:00:00,236680.0
2024-06-05 16:00:00,230270.0
2024-06-05 17:00:00,221066.0
2024-06-05 18:00:00,206177.0
2024-06-05 19:00:00,205699.0
2024-06-05 20:00:00,209742.0
2024-06-05 21:00:00,208157.0
2024-06-05 22:00:00,204915.0
2024-06-05 23:00:00,206923.0
2024-06-06 00:00:00,203837.0
2024-06-06 01:00:00,197623.0
2024-06-06 02:00:00,193446.0
2024-06-06 03:00:00,187506.0
2024-06-06 04:00:00,182769.0
2024-06-06 05:00:00,181830.0
2024-06-06 06:00:00,181709.0
2024-06-06 07:00:00,182071.0
2024-06-06 08:00:00,184507.0
2024-06-06 09:00:00,190188.0
2024-06-06 10:00:00,200828.0
2024-06-06 11:00:00,208001.0
2024-06-06 12:00:00,213787.0
2024-06-06 13:00:00,217943.0
2024-06-06 14:00:00,223228.0
2024-06-06 15:00:00,229177.0
2024-06-06 16:00:00,225614.0
2024-06-06 17:00:00,216738.0
2024-06-06 18:00:00,205414.0
2024-06-06 19:00:00,204552.0
2024-06-06 20:00:00,209280.0
2024-06-06 21:00:00,209474.0
2024-06-06 22:00:00,212244.0
2024-06-06 23:00:00,209446.0
2024-06-07 00:00:00,205354.0
2024-06-07 01:00:00,203188.0
2024-06-07 02:00:00,199305.0
2024-06-07 03:00:00,194504.0
2024-06-07 04:00:00,189766.0
2024-06-07 05:00:00,189134.0
2024-06-07 06:00:00,188990.0
2024-06-07 07:00:00,190449.0
2024-06-07 08:00:00,192089.0
2024-06-07 09:00:00,199986.0
2024-06-07 10:00:00,209168.0
2024-06-07 11:00:00,216231.0
2024-06-07 12:00:00,220095.0
2024-06-07 13:00:00,222545.0
2024-06-07 14:00:00,225251.0
2024-06-07 15:00:00,229749.0
2024-06-07 16:00:00,224518.0
2024-06-07 17:00:00,215961.0
2024-06-07 18:00:00,203921.0
2024-06-07 19:00:00,206038.0
2024-06-07 20:00:00,210902.0
2024-06-07 21:00:00,213504.0
2024-06-07 22:00:00,216095.0
2024-06-07 23:00:00,218011.0
2024-06-08 00:00:00,214690.0
2024-06-08 01:00:00,209440.0
2024-06-08 02:00:00,203234.0
2024-06-08 03:00:00,196804.0
2024-06-08 04:00:00,192043.0
2024-06-08 05:00:00,190480.0
2024-06-08 06:00:00,188386.0
2024-06-08 07:00:00,190033.0
2024-06-08 08:00:00,191085.0
2024-06-08 09:00:00,196076.0
2024-06-08 10:00:00,203768.0
2024-06-08 11:00:00,208589.0
2024-06-08 12:00:00,211843.0
2024-06-08 13:00:00,213720.0
2024-06-08 14:00:00,217528.0
2024-06-08 15:00:00,223799.0
2024-06-08 16:00:00,221537.0
2024-06-08 17:00:00,213134.0
2024-06-08 18:00:00,203360.0
2024-06-08 19:00:00,206277.0
2024-06-08 20:00:00,211945.0
2024-06-08 21:00:00,213932.0
2024-06-08 22:00:00,215893.0
2024-06-08 23:00:00,218363.0
2024-06-09 00:00:00,216171.0
2024-06-09 01:00:00,209962.0
2024-06-09 02:00:00,204470.0
2024-06-09 03:00:00,198796.0
2024-06-09 04:00:00,194583.0
2024-06-09 05:00:00,192834.0
2024-06-09 06:00:00,193009.0
2024-06-09 07:00:00,191106.0
2024-06-09 08:00:00,189648.0
2024-06-09 09:00:00,191180.0
2024-06-09 10:00:00,195684.0
2024-06-09 11:00:00,199822.0
2024-06-09 12:00:00,203665.0
2024-06-09 13:00:00,205660.0
2024-06-09 14:00:00,208461.0
2024-06-09 15:00:00,211460.0
2024-06-09 16:00:00,207383.0
2024-06-09 17:00:00,196546.0
2024-06-09 18:00:00,185774.0
2024-06-09 19:00:00,191545.0
2024-06-09 20:00:00,201199.0
2024-06-09 21:00:00,204231.0
2024-06-09 22:00:00,208446.0
2024-06-09 23:00:00,210741.0
2024-06-10 00:00:00,206198.0
2024-06-10 01:00:00,201104.0
2024-06-10 02:00:00,195704.0
2024-06-10 03:00:00,190381.0
2024-06-10 04:00:00,187047.0
2024-06-10 05:00:00,187752.0
2024-06-10 06:00:00,189490.0
2024-06-10 07:00:00,193635.0
2024-06-10 08:00:00,196121.0
2024-06-10 09:00:00,203021.0
2024-06-10 10:00:00,210807.0
2024-06-10 11:00:00,216684.0
2024-06-10 12:00:00,220956.0
2024-06-10 13:00:00,221399.0
2024-06-10 14:00:00,222628.0
2024-06-10 15:00:00,227161.0
2024-06-10 16:00:00,223766.0
2024-06-10 17:00:00,216047.0
2024-06-10 18:00:00,204426.0
2024-06-10 19:00:00,207995.0
2024-06-10 20:00:00,214937.0
2024-06-10 21:00:00,216487.0
2024-06-10 22:00:00,218552.0
2024-06-10 23:00:00,220265.0
2024-06-11 00:00:00,215939.0
2024-06-11 01:00:00,210690.0
2024-06-11 02:00:00,205677.0
2024-06-11 03:00:00,200867.0
2024-06-11 04:00:00,196714.0
2024-06-11 05:00:00,196953.0
2024-06-11 06:00:00,197122.0
2024-06-11 07:00:00,199751.0
2024-06-11 08:00:00,200864.0
2024-06-11 09:00:00,205989.0
2024-06-11 10:00:00,216304.0
2024-06-11 11:00:00,221424.0
2024-06-11 12:00:00,224446.0
2024-06-11 13:00:00,224457.0
2024-06-11 14:00:00,226197.0
2024-06-11 15:00:00,229324.0
2024-06-11 16:00:00,226033.0
2024-06-11 17:00:00,217625.0
2024-06-11 18:00:00,207860.0
2024-06-11 19:00:00,209916.0
2024-06-11 20:00:00,216673.0
2024-06-11 21:00:00,217765.0
2024-06-11 22:00:00,220446.0
2024-06-11 23:00:00,222131.0
2024-06-12 00:00:00,218628.0
2024-06-12 01:00:00,213235.0
2024-06-12 02:00:00,207996.0
2024-06-12 03:00:00,202595.0
2024-06-12 04:00:00,199205.0
2024-06-12 05:00:00,199926.0
2024-06-12 06:00:00,199361.0
2024-06-12 07:00:00,201503.0
2024-06-12 08:00:00,202269.0
2024-06-12 09:00:00,207690.0
2024-06-12 10:00:00,217227.0
2024-06-12 11:00:00,222238.0
2024-06-12 12:00:00,225485.0
2024-06-12 13:00:00,226033.0
2024-06-12 14:00:00,227191.0
2024-06-12 15:00:00,232118.0
2024-06-12 16:00:00,228393.0
2024-06-12 17:00:00,220311.0
2024-06-12 18:00:00,207582.0
2024-06-12 19:00:00,209367.0
2024-06-12 20:00:00,215406.0
2024-06-12 21:00:00,218271.0
2024-06-12 22:00:00,220452.0
2024-06-12 23:00:00,221712.0
2024-06-13 00:00:00,218834.0
2024-06-13 01:00:00,213244.0
2024-06-13 02:00:00,206866.0
2024-06-13 03:00:00,203319.0
2024-06-13 04:00:00,199115.0
2024-06-13 05:00:00,200101.0
2024-06-13 06:00:00,200316.0
2024-06-13 07:00:00,203523.0
2024-06-13 08:00:00,202247.0
2024-06-13 09:00:00,206872.0
2024-06-13 10:00:00,216571.0
2024-06-13 11:00:00,222114.0
2024-06-13 12:00:00,225906.0
2024-06-13 13:00:00,228166.0
2024-06-13 14:00:00,230297.0
2024-06-13 15:00:00,233178.0
2024-06-13 16:00:00,228440.0
2024-06-13 17:00:00,217735.0
2024-06-13 18:00:00,208217.0
2024-06-13 19:00:00,208963.0
2024-06-13 20:00:00,215156.0
2024-06-13 21:00:00,218195.0
2024-06-13 22:00:00,221390.0
2024-06-13 23:00:00,224164.0
2024-06-14 00:00:00,220693.0
2024-06-14 01:00:00,214626.0
2024-06-14 02:00:00,209172.0
2024-06-14 03:00:00,204172.0
2024-06-14 04:00:00,200911.0
2024-06-14 05:00:00,203097.0
2024-06-14 06:00:00,203882.0
2024-06-14 07:00:00,206228.0
2024-06-14 08:00:00,206134.0
2024-06-14 09:00:00,210371.0
2024-06-14 10:00:00,218780.0
2024-06-14 11:00:00,224724.0
2024-06-14 12:00:00,227417.0
2024-06-14 13:00:00,228556.0
2024-06-14 14:00:00,229381.0
2024-06-14 15:00:00,231632.0
2024-06-14 16:00:00,227001.0
2024-06-14 17:00:00,217804.0
2024-06-14 18:00:00,208215.0
2024-06-14 19:00:00,208048.0
2024-06-14 20:00:00,215352.0
2024-06-14 21:00:00,218542.0
2024-06-14 22:00:00,220734.0
2024-06-14 23:00:00,221596.0
2024-06-15 00:00:00,220450.0
2024-06-15 01:00:00,216672.0
2024-06-15 02:00:00,211382.0
2024-06-15 03:00:00,207284.0
2024-06-15 04:00:00,204771.0
2024-06-15 05:00:00,205541.0
2024-06-15 06:00:00,204348.0
2024-06-15 07:00:00,206407.0
2024-06-15 08:00:00,206847.0
2024-06-15 09:00:00,210733.0
2024-06-15 10:00:00,217934.0
2024-06-15 11:00:00,223195.0
2024-06-15 12:00:00,227664.0
2024-06-15 13:00:00,229049.0
2024-06-15 14:00:00,231518.0
2024-06-15 15:00:00,237393.0
2024-06-15 16:00:00,233945.0
2024-06-15 17:00:00,224452.0
2024-06-15 18:00:00,211999.0
2024-06-15 19:00:00,213738.0
2024-06-15 20:00:00,218891.0
2024-06-15 21:00:00,218774.0
2024-06-15 22:00:00,220067.0
2024-06-15 23:00:00,220828.0
2024-06-16 00:00:00,220017.0
2024-06-16 01:00:00,217159.0
2024-06-16 02:00:00,213560.0
2024-06-16 03:00:00,209395.0
2024-06-16 04:00:00,207209.0
2024-06-16 05:00:00,206630.0
2024-06-16 06:00:00,205431.0
2024-06-16 07:00:00,205042.0
2024-06-16 08:00:00,204303.0
2024-06-16 09:00:00,206374.0
2024-06-16 10:00:00,211760.0
2024-06-16 11:00:00,215761.0
2024-06-16 12:00:00,218835.0
2024-06-16 13:00:00,221581.0
2024-06-16 14:00:00,225112.0
2024-06-16 15:00:00,229338.0
2024-06-16 16:00:00,225016.0
2024-06-16 17:00:00,213836.0
2024-06-16 18:00:00,200886.0
2024-06-16 19:00:00,201705.0
2024-06-16 20:00:00,211184.0
2024-06-16 21:00:00,213508.0
2024-06-16 22:00:00,217387.0
2024-06-16 23:00:00,218454.0
2024-06-17 00:00:00,217257.0
2024-06-17 01:00:00,214318.0
2024-06-17 02:00:00,210173.0
2024-06-17 03:00:00,207243.0
2024-06-17 04:00:00,204927.0
2024-06-17 05:00:00,204673.0
2024-06-17 06:00:00,203759.0
2024-06-17 07:00:00,206868.0
2024-06-17 08:00:00,209048.0
2024-06-17 09:00:00,215455.0
2024-06-17 10:00:00,224392.0
2024-06-17 11:00:00,231599.0
2024-06-17 12:00:00,235121.0
2024-06-17 13:00:00,236411.0
2024-06-17 14:00:00,225941.0
2024-06-17 15:00:00,238092.0
2024-06-17 16:00:00,234611.0
2024-06-17 17:00:00,223140.0
2024-06-17 18:00:00,215320.0
2024-06-17 19:00:00,214826.0
2024-06-17 20:00:00,220258.0
2024-06-17 21:00:00,222692.0
2024-06-17 22:00:00,224987.0
2024-06-17 23:00:00,225625.0
2024-06-18 00:00:00,223100.0
2024-06-18 01:00:00,218954.0
2024-06-18 02:00:00,214938.0
2024-06-18 03:00:00,211420.0
2024-06-18 04:00:00,208066.0
2024-06-18 05:00:00,207899.0
2024-06-18 06:00:00,208373.0
2024-06-18 07:00:00,212396.0
2024-06-18 08:00:00,214335.0
2024-06-18 09:00:00,218380.0
2024-06-18 10:00:00,225888.0
2024-06-18 11:00:00,227466.0
2024-06-18 12:00:00,229766.0
2024-06-18 13:00:00,231147.0
2024-06-18 14:00:00,233251.0
2024-06-18 15:00:00,237873.0
2024-06-18 16:00:00,234666.0
2024-06-18 17:00:00,225891.0
2024-06-18 18:00:00,215032.0
2024-06-18 19:00:00,214018.0
2024-06-18 20:00:00,217893.0
2024-06-18 21:00:00,218355.0
2024-06-18 22:00:00,219794.0
2024-06-18 23:00:00,222140.0
2024-06-19 00:00:00,217622.0
2024-06-19 01:00:00,214027.0
2024-06-19 02:00:00,209813.0
2024-06-19 03:00:00,207298.0
2024-06-19 04:00:00,205164.0
2024-06-19 05:00:00,204037.0
2024-06-19 06:00:00,207554.0
2024-06-19 07:00:00,210160.0
2024-06-19 08:00:00,211180.0
2024-06-19 09:00:00,215074.0
2024-06-19 10:00:00,222246.0
2024-06-19 11:00:00,226455.0
2024-06-19 12:00:00,229351.0
2024-06-19 13:00:00,229919.0
2024-06-19 14:00:00,233425.0
2024-06-19 15:00:00,237268.0
2024-06-19 16:00:00,233715.0
2024-06-19 17:00:00,224438.0
2024-06-19 18:00:00,212937.0
2024-06-19 19:00:00,212111.0
2024-06-19 20:00:00,215787.0
2024-06-19 21:00:00,212339.0
2024-06-19 22:00:00,215508.0
2024-06-19 23:00:00,211716.0
2024-06-20 00:00:00,208425.0
2024-06-20 01:00:00,203882.0
2024-06-20 02:00:00,199222.0
2024-06-20 03:00:00,194456.0
2024-06-20 04:00:00,189578.0
2024-06-20 05:00:00,188425.0
2024-06-20 06:00:00,189758.0
2024-06-20 07:00:00,193595.0
2024-06-20 08:00:00,196139.0
2024-06-20 09:00:00,201910.0
2024-06-20 10:00:00,212673.0
2024-06-20 11:00:00,218343.0
2024-06-20 12:00:00,223022.0
2024-06-20 13:00:00,223692.0
2024-06-20 14:00:00,223776.0
2024-06-20 15:00:00,228309.0
2024-06-20 16:00:00,224558.0
2024-06-20 17:00:00,215597.0
2024-06-20 18:00:00,205153.0
2024-06-20 19:00:00,207931.0
2024-06-20 20:00:00,215113.0
2024-06-20 21:00:00,214246.0
2024-06-20 22:00:00,214825.0
2024-06-20 23:00:00,215967.0
2024-06-21 00:00:00,213788.0
2024-06-21 01:00:00,207989.0
2024-06-21 02:00:00,202010.0
2024-06-21 03:00:00,197373.0
2024-06-21 04:00:00,194134.0
2024-06-21 05:00:00,195098.0
2024-06-21 06:00:00,197928.0
2024-06-21 07:00:00,201776.0
2024-06-21 08:00:00,202964.0
2024-06-21 09:00:00,209352.0
2024-06-21 10:00:00,218414.0
2024-06-21 11:00:00,222085.0
2024-06-21 12:00:00,223923.0
2024-06-21 13:00:00,223776.0
2024-06-21 14:00:00,223420.0
2024-06-21 15:00:00,226227.0
2024-06-21 16:00:00,221530.0
2024-06-21 17:00:00,214584.0
2024-06-21 18:00:00,204139.0
2024-06-21 19:00:00,207961.0
2024-06-21 20:00:00,212569.0
2024-06-21 21:00:00,214113.0
2024-06-21 22:00:00,214822.0
2024-06-21 23:00:00,215326.0
2024-06-22 00:00:00,211676.0
2024-06-22 01:00:00,207299.0
2024-06-22 02:00:00,202105.0
2024-06-22 03:00:00,197763.0
2024-06-22 04:00:00,194941.0
2024-06-22 05:00:00,196044.0
2024-06-22 06:00:00,197592.0
2024-06-22 07:00:00,199427.0
2024-06-22 08:00:00,200698.0
2024-06-22 09:00:00,206813.0
2024-06-22 10:00:00,215600.0
2024-06-22 11:00:00,219377.0
2024-06-22 12:00:00,220551.0
2024-06-22 13:00:00,221786.0
2024-06-22 14:00:00,220952.0
2024-06-22 15:00:00,225024.0
2024-06-22 16:00:00,220121.0
2024-06-22 17:00:00,212352.0
2024-06-22 18:00:00,203788.0
2024-06-22 19:00:00,206584.0
2024-06-22 20:00:00,214204.0
2024-06-22 21:00:00,215663.0
2024-06-22 22:00:00,216150.0
2024-06-22 23:00:00,217723.0
2024-06-23 00:00:00,213488.0
2024-06-23 01:00:00,209544.0
2024-06-23 02:00:00,203686.0
2024-06-23 03:00:00,199165.0
2024-06-23 04:00:00,195923.0
2024-06-23 05:00:00,196305.0
2024-06-23 06:00:00,196516.0
2024-06-23 07:00:00,196836.0
2024-06-23 08:00:00,196877.0
2024-06-23 09:00:00,200295.0
2024-06-23 10:00:00,206049.0
2024-06-23 11:00:00,209390.0
2024-06-23 12:00:00,212466.0
2024-06-23 13:00:00,213318.0
2024-06-23 14:00:00,213523.0
2024-06-23 15:00:00,215065.0
2024-06-23 16:00:00,207508.0
2024-06-23 17:00:00,198183.0
2024-06-23 18:00:00,191516.0
2024-06-23 19:00:00,196017.0
2024-06-23 20:00:00,205291.0
2024-06-23 21:00:00,207705.0
2024-06-23 22:00:00,209784.0
2024-06-23 23:00:00,210882.0
2024-06-24 00:00:00,207234.0
2024-06-24 01:00:00,202635.0
2024-06-24 02:00:00,198883.0
2024-06-24 03:00:00,196443.0
2024-06-24 04:00:00,193837.0
2024-06-24 05:00:00,196063.0
2024-06-24 06:00:00,199260.0
2024-06-24 07:00:00,202740.0
2024-06-24 08:00:00,204135.0
2024-06-24 09:00:00,209591.0
2024-06-24 10:00:00,218543.0
2024-06-24 11:00:00,221856.0
2024-06-24 12:00:00,222733.0
2024-06-24 13:00:00,221849.0
2024-06-24 14:00:00,222379.0
2024-06-24 15:00:00,224037.0
2024-06-24 16:00:00,220544.0
2024-06-24 17:00:00,212119.0
2024-06-24 18:00:00,205566.0
2024-06-24 19:00:00,209616.0
2024-06-24 20:00:00,218131.0
2024-06-24 21:00:00,219304.0
2024-06-24 22:00:00,220830.0
2024-06-24 23:00:00,220630.0
2024-06-25 00:00:00,216357.0
2024-06-25 01:00:00,211110.0
2024-06-25 02:00:00,206715.0
2024-06-25 03:00:00,203254.0
2024-06-25 04:00:00,200339.0
2024-06-25 05:00:00,201138.0
2024-06-25 06:00:00,203238.0
2024-06-25 07:00:00,206074.0
2024-06-25 08:00:00,205804.0
2024-06-25 09:00:00,210851.0
2024-06-25 10:00:00,219058.0
2024-06-25 11:00:00,223706.0
2024-06-25 12:00:00,225833.0
2024-06-25 13:00:00,226213.0
2024-06-25 14:00:00,226393.0
2024-06-25 15:00:00,229397.0
2024-06-25 16:00:00,225996.0
2024-06-25 17:00:00,218102.0
2024-06-25 18:00:00,209818.0
2024-06-25 19:00:00,213190.0
2024-06-25 20:00:00,219912.0
2024-06-25 21:00:00,221737.0
2024-06-25 22:00:00,222825.0
2024-06-25 23:00:00,221499.0
2024-06-26 00:00:00,218574.0
2024-06-26 01:00:00,212621.0
2024-06-26 02:00:00,209132.0
2024-06-26 03:00:00,204839.0
2024-06-26 04:00:00,202603.0
2024-06-26 05:00:00,202827.0
2024-06-26 06:00:00,204555.0
2024-06-26 07:00:00,205708.0
2024-06-26 08:00:00,204173.0
2024-06-26 09:00:00,208651.0
2024-06-26 10:00:00,215934.0
2024-06-26 11:00:00,219654.0
2024-06-26 12:00:00,220092.0
2024-06-26 13:00:00,219394.0
2024-06-26 14:00:00,219209.0
2024-06-26 15:00:00,222839.0
2024-06-26 16:00:00,218392.0
2024-06-26 17:00:00,211323.0
2024-06-26 18:00:00,203532.0
2024-06-26 19:00:00,208303.0
2024-06-26 20:00:00,213722.0
2024-06-26 21:00:00,215131.0
2024-06-26 22:00:00,217200.0
2024-06-26 23:00:00,217726.0
2024-06-27 00:00:00,213379.0
2024-06-27 01:00:00,209360.0
2024-06-27 02:00:00,203601.0
2024-06-27 03:00:00,198429.0
2024-06-27 04:00:00,194436.0
2024-06-27 05:00:00,192971.0
2024-06-27 06:00:00,193195.0
2024-06-27 07:00:00,194775.0
2024-06-27 08:00:00,193523.0
2024-06-27 09:00:00,196026.0
2024-06-27 10:00:00,202877.0
2024-06-27 11:00:00,207743.0
2024-06-27 12:00:00,209786.0
2024-06-27 13:00:00,209181.0
2024-06-27 14:00:00,209461.0
2024-06-27 15:00:00,214502.0
2024-06-27 16:00:00,212127.0
2024-06-27 17:00:00,205894.0
2024-06-27 18:00:00,200521.0
2024-06-27 19:00:00,204505.0
2024-06-27 20:00:00,210472.0
2024-06-27 21:00:00,213281.0
2024-06-27 22:00:00,213904.0
2024-06-27 23:00:00,212778.0
2024-06-28 00:00:00,209004.0
2024-06-28 01:00:00,205215.0
2024-06-28 02:00:00,198952.0
2024-06-28 03:00:00,192303.0
2024-06-28 04:00:00,187068.0
2024-06-28 05:00:00,186495.0
2024-06-28 06:00:00,187748.0
2024-06-28 07:00:00,191818.0
2024-06-28 08:00:00,192386.0
2024-06-28 09:00:00,197552.0
2024-06-28 10:00:00,206450.0
2024-06-28 11:00:00,210067.0
2024-06-28 12:00:00,212887.0
2024-06-28 13:00:00,210126.0
2024-06-28 14:00:00,211055.0
2024-06-28 15:00:00,214087.0
2024-06-28 16:00:00,212163.0
2024-06-28 17:00:00,206252.0
2024-06-28 18:00:00,199526.0
2024-06-28 19:00:00,203655.0
2024-06-28 20:00:00,210776.0
2024-06-28 21:00:00,212678.0
2024-06-28 22:00:00,212991.0
2024-06-28 23:00:00,213371.0
2024-06-29 00:00:00,207651.0
2024-06-29 01:00:00,203389.0
2024-06-29 02:00:00,197843.0
2024-06-29 03:00:00,192828.0
2024-06-29 04:00:00,190167.0
2024-06-29 05:00:00,190500.0
2024-06-29 06:00:00,193304.0
2024-06-29 07:00:00,196370.0
2024-06-29 08:00:00,196361.0
2024-06-29 09:00:00,200916.0
2024-06-29 10:00:00,207223.0
2024-06-29 11:00:00,208612.0
2024-06-29 12:00:00,209498.0
2024-06-29 13:00:00,208339.0
2024-06-29 14:00:00,205752.0
2024-06-29 15:00:00,209511.0
2024-06-29 16:00:00,207544.0
2024-06-29 17:00:00,201723.0
2024-06-29 18:00:00,195915.0
2024-06-29 19:00:00,200868.0
2024-06-29 20:00:00,207862.0
2024-06-29 21:00:00,209100.0
2024-06-29 22:00:00,209974.0
2024-06-29 23:00:00,210064.0
2024-06-30 00:00:00,205159.0
2024-06-30 01:00:00,199535.0
2024-06-30 02:00:00,193610.0
2024-06-30 03:00:00,188515.0
2024-06-30 04:00:00,184792.0
2024-06-30 05:00:00,184003.0
2024-06-30 06:00:00,184159.0
2024-06-30 07:00:00,185029.0
2024-06-30 08:00:00,182783.0
2024-06-30 09:00:00,186088.0
2024-06-30 10:00:00,190926.0
2024-06-30 11:00:00,193971.0
2024-06-30 12:00:00,194694.0
2024-06-30 13:00:00,194861.0
2024-06-30 14:00:00,195030.0
2024-06-30 15:00:00,195262.0
2024-06-30 16:00:00,191569.0
2024-06-30 17:00:00,184523.0
2024-06-30 18:00:00,179874.0
2024-06-30 19:00:00,185628.0
2024-06-30 20:00:00,194603.0
2024-06-30 21:00:00,195984.0
2024-06-30 22:00:00,198403.0
2024-06-30 23:00:00,197889.0
2024-07-01 00:00:00,193332.0
2024-07-01 01:00:00,188385.0
2024-07-01 02:00:00,183896.0
2024-07-01 03:00:00,179694.0
2024-07-01 04:00:00,175742.0
2024-07-01 05:00:00,176210.0
2024-07-01 06:00:00,180455.0
2024-07-01 07:00:00,185640.0
2024-07-01 08:00:00,186843.0
2024-07-01 09:00:00,192098.0
2024-07-01 10:00:00,199597.0
2024-07-01 11:00:00,201077.0
2024-07-01 12:00:00,202010.0
2024-07-01 13:00:00,199330.0
2024-07-01 14:00:00,198753.0
2024-07-01 15:00:00,201050.0
2024-07-01 16:00:00,200044.0
2024-07-01 17:00:00,195988.0
2024-07-01 18:00:00,191558.0
2024-07-01 19:00:00,198594.0
2024-07-01 20:00:00,204069.0
2024-07-01 21:00:00,205386.0
2024-07-01 22:00:00,205278.0
2024-07-01 23:00:00,203935.0
2024-07-02 00:00:00,198758.0
2024-07-02 01:00:00,192486.0
2024-07-02 02:00:00,186314.0
2024-07-02 03:00:00,181720.0
2024-07-02 04:00:00,177787.0
2024-07-02 05:00:00,177216.0
2024-07-02 06:00:00,180506.0
2024-07-02 07:00:00,186391.0
2024-07-02 08:00:00,187243.0
2024-07-02 09:00:00,190787.0
2024-07-02 10:00:00,194879.0
2024-07-02 11:00:00,197828.0
2024-07-02 12:00:00,198481.0
2024-07-02 13:00:00,196966.0
2024-07-02 14:00:00,198587.0
2024-07-02 15:00:00,200310.0
2024-07-02 16:00:00,199528.0
2024-07-02 17:00:00,196641.0
2024-07-02 18:00:00,194071.0
2024-07-02 19:00:00,201028.0
2024-07-02 20:00:00,207005.0
2024-07-02 21:00:00,208421.0
2024-07-02 22:00:00,207510.0
2024-07-02 23:00:00,206147.0
2024-07-03 00:00:00,198582.0
2024-07-03 01:00:00,193025.0
2024-07-03 02:00:00,186649.0
2024-07-03 03:00:00,181896.0
2024-07-03 04:00:00,179248.0
2024-07-03 05:00:00,179202.0
2024-07-03 06:00:00,183499.0
2024-07-03 07:00:00,189101.0
2024-07-03 08:00:00,190157.0
2024-07-03 09:00:00,194424.0
2024-07-03 10:00:00,200373.0
2024-07-03 11:00:00,201603.0
2024-07-03 12:00:00,202134.0
2024-07-03 13:00:00,201034.0
2024-07-03 14:00:00,200310.0
2024-07-03 15:00:00,201795.0
2024-07-03 16:00:00,199376.0
2024-07-03 17:00:00,195405.0
2024-07-03 18:00:00,191742.0
2024-07-03 19:00:00,198196.0
2024-07-03 20:00:00,204420.0
2024-07-03 21:00:00,203535.0
2024-07-03 22:00:00,202533.0
2024-07-03 23:00:00,202636.0
2024-07-04 00:00:00,197466.0
2024-07-04 01:00:00,190936.0
2024-07-04 02:00:00,184931.0
2024-07-04 03:00:00,179505.0
2024-07-04 04:00:00,176823.0
2024-07-04 05:00:00,175575.0
2024-07-04 06:00:00,178387.0
2024-07-04 07:00:00,184062.0
2024-07-04 08:00:00,183252.0
2024-07-04 09:00:00,188039.0
2024-07-04 10:00:00,195427.0
2024-07-04 11:00:00,199190.0
2024-07-04 12:00:00,200471.0
2024-07-04 13:00:00,198127.0
2024-07-04 14:00:00,198141.0
2024-07-04 15:00:00,201749.0
2024-07-04 16:00:00,200673.0
2024-07-04 17:00:00,196476.0
2024-07-04 18:00:00,192205.0
2024-07-04 19:00:00,197764.0
2024-07-04 20:00:00,205388.0
2024-07-04 21:00:00,205056.0
2024-07-04 22:00:00,205034.0
2024-07-04 23:00:00,203180.0
2024-07-05 00:00:00,198702.0
2024-07-05 01:00:00,192775.0
2024-07-05 02:00:00,187883.0
2024-07-05 03:00:00,182448.0
2024-07-05 04:00:00,180169.0
2024-07-05 05:00:00,181046.0
2024-07-05 06:00:00,185202.0
2024-07-05 07:00:00,190827.0
2024-07-05 08:00:00,192150.0
2024-07-05 09:00:00,197249.0
2024-07-05 10:00:00,205257.0
2024-07-05 11:00:00,206112.0
2024-07-05 12:00:00,205959.0
2024-07-05 13:00:00,202141.0
2024-07-05 14:00:00,200935.0
2024-07-05 15:00:00,202077.0
2024-07-05 16:00:00,199029.0
2024-07-05 17:00:00,193966.0
2024-07-05 18:00:00,188658.0
2024-07-05 19:00:00,193491.0
2024-07-05 20:00:00,198040.0
2024-07-05 21:00:00,197906.0
2024-07-05 22:00:00,197859.0
2024-07-05 23:00:00,195629.0
2024-07-06 00:00:00,190178.0
2024-07-06 01:00:00,184210.0
2024-07-06 02:00:00,178984.0
2024-07-06 03:00:00,174898.0
2024-07-06 04:00:00,172212.0
2024-07-06 05:00:00,173142.0
2024-07-06 06:00:00,175728.0
2024-07-06 07:00:00,180557.0
2024-07-06 08:00:00,180931.0
2024-07-06 09:00:00,185895.0
2024-07-06 10:00:00,189848.0
2024-07-06 11:00:00,192223.0
2024-07-06 12:00:00,191828.0
2024-07-06 13:00:00,190911.0
2024-07-06 14:00:00,189985.0
2024-07-06 15:00:00,194227.0
2024-07-06 16:00:00,191947.0
2024-07-06 17:00:00,187884.0
2024-07-06 18:00:00,185435.0
2024-07-06 19:00:00,190297.0
2024-07-06 20:00:00,196761.0
2024-07-06 21:00:00,197103.0
2024-07-06 22:00:00,195038.0
2024-07-06 23:00:00,194489.0
2024-07-07 00:00:00,188543.0
2024-07-07 01:00:00,183721.0
2024-07-07 02:00:00,177649.0
2024-07-07 03:00:00,173269.0
2024-07-07 04:00:00,170632.0
2024-07-07 05:00:00,170790.0
2024-07-07 06:00:00,172406.0
2024-07-07 07:00:00,173363.0
2024-07-07 08:00:00,176456.0
2024-07-07 09:00:00,181079.0
2024-07-07 10:00:00,184838.0
2024-07-07 11:00:00,186129.0
2024-07-07 12:00:00,188119.0
2024-07-07 13:00:00,187611.0
2024-07-07 14:00:00,186253.0
2024-07-07 15:00:00,188131.0
2024-07-07 16:00:00,186007.0
2024-07-07 17:00:00,180933.0
2024-07-07 18:00:00,176013.0
2024-07-07 19:00:00,181160.0
2024-07-07 20:00:00,190194.0
2024-07-07 21:00:00,193664.0
2024-07-07 22:00:00,195645.0
2024-07-07 23:00:00,195623.0
2024-07-08 00:00:00,191537.0
2024-07-08 01:00:00,185887.0
2024-07-08 02:00:00,180444.0
2024-07-08 03:00:00,176971.0
2024-07-08 04:00:00,174799.0
2024-07-08 05:00:00,176543.0
2024-07-08 06:00:00,181003.0
2024-07-08 07:00:00,188346.0
2024-07-08 08:00:00,190140.0
2024-07-08 09:00:00,196479.0
2024-07-08 10:00:00,205456.0
2024-07-08 11:00:00,207179.0
2024-07-08 12:00:00,209025.0
2024-07-08 13:00:00,204706.0
2024-07-08 14:00:00,203910.0
2024-07-08 15:00:00,206320.0
2024-07-08 16:00:00,203648.0
2024-07-08 17:00:00,201608.0
2024-07-08 18:00:00,195877.0
2024-07-08 19:00:00,201377.0
2024-07-08 20:00:00,205721.0
2024-07-08 21:00:00,204757.0
2024-07-08 22:00:00,204760.0
2024-07-08 23:00:00,203733.0
2024-07-09 00:00:00,199810.0
2024-07-09 01:00:00,196266.0
2024-07-09 02:00:00,191568.0
2024-07-09 03:00:00,187883.0
2024-07-09 04:00:00,185762.0
2024-07-09 05:00:00,186713.0
2024-07-09 06:00:00,189966.0
2024-07-09 07:00:00,196408.0
2024-07-09 08:00:00,197195.0
2024-07-09 09:00:00,203835.0
2024-07-09 10:00:00,210264.0
2024-07-09 11:00:00,213029.0
2024-07-09 12:00:00,213599.0
2024-07-09 13:00:00,210303.0
2024-07-09 14:00:00,208999.0
2024-07-09 15:00:00,212319.0
2024-07-09 16:00:00,210764.0
2024-07-09 17:00:00,205885.0
2024-07-09 18:00:00,200983.0
2024-07-09 19:00:00,204924.0
2024-07-09 20:00:00,209653.0
2024-07-09 21:00:00,208414.0
2024-07-09 22:00:00,208602.0
2024-07-09 23:00:00,207657.0
2024-07-10 00:00:00,204397.0
2024-07-10 01:00:00,200397.0
2024-07-10 02:00:00,197314.0
2024-07-10 03:00:00,194373.0
2024-07-10 04:00:00,192689.0
2024-07-10 05:00:00,192945.0
2024-07-10 06:00:00,195294.0
2024-07-10 07:00:00,200033.0
2024-07-10 08:00:00,200984.0
2024-07-10 09:00:00,205388.0
2024-07-10 10:00:00,213510.0
2024-07-10 11:00:00,214708.0
2024-07-10 12:00:00,214924.0
2024-07-10 13:00:00,213828.0
2024-07-10 14:00:00,213069.0
2024-07-10 15:00:00,215638.0
2024-07-10 16:00:00,211441.0
2024-07-10 17:00:00,206339.0
2024-07-10 18:00:00,199722.0
2024-07-10 19:00:00,206591.0
2024-07-10 20:00:00,211723.0
2024-07-10 21:00:00,213123.0
2024-07-10 22:00:00,213326.0
2024-07-10 23:00:00,213213.0
2024-07-11 00:00:00,209317.0
2024-07-11 01:00:00,204638.0
2024-07-11 02:00:00,201084.0
2024-07-11 03:00:00,197622.0
2024-07-11 04:00:00,196263.0
2024-07-11 05:00:00,196730.0
2024-07-11 06:00:00,199803.0
2024-07-11 07:00:00,203213.0
2024-07-11 08:00:00,205058.0
2024-07-11 09:00:00,209181.0
2024-07-11 10:00:00,216148.0
2024-07-11 11:00:00,217653.0
2024-07-11 12:00:00,219667.0
2024-07-11 13:00:00,217240.0
2024-07-11 14:00:00,216357.0
2024-07-11 15:00:00,218493.0
2024-07-11 16:00:00,216030.0
2024-07-11 17:00:00,211074.0
2024-07-11 18:00:00,204563.0
2024-07-11 19:00:00,209585.0
2024-07-11 20:00:00,214285.0
2024-07-11 21:00:00,214573.0
2024-07-11 22:00:00,215223.0
2024-07-11 23:00:00,215552.0
2024-07-12 00:00:00,209814.0
2024-07-12 01:00:00,206467.0
2024-07-12 02:00:00,201618.0
2024-07-12 03:00:00,196701.0
2024-07-12 04:00:00,194017.0
2024-07-12 05:00:00,194457.0
2024-07-12 06:00:00,195905.0
2024-07-12 07:00:00,199743.0
2024-07-12 08:00:00,198631.0
2024-07-12 09:00:00,203291.0
2024-07-12 10:00:00,209852.0
2024-07-12 11:00:00,210720.0
2024-07-12 12:00:00,212234.0
2024-07-12 13:00:00,209803.0
2024-07-12 14:00:00,209157.0
2024-07-12 15:00:00,212382.0
2024-07-12 16:00:00,209567.0
2024-07-12 17:00:00,204404.0
2024-07-12 18:00:00,197254.0
2024-07-12 19:00:00,203007.0
2024-07-12 20:00:00,208991.0
2024-07-12 21:00:00,207325.0
2024-07-12 22:00:00,207017.0
2024-07-12 23:00:00,206930.0
2024-07-13 00:00:00,201902.0
2024-07-13 01:00:00,197349.0
2024-07-13 02:00:00,191637.0
2024-07-13 03:00:00,187423.0
2024-07-13 04:00:00,185742.0
2024-07-13 05:00:00,185552.0
2024-07-13 06:00:00,187966.0
2024-07-13 07:00:00,191806.0
2024-07-13 08:00:00,191355.0
2024-07-13 09:00:00,197472.0
2024-07-13 10:00:00,205225.0
2024-07-13 11:00:00,206103.0
2024-07-13 12:00:00,206500.0
2024-07-13 13:00:00,205978.0
2024-07-13 14:00:00,206679.0
2024-07-13 15:00:00,210453.0
2024-07-13 16:00:00,207964.0
2024-07-13 17:00:00,201652.0
2024-07-13 18:00:00,198073.0
2024-07-13 19:00:00,206069.0
2024-07-13 20:00:00,211097.0
2024-07-13 21:00:00,211354.0
2024-07-13 22:00:00,211016.0
2024-07-13 23:00:00,211049.0
2024-07-14 00:00:00,206424.0
2024-07-14 01:00:00,202384.0
2024-07-14 02:00:00,197747.0
2024-07-14 03:00:00,193792.0
2024-07-14 04:00:00,190440.0
2024-07-14 05:00:00,190158.0
2024-07-14 06:00:00,189311.0
2024-07-14 07:00:00,189935.0
2024-07-14 08:00:00,190693.0
2024-07-14 09:00:00,196223.0
2024-07-14 10:00:00,201771.0
2024-07-14 11:00:00,203633.0
2024-07-14 12:00:00,204123.0
2024-07-14 13:00:00,202057.0
2024-07-14 14:00:00,200142.0
2024-07-14 15:00:00,200637.0
2024-07-14 16:00:00,197490.0
2024-07-14 17:00:00,191879.0
2024-07-14 18:00:00,187537.0
2024-07-14 19:00:00,195358.0
2024-07-14 20:00:00,203454.0
2024-07-14 21:00:00,204658.0
2024-07-14 22:00:00,206704.0
2024-07-14 23:00:00,205486.0
2024-07-15 00:00:00,202663.0
2024-07-15 01:00:00,197648.0
2024-07-15 02:00:00,193795.0
2024-07-15 03:00:00,190418.0
2024-07-15 04:00:00,189869.0
2024-07-15 05:00:00,189636.0
2024-07-15 06:00:00,191455.0
2024-07-15 07:00:00,197315.0
2024-07-15 08:00:00,198835.0
2024-07-15 09:00:00,204555.0
2024-07-15 10:00:00,211198.0
2024-07-15 11:00:00,211681.0
2024-07-15 12:00:00,212223.0
2024-07-15 13:00:00,209893.0
2024-07-15 14:00:00,209248.0
2024-07-15 15:00:00,212209.0
2024-07-15 16:00:00,209280.0
2024-07-15 17:00:00,206418.0
2024-07-15 18:00:00,202855.0
2024-07-15 19:00:00,207463.0
2024-07-15 20:00:00,208696.0
2024-07-15 21:00:00,207677.0
2024-07-15 22:00:00,207143.0
2024-07-15 23:00:00,206383.0
2024-07-16 00:00:00,202010.0
2024-07-16 01:00:00,198359.0
2024-07-16 02:00:00,194838.0
2024-07-16 03:00:00,192683.0
2024-07-16 04:00:00,192910.0
2024-07-16 05:00:00,193196.0
2024-07-16 06:00:00,195296.0
2024-07-16 07:00:00,199787.0
2024-07-16 08:00:00,200681.0
2024-07-16 09:00:00,206303.0
2024-07-16 10:00:00,210927.0
2024-07-16 11:00:00,213197.0
2024-07-16 12:00:00,213471.0
2024-07-16 13:00:00,212614.0
2024-07-16 14:00:00,214607.0
2024-07-16 15:00:00,215598.0
2024-07-16 16:00:00,213518.0
2024-07-16 17:00:00,209160.0
2024-07-16 18:00:00,207228.0
2024-07-16 19:00:00,210529.0
2024-07-16 20:00:00,214793.0
2024-07-16 21:00:00,212971.0
2024-07-16 22:00:00,211719.0
2024-07-16 23:00:00,210931.0
2024-07-17 00:00:00,207261.0
2024-07-17 01:00:00,204366.0
2024-07-17 02:00:00,200349.0
2024-07-17 03:00:00,197333.0
2024-07-17 04:00:00,195755.0
2024-07-17 05:00:00,195943.0
2024-07-17 06:00:00,195845.0
2024-07-17 07:00:00,200533.0
2024-07-17 08:00:00,204523.0
2024-07-17 09:00:00,211096.0
2024-07-17 10:00:00,213851.0
2024-07-17 11:00:00,216944.0
2024-07-17 12:00:00,217211.0
2024-07-17 13:00:00,214977.0
2024-07-17 14:00:00,211948.0
2024-07-17 15:00:00,211487.0
2024-07-17 16:00:00,207532.0
2024-07-17 17:00:00,201679.0
2024-07-17 18:00:00,195472.0
2024-07-17 19:00:00,200190.0
2024-07-17 20:00:00,209145.0
2024-07-17 21:00:00,209841.0
2024-07-17 22:00:00,210241.0
2024-07-17 23:00:00,210476.0
2024-07-18 00:00:00,207185.0
2024-07-18 01:00:00,204220.0
2024-07-18 02:00:00,201226.0
2024-07-18 03:00:00,198828.0
2024-07-18 04:00:00,196982.0
2024-07-18 05:00:00,197570.0
2024-07-18 06:00:00,198920.0
2024-07-18 07:00:00,205737.0
2024-07-18 08:00:00,208102.0
2024-07-18 09:00:00,211534.0
2024-07-18 10:00:00,215624.0
2024-07-18 11:00:00,216286.0
2024-07-18 12:00:00,215887.0
2024-07-18 13:00:00,211879.0
2024-07-18 14:00:00,212091.0
2024-07-18 15:00:00,213901.0
2024-07-18 16:00:00,212726.0
2024-07-18 17:00:00,207418.0
2024-07-18 18:00:00,202286.0
2024-07-18 19:00:00,206915.0
2024-07-18 20:00:00,211610.0
2024-07-18 21:00:00,211473.0
2024-07-18 22:00:00,210313.0
2024-07-18 23:00:00,208307.0
2024-07-19 00:00:00,204640.0
2024-07-19 01:00:00,200134.0
2024-07-19 02:00:00,196478.0
2024-07-19 03:00:00,193933.0
2024-07-19 04:00:00,192544.0
2024-07-19 05:00:00,192841.0
2024-07-19 06:00:00,195932.0
2024-07-19 07:00:00,201700.0
2024-07-19 08:00:00,201861.0
2024-07-19 09:00:00,207145.0
2024-07-19 10:00:00,212385.0
2024-07-19 11:00:00,213860.0
2024-07-19 12:00:00,212229.0
2024-07-19 13:00:00,210732.0
2024-07-19 14:00:00,209665.0
2024-07-19 15:00:00,214041.0
2024-07-19 16:00:00,210731.0
2024-07-19 17:00:00,205434.0
2024-07-19 18:00:00,202015.0
2024-07-19 19:00:00,207790.0
2024-07-19 20:00:00,212696.0
2024-07-19 21:00:00,211506.0
2024-07-19 22:00:00,209554.0
2024-07-19 23:00:00,208575.0
2024-07-20 00:00:00,204435.0
2024-07-20 01:00:00,201831.0
2024-07-20 02:00:00,197933.0
2024-07-20 03:00:00,194535.0
2024-07-20 04:00:00,194535.0
2024-07-20 05:00:00,194535.0
2024-07-20 06:00:00,194535.0
2024-07-20 07:00:00,195948.0
2024-07-20 08:00:00,195948.0
2024-07-20 09:00:00,195948.0
2024-07-20 10:00:00,210116.0
2024-07-20 11:00:00,210823.0
2024-07-20 12:00:00,209996.0
2024-07-20 13:00:00,207796.0
2024-07-20 14:00:00,210591.0
2024-07-20 15:00:00,211178.0
2024-07-20 16:00:00,207230.0
2024-07-20 17:00:00,203513.0
2024-07-20 18:00:00,203438.0
2024-07-20 19:00:00,212678.0
2024-07-20 20:00:00,212369.0
2024-07-20 21:00:00,211207.0
2024-07-20 22:00:00,209650.0
2024-07-20 23:00:00,206782.0
2024-07-21 00:00:00,203629.0
2024-07-21 01:00:00,200168.0
2024-07-21 02:00:00,196254.0
2024-07-21 03:00:00,194659.0
2024-07-21 04:00:00,194432.0
2024-07-21 05:00:00,192479.0
2024-07-21 06:00:00,196067.0
2024-07-21 07:00:00,197008.0
2024-07-21 08:00:00,198326.0
2024-07-21 09:00:00,202532.0
2024-07-21 10:00:00,204039.0
2024-07-21 11:00:00,204820.0
2024-07-21 12:00:00,204435.0
2024-07-21 13:00:00,202489.0
2024-07-21 14:00:00,203680.0
2024-07-21 15:00:00,201279.0
2024-07-21 16:00:00,194915.0
2024-07-21 17:00:00,189375.0
2024-07-21 18:00:00,188919.0
2024-07-21 19:00:00,202238.0
2024-07-21 20:00:00,205037.0
2024-07-21 21:00:00,205366.0
2024-07-21 22:00:00,204774.0
2024-07-21 23:00:00,202388.0
2024-07-22 00:00:00,198143.0
2024-07-22 01:00:00,195707.0
2024-07-22 02:00:00,192058.0
2024-07-22 03:00:00,191072.0
2024-07-22 04:00:00,190363.0
2024-07-22 05:00:00,189320.0
2024-07-22 06:00:00,196032.0
2024-07-22 07:00:00,201331.0
2024-07-22 08:00:00,205481.0
2024-07-22 09:00:00,212284.0
2024-07-22 10:00:00,215285.0
2024-07-22 11:00:00,215339.0
2024-07-22 12:00:00,214236.0
2024-07-22 13:00:00,210165.0
2024-07-22 14:00:00,211756.0
2024-07-22 15:00:00,207238.0
2024-07-22 16:00:00,205909.0
2024-07-22 17:00:00,201945.0
2024-07-22 18:00:00,201938.0
2024-07-22 19:00:00,210747.0
2024-07-22 20:00:00,211997.0
2024-07-22 21:00:00,211703.0
2024-07-22 22:00:00,210899.0
2024-07-22 23:00:00,207606.0
2024-07-23 00:00:00,203297.0
2024-07-23 01:00:00,198200.0
2024-07-23 02:00:00,194341.0
2024-07-23 03:00:00,192722.0
2024-07-23 04:00:00,191909.0
2024-07-23 05:00:00,191634.0
2024-07-23 06:00:00,197907.0
2024-07-23 07:00:00,200311.0
2024-07-23 08:00:00,203000.0
2024-07-23 09:00:00,209026.0
2024-07-23 10:00:00,213036.0
2024-07-23 11:00:00,212470.0
2024-07-23 12:00:00,212257.0
2024-07-23 13:00:00,207719.0
2024-07-23 14:00:00,210672.0
2024-07-23 15:00:00,209004.0
2024-07-23 16:00:00,205393.0
2024-07-23 17:00:00,203051.0
2024-07-23 18:00:00,203622.0
2024-07-23 19:00:00,213232.0
2024-07-23 20:00:00,212453.0
2024-07-23 21:00:00,211673.0
2024-07-23 22:00:00,211126.0
2024-07-23 23:00:00,207725.0
2024-07-24 00:00:00,203010.0
2024-07-24 01:00:00,197632.0
2024-07-24 02:00:00,192931.0
2024-07-24 03:00:00,190971.0
2024-07-24 04:00:00,189853.0
2024-07-24 05:00:00,189394.0
2024-07-24 06:00:00,194683.0
2024-07-24 07:00:00,196357.0
2024-07-24 08:00:00,197357.0
2024-07-24 09:00:00,202565.0
2024-07-24 10:00:00,206220.0
2024-07-24 11:00:00,207882.0
2024-07-24 12:00:00,205015.0
2024-07-24 13:00:00,201956.0
2024-07-24 14:00:00,204869.0
2024-07-24 15:00:00,203595.0
2024-07-24 16:00:00,201975.0
2024-07-24 17:00:00,197224.0
2024-07-24 18:00:00,199450.0
2024-07-24 19:00:00,209665.0
2024-07-24 20:00:00,209455.0
2024-07-24 21:00:00,208713.0
2024-07-24 22:00:00,207748.0
2024-07-24 23:00:00,203547.0
2024-07-25 00:00:00,198435.0
2024-07-25 01:00:00,193167.0
2024-07-25 02:00:00,189616.0
2024-07-25 03:00:00,187858.0
2024-07-25 04:00:00,187424.0
2024-07-25 05:00:00,188174.0
2024-07-25 06:00:00,193951.0
2024-07-25 07:00:00,196944.0
2024-07-25 08:00:00,199066.0
2024-07-25 09:00:00,205568.0
2024-07-25 10:00:00,207667.0
2024-07-25 11:00:00,207801.0
2024-07-25 12:00:00,206869.0
2024-07-25 13:00:00,203343.0
2024-07-25 14:00:00,205099.0
2024-07-25 15:00:00,202512.0
2024-07-25 16:00:00,200572.0
2024-07-25 17:00:00,198202.0
2024-07-25 18:00:00,199518.0
2024-07-25 19:00:00,208922.0
2024-07-25 20:00:00,209939.0
2024-07-25 21:00:00,209965.0
2024-07-25 22:00:00,208636.0
2024-07-25 23:00:00,204160.0
2024-07-26 00:00:00,199425.0
2024-07-26 01:00:00,194483.0
2024-07-26 02:00:00,191106.0
2024-07-26 03:00:00,189013.0
2024-07-26 04:00:00,187544.0
2024-07-26 05:00:00,187937.0
2024-07-26 06:00:00,193241.0
2024-07-26 07:00:00,197669.0
2024-07-26 08:00:00,201112.0
2024-07-26 09:00:00,208905.0
2024-07-26 10:00:00,211677.0
2024-07-26 11:00:00,211593.0
2024-07-26 12:00:00,209180.0
2024-07-26 13:00:00,204538.0
2024-07-26 14:00:00,208882.0
2024-07-26 15:00:00,206910.0
2024-07-26 16:00:00,202820.0
2024-07-26 17:00:00,201077.0
2024-07-26 18:00:00,201868.0
2024-07-26 19:00:00,209919.0
2024-07-26 20:00:00,210067.0
2024-07-26 21:00:00,208601.0
2024-07-26 22:00:00,207624.0
2024-07-26 23:00:00,205373.0
2024-07-27 00:00:00,200796.0
2024-07-27 01:00:00,195817.0
2024-07-27 02:00:00,192100.0
2024-07-27 03:00:00,190272.0
2024-07-27 04:00:00,189423.0
2024-07-27 05:00:00,188230.0
2024-07-27 06:00:00,193970.0
2024-07-27 07:00:00,195946.0
2024-07-27 08:00:00,199358.0
2024-07-27 09:00:00,206709.0
2024-07-27 10:00:00,209515.0
2024-07-27 11:00:00,208692.0
2024-07-27 12:00:00,207928.0
2024-07-27 13:00:00,203076.0
2024-07-27 14:00:00,207146.0
2024-07-27 15:00:00,206348.0
2024-07-27 16:00:00,203883.0
2024-07-27 17:00:00,199927.0
2024-07-27 18:00:00,200533.0
2024-07-27 19:00:00,209835.0
2024-07-27 20:00:00,209121.0
2024-07-27 21:00:00,208874.0
2024-07-27 22:00:00,208098.0
2024-07-27 23:00:00,204346.0
2024-07-28 00:00:00,201405.0
2024-07-28 01:00:00,197496.0
2024-07-28 02:00:00,193633.0
2024-07-28 03:00:00,192288.0
2024-07-28 04:00:00,191158.0
2024-07-28 05:00:00,189993.0
2024-07-28 06:00:00,191412.0
2024-07-28 07:00:00,192839.0
2024-07-28 08:00:00,196717.0
2024-07-28 09:00:00,202001.0
2024-07-28 10:00:00,202303.0
2024-07-28 11:00:00,203103.0
2024-07-28 12:00:00,203221.0
2024-07-28 13:00:00,201053.0
2024-07-28 14:00:00,201520.0
2024-07-28 15:00:00,199721.0
2024-07-28 16:00:00,195681.0
2024-07-28 17:00:00,190480.0
2024-07-28 18:00:00,191057.0
2024-07-28 19:00:00,203202.0
2024-07-28 20:00:00,206678.0
2024-07-28 21:00:00,206363.0
2024-07-28 22:00:00,206401.0
2024-07-28 23:00:00,203744.0
2024-07-29 00:00:00,200670.0
2024-07-29 01:00:00,195830.0
2024-07-29 02:00:00,193761.0
2024-07-29 03:00:00,191518.0
2024-07-29 04:00:00,191758.0
2024-07-29 05:00:00,190574.0
2024-07-29 06:00:00,197940.0
2024-07-29 07:00:00,202706.0
2024-07-29 08:00:00,208205.0
2024-07-29 09:00:00,216339.0
2024-07-29 10:00:00,220512.0
2024-07-29 11:00:00,221575.0
2024-07-29 12:00:00,220514.0
2024-07-29 13:00:00,216818.0
2024-07-29 14:00:00,220764.0
2024-07-29 15:00:00,220053.0
2024-07-29 16:00:00,216388.0
2024-07-29 17:00:00,210145.0
2024-07-29 18:00:00,206906.0
2024-07-29 19:00:00,213986.0
2024-07-29 20:00:00,211822.0
2024-07-29 21:00:00,211165.0
2024-07-29 22:00:00,209985.0
2024-07-29 23:00:00,207040.0
2024-07-30 00:00:00,204491.0
2024-07-30 01:00:00,202044.0
2024-07-30 02:00:00,199904.0
2024-07-30 03:00:00,197708.0
2024-07-30 04:00:00,198215.0
2024-07-30 05:00:00,197655.0
2024-07-30 06:00:00,203225.0
2024-07-30 07:00:00,209038.0
2024-07-30 08:00:00,213843.0
2024-07-30 09:00:00,218685.0
2024-07-30 10:00:00,222922.0
2024-07-30 11:00:00,224845.0
2024-07-30 12:00:00,223646.0
2024-07-30 13:00:00,221357.0
2024-07-30 14:00:00,223091.0
2024-07-30 15:00:00,223147.0
2024-07-30 16:00:00,218221.0
2024-07-30 17:00:00,212700.0
2024-07-30 18:00:00,210516.0
2024-07-30 19:00:00,216436.0
2024-07-30 20:00:00,214789.0
2024-07-30 21:00:00,213759.0
2024-07-30 22:00:00,212413.0
2024-07-30 23:00:00,210465.0
2024-07-31 00:00:00,208090.0
2024-07-31 01:00:00,205676.0
2024-07-31 02:00:00,203623.0
2024-07-31 03:00:00,202710.0
2024-07-31 04:00:00,202240.0
2024-07-31 05:00:00,202295.0
2024-07-31 06:00:00,207271.0
2024-07-31 07:00:00,209574.0
2024-07-31 08:00:00,211237.0
2024-07-31 09:00:00,219619.0
2024-07-31 10:00:00,222034.0
2024-07-31 11:00:00,223424.0
2024-07-31 12:00:00,222559.0
2024-07-31 13:00:00,217608.0
2024-07-31 14:00:00,220686.0
2024-07-31 15:00:00,218685.0
2024-07-31 16:00:00,213372.0
2024-07-31 17:00:00,203684.0
2024-07-31 18:00:00,200046.0
2024-07-31 19:00:00,201241.0
2024-07-31 20:00:00,200974.0
2024-07-31 21:00:00,200975.0
2024-07-31 22:00:00,200595.0
2024-07-31 23:00:00,197698.0
2024-08-01 00:00:00,192517.0
2024-08-01 01:00:00,187165.0
2024-08-01 02:00:00,181288.0
2024-08-01 03:00:00,177072.0
2024-08-01 04:00:00,175514.0
2024-08-01 05:00:00,177065.0
2024-08-01 06:00:00,184885.0
2024-08-01 07:00:00,189329.0
2024-08-01 08:00:00,190621.0
2024-08-01 09:00:00,195651.0
2024-08-01 10:00:00,199206.0
2024-08-01 11:00:00,199880.0
2024-08-01 12:00:00,199825.0
2024-08-01 13:00:00,195578.0
2024-08-01 14:00:00,199292.0
2024-08-01 15:00:00,199115.0
2024-08-01 16:00:00,197718.0
2024-08-01 17:00:00,195430.0
2024-08-01 18:00:00,195095.0
2024-08-01 19:00:00,202586.0
2024-08-01 20:00:00,201586.0
2024-08-01 21:00:00,201640.0
2024-08-01 22:00:00,200585.0
2024-08-01 23:00:00,195178.0
2024-08-02 00:00:00,189658.0
2024-08-02 01:00:00,183336.0
2024-08-02 02:00:00,178754.0
2024-08-02 03:00:00,175372.0
2024-08-02 04:00:00,173745.0
2024-08-02 05:00:00,175901.0
2024-08-02 06:00:00,183623.0
2024-08-02 07:00:00,187048.0
2024-08-02 08:00:00,189258.0
2024-08-02 09:00:00,196012.0
2024-08-02 10:00:00,196930.0
2024-08-02 11:00:00,197989.0
2024-08-02 12:00:00,195121.0
2024-08-02 13:00:00,189592.0
2024-08-02 14:00:00,190773.0
2024-08-02 15:00:00,191347.0
2024-08-02 16:00:00,189489.0
2024-08-02 17:00:00,187307.0
2024-08-02 18:00:00,188071.0
2024-08-02 19:00:00,197458.0
2024-08-02 20:00:00,197809.0
2024-08-02 21:00:00,197675.0
2024-08-02 22:00:00,196328.0
2024-08-02 23:00:00,192168.0
2024-08-03 00:00:00,186263.0
2024-08-03 01:00:00,180397.0
2024-08-03 02:00:00,176488.0
2024-08-03 03:00:00,173079.0
2024-08-03 04:00:00,171253.0
2024-08-03 05:00:00,173022.0
2024-08-03 06:00:00,178581.0
2024-08-03 07:00:00,181616.0
2024-08-03 08:00:00,185156.0
2024-08-03 09:00:00,191224.0
2024-08-03 10:00:00,194662.0
2024-08-03 11:00:00,194674.0
2024-08-03 12:00:00,193279.0
2024-08-03 13:00:00,189840.0
2024-08-03 14:00:00,191622.0
2024-08-03 15:00:00,191302.0
2024-08-03 16:00:00,189968.0
2024-08-03 17:00:00,186842.0
2024-08-03 18:00:00,187126.0
2024-08-03 19:00:00,198034.0
2024-08-03 20:00:00,197421.0
2024-08-03 21:00:00,196315.0
2024-08-03 22:00:00,195005.0
2024-08-03 23:00:00,191761.0
2024-08-04 00:00:00,186020.0
2024-08-04 01:00:00,180905.0
2024-08-04 02:00:00,176605.0
2024-08-04 03:00:00,173415.0
2024-08-04 04:00:00,171835.0
2024-08-04 05:00:00,173266.0
2024-08-04 06:00:00,176384.0
2024-08-04 07:00:00,179194.0
2024-08-04 08:00:00,182938.0
2024-08-04 09:00:00,187439.0
2024-08-04 10:00:00,188542.0
2024-08-04 11:00:00,189281.0
2024-08-04 12:00:00,187636.0
2024-08-04 13:00:00,185504.0
2024-08-04 14:00:00,186092.0
2024-08-04 15:00:00,183548.0
2024-08-04 16:00:00,180399.0
2024-08-04 17:00:00,176144.0
2024-08-04 18:00:00,174318.0
2024-08-04 19:00:00,187760.0
2024-08-04 20:00:00,191725.0
2024-08-04 21:00:00,193413.0
2024-08-04 22:00:00,194432.0
2024-08-04 23:00:00,191565.0
2024-08-05 00:00:00,186234.0
2024-08-05 01:00:00,181017.0
2024-08-05 02:00:00,176844.0
2024-08-05 03:00:00,173509.0
2024-08-05 04:00:00,173569.0
2024-08-05 05:00:00,175247.0
2024-08-05 06:00:00,183880.0
2024-08-05 07:00:00,189879.0
2024-08-05 08:00:00,191467.0
2024-08-05 09:00:00,197998.0
2024-08-05 10:00:00,201446.0
2024-08-05 11:00:00,202935.0
2024-08-05 12:00:00,202357.0
2024-08-05 13:00:00,198664.0
2024-08-05 14:00:00,201951.0
2024-08-05 15:00:00,202973.0
2024-08-05 16:00:00,200519.0
2024-08-05 17:00:00,194334.0
2024-08-05 18:00:00,195843.0
2024-08-05 19:00:00,206059.0
2024-08-05 20:00:00,204386.0
2024-08-05 21:00:00,204899.0
2024-08-05 22:00:00,204200.0
2024-08-05 23:00:00,201087.0
2024-08-06 00:00:00,197169.0
2024-08-06 01:00:00,190826.0
2024-08-06 02:00:00,186443.0
2024-08-06 03:00:00,184864.0
2024-08-06 04:00:00,183625.0
2024-08-06 05:00:00,182815.0
2024-08-06 06:00:00,190765.0
2024-08-06 07:00:00,193018.0
2024-08-06 08:00:00,195889.0
2024-08-06 09:00:00,201815.0
2024-08-06 10:00:00,204506.0
2024-08-06 11:00:00,204317.0
2024-08-06 12:00:00,202586.0
2024-08-06 13:00:00,198748.0
2024-08-06 14:00:00,201217.0
2024-08-06 15:00:00,201884.0
2024-08-06 16:00:00,197837.0
2024-08-06 17:00:00,193614.0
2024-08-06 18:00:00,195651.0
2024-08-06 19:00:00,204045.0
2024-08-06 20:00:00,204206.0
2024-08-06 21:00:00,203515.0
2024-08-06 22:00:00,201838.0
2024-08-06 23:00:00,198068.0
2024-08-07 00:00:00,191731.0
2024-08-07 01:00:00,186524.0
2024-08-07 02:00:00,182002.0
2024-08-07 03:00:00,180354.0
2024-08-07 04:00:00,178425.0
2024-08-07 05:00:00,179655.0
2024-08-07 06:00:00,186274.0
2024-08-07 07:00:00,187569.0
2024-08-07 08:00:00,189580.0
2024-08-07 09:00:00,194581.0
2024-08-07 10:00:00,196844.0
2024-08-07 11:00:00,197196.0
2024-08-07 12:00:00,194587.0
2024-08-07 13:00:00,190287.0
2024-08-07 14:00:00,192956.0
2024-08-07 15:00:00,191056.0
2024-08-07 16:00:00,190452.0
2024-08-07 17:00:00,187173.0
2024-08-07 18:00:00,194566.0
2024-08-07 19:00:00,204263.0
2024-08-07 20:00:00,202343.0
2024-08-07 21:00:00,200604.0
2024-08-07 22:00:00,197801.0
2024-08-07 23:00:00,192140.0
2024-08-08 00:00:00,186392.0
2024-08-08 01:00:00,180228.0
2024-08-08 02:00:00,176966.0
2024-08-08 03:00:00,173914.0
2024-08-08 04:00:00,172946.0
2024-08-08 05:00:00,175126.0
2024-08-08 06:00:00,182935.0
2024-08-08 07:00:00,187322.0
2024-08-08 08:00:00,189773.0
2024-08-08 09:00:00,194941.0
2024-08-08 10:00:00,199015.0
2024-08-08 11:00:00,199289.0
2024-08-08 12:00:00,198405.0
2024-08-08 13:00:00,194552.0
2024-08-08 14:00:00,196965.0
2024-08-08 15:00:00,195837.0
2024-08-08 16:00:00,194107.0
2024-08-08 17:00:00,192424.0
2024-08-08 18:00:00,194259.0
2024-08-08 19:00:00,206610.0
2024-08-08 20:00:00,204832.0
2024-08-08 21:00:00,202967.0
2024-08-08 22:00:00,201282.0
2024-08-08 23:00:00,196493.0
2024-08-09 00:00:00,190449.0
2024-08-09 01:00:00,184902.0
2024-08-09 02:00:00,180891.0
2024-08-09 03:00:00,178896.0
2024-08-09 04:00:00,177838.0
2024-08-09 05:00:00,180441.0
2024-08-09 06:00:00,187651.0
2024-08-09 07:00:00,192285.0
2024-08-09 08:00:00,193821.0
2024-08-09 09:00:00,200551.0
2024-08-09 10:00:00,203986.0
2024-08-09 11:00:00,203482.0
2024-08-09 12:00:00,202805.0
2024-08-09 13:00:00,197842.0
2024-08-09 14:00:00,199552.0
2024-08-09 15:00:00,199587.0
2024-08-09 16:00:00,196472.0
2024-08-09 17:00:00,190585.0
2024-08-09 18:00:00,194231.0
2024-08-09 19:00:00,204990.0
2024-08-09 20:00:00,203348.0
2024-08-09 21:00:00,202463.0
2024-08-09 22:00:00,200347.0
2024-08-09 23:00:00,196296.0
2024-08-10 00:00:00,191880.0
2024-08-10 01:00:00,186214.0
2024-08-10 02:00:00,182607.0
2024-08-10 03:00:00,180224.0
2024-08-10 04:00:00,179850.0
2024-08-10 05:00:00,181579.0
2024-08-10 06:00:00,186515.0
2024-08-10 07:00:00,188657.0
2024-08-10 08:00:00,192341.0
2024-08-10 09:00:00,197923.0
2024-08-10 10:00:00,199861.0
2024-08-10 11:00:00,200051.0
2024-08-10 12:00:00,198817.0
2024-08-10 13:00:00,193948.0
2024-08-10 14:00:00,197706.0
2024-08-10 15:00:00,197427.0
2024-08-10 16:00:00,194789.0
2024-08-10 17:00:00,191800.0
2024-08-10 18:00:00,193597.0
2024-08-10 19:00:00,205118.0
2024-08-10 20:00:00,203428.0
2024-08-10 21:00:00,203013.0
2024-08-10 22:00:00,200746.0
2024-08-10 23:00:00,197214.0
2024-08-11 00:00:00,191849.0
2024-08-11 01:00:00,186097.0
2024-08-11 02:00:00,181870.0
2024-08-11 03:00:00,179205.0
2024-08-11 04:00:00,178409.0
2024-08-11 05:00:00,177723.0
2024-08-11 06:00:00,178332.0
2024-08-11 07:00:00,178449.0
2024-08-11 08:00:00,180336.0
2024-08-11 09:00:00,184306.0
2024-08-11 10:00:00,185903.0
2024-08-11 11:00:00,183643.0
2024-08-11 12:00:00,183099.0
2024-08-11 13:00:00,179250.0
2024-08-11 14:00:00,177152.0
2024-08-11 15:00:00,176611.0
2024-08-11 16:00:00,174307.0
2024-08-11 17:00:00,170274.0
2024-08-11 18:00:00,173377.0
2024-08-11 19:00:00,188324.0
2024-08-11 20:00:00,188595.0
2024-08-11 21:00:00,188522.0
2024-08-11 22:00:00,188055.0
2024-08-11 23:00:00,185103.0
2024-08-12 00:00:00,179498.0
2024-08-12 01:00:00,174601.0
2024-08-12 02:00:00,171017.0
2024-08-12 03:00:00,168520.0
2024-08-12 04:00:00,168222.0
2024-08-12 05:00:00,171084.0
2024-08-12 06:00:00,179815.0
2024-08-12 07:00:00,184172.0
2024-08-12 08:00:00,188333.0
2024-08-12 09:00:00,197491.0
2024-08-12 10:00:00,200674.0
2024-08-12 11:00:00,200572.0
2024-08-12 12:00:00,199218.0
2024-08-12 13:00:00,194469.0
2024-08-12 14:00:00,198169.0
2024-08-12 15:00:00,199535.0
2024-08-12 16:00:00,196222.0
2024-08-12 17:00:00,193014.0
2024-08-12 18:00:00,193512.0
2024-08-12 19:00:00,204238.0
2024-08-12 20:00:00,201899.0
2024-08-12 21:00:00,202950.0
2024-08-12 22:00:00,201020.0
2024-08-12 23:00:00,196869.0
2024-08-13 00:00:00,192046.0
2024-08-13 01:00:00,186217.0
2024-08-13 02:00:00,181996.0
2024-08-13 03:00:00,179319.0
2024-08-13 04:00:00,179256.0
2024-08-13 05:00:00,181288.0
2024-08-13 06:00:00,188232.0
2024-08-13 07:00:00,192524.0
2024-08-13 08:00:00,195040.0
2024-08-13 09:00:00,201498.0
2024-08-13 10:00:00,206067.0
2024-08-13 11:00:00,206811.0
2024-08-13 12:00:00,205124.0
2024-08-13 13:00:00,201534.0
2024-08-13 14:00:00,203321.0
2024-08-13 15:00:00,206251.0
2024-08-13 16:00:00,202073.0
2024-08-13 17:00:00,197102.0
2024-08-13 18:00:00,198836.0
2024-08-13 19:00:00,205958.0
2024-08-13 20:00:00,204464.0
2024-08-13 21:00:00,204877.0
2024-08-13 22:00:00,204451.0
2024-08-13 23:00:00,200442.0
2024-08-14 00:00:00,195309.0
2024-08-14 01:00:00,190948.0
2024-08-14 02:00:00,188971.0
2024-08-14 03:00:00,186413.0
2024-08-14 04:00:00,185477.0
2024-08-14 05:00:00,187548.0
2024-08-14 06:00:00,193327.0
2024-08-14 07:00:00,196804.0
2024-08-14 08:00:00,198891.0
2024-08-14 09:00:00,206006.0
2024-08-14 10:00:00,211387.0
2024-08-14 11:00:00,213506.0
2024-08-14 12:00:00,211650.0
2024-08-14 13:00:00,207342.0
2024-08-14 14:00:00,212114.0
2024-08-14 15:00:00,211019.0
2024-08-14 16:00:00,206484.0
2024-08-14 17:00:00,200103.0
2024-08-14 18:00:00,200976.0
2024-08-14 19:00:00,207202.0
2024-08-14 20:00:00,205968.0
2024-08-14 21:00:00,205524.0
2024-08-14 22:00:00,206338.0
2024-08-14 23:00:00,203657.0
2024-08-15 00:00:00,197856.0
2024-08-15 01:00:00,193373.0
2024-08-15 02:00:00,190719.0
2024-08-15 03:00:00,187671.0
2024-08-15 04:00:00,186122.0
2024-08-15 05:00:00,189478.0
2024-08-15 06:00:00,192469.0
2024-08-15 07:00:00,189664.0
2024-08-15 08:00:00,187505.0
2024-08-15 09:00:00,189140.0
2024-08-15 10:00:00,190451.0
2024-08-15 11:00:00,192195.0
2024-08-15 12:00:00,192399.0
2024-08-15 13:00:00,190615.0
2024-08-15 14:00:00,191318.0
2024-08-15 15:00:00,190176.0
2024-08-15 16:00:00,186573.0
2024-08-15 17:00:00,179917.0
2024-08-15 18:00:00,181491.0
2024-08-15 19:00:00,194429.0
2024-08-15 20:00:00,194711.0
2024-08-15 21:00:00,195933.0
2024-08-15 22:00:00,196394.0
2024-08-15 23:00:00,192947.0
2024-08-16 00:00:00,187853.0
2024-08-16 01:00:00,183262.0
2024-08-16 02:00:00,179881.0
2024-08-16 03:00:00,178407.0
2024-08-16 04:00:00,178269.0
2024-08-16 05:00:00,179681.0
2024-08-16 06:00:00,187892.0
2024-08-16 07:00:00,191392.0
2024-08-16 08:00:00,195614.0
2024-08-16 09:00:00,205873.0
2024-08-16 10:00:00,210149.0
2024-08-16 11:00:00,215097.0
2024-08-16 12:00:00,213377.0
2024-08-16 13:00:00,209158.0
2024-08-16 14:00:00,211143.0
2024-08-16 15:00:00,210830.0
2024-08-16 16:00:00,205169.0
2024-08-16 17:00:00,198228.0
2024-08-16 18:00:00,199589.0
2024-08-16 19:00:00,210185.0
2024-08-16 20:00:00,207386.0
2024-08-16 21:00:00,207512.0
2024-08-16 22:00:00,206531.0
2024-08-16 23:00:00,202732.0
2024-08-17 00:00:00,198508.0
2024-08-17 01:00:00,192762.0
2024-08-17 02:00:00,188484.0
2024-08-17 03:00:00,186124.0
2024-08-17 04:00:00,183989.0
2024-08-17 05:00:00,186016.0
2024-08-17 06:00:00,190265.0
2024-08-17 07:00:00,191831.0
2024-08-17 08:00:00,194386.0
2024-08-17 09:00:00,203469.0
2024-08-17 10:00:00,207463.0
2024-08-17 11:00:00,209710.0
2024-08-17 12:00:00,210642.0
2024-08-17 13:00:00,208789.0
2024-08-17 14:00:00,212313.0
2024-08-17 15:00:00,211269.0
2024-08-17 16:00:00,206623.0
2024-08-17 17:00:00,198773.0
2024-08-17 18:00:00,199762.0
2024-08-17 19:00:00,210006.0
2024-08-17 20:00:00,208544.0
2024-08-17 21:00:00,208113.0
2024-08-17 22:00:00,208146.0
2024-08-17 23:00:00,205347.0
2024-08-18 00:00:00,201072.0
2024-08-18 01:00:00,195509.0
2024-08-18 02:00:00,190189.0
2024-08-18 03:00:00,186576.0
2024-08-18 04:00:00,184347.0
2024-08-18 05:00:00,183903.0
2024-08-18 06:00:00,184555.0
2024-08-18 07:00:00,185705.0
2024-08-18 08:00:00,187926.0
2024-08-18 09:00:00,193809.0
2024-08-18 10:00:00,198051.0
2024-08-18 11:00:00,200284.0
2024-08-18 12:00:00,201201.0
2024-08-18 13:00:00,199680.0
2024-08-18 14:00:00,199899.0
2024-08-18 15:00:00,196972.0
2024-08-18 16:00:00,192512.0
2024-08-18 17:00:00,184861.0
2024-08-18 18:00:00,185742.0
2024-08-18 19:00:00,200606.0
2024-08-18 20:00:00,201538.0
2024-08-18 21:00:00,202402.0
2024-08-18 22:00:00,204084.0
2024-08-18 23:00:00,200984.0
2024-08-19 00:00:00,196270.0
2024-08-19 01:00:00,190918.0
2024-08-19 02:00:00,186811.0
2024-08-19 03:00:00,184504.0
2024-08-19 04:00:00,183515.0
2024-08-19 05:00:00,184519.0
2024-08-19 06:00:00,188791.0
2024-08-19 07:00:00,192021.0
2024-08-19 08:00:00,193917.0
2024-08-19 09:00:00,200414.0
2024-08-19 10:00:00,203882.0
2024-08-19 11:00:00,205579.0
2024-08-19 12:00:00,205966.0
2024-08-19 13:00:00,201468.0
2024-08-19 14:00:00,199235.0
2024-08-19 15:00:00,195387.0
2024-08-19 16:00:00,189270.0
2024-08-19 17:00:00,182486.0
2024-08-19 18:00:00,184588.0
2024-08-19 19:00:00,192518.0
2024-08-19 20:00:00,194087.0
2024-08-19 21:00:00,195758.0
2024-08-19 22:00:00,196009.0
2024-08-19 23:00:00,192805.0
2024-08-20 00:00:00,186913.0
2024-08-20 01:00:00,181655.0
2024-08-20 02:00:00,177452.0
2024-08-20 03:00:00,174221.0
2024-08-20 04:00:00,172705.0
2024-08-20 05:00:00,173009.0
2024-08-20 06:00:00,178159.0
2024-08-20 07:00:00,181737.0
2024-08-20 08:00:00,188022.0
2024-08-20 09:00:00,195885.0
2024-08-20 10:00:00,199913.0
2024-08-20 11:00:00,202363.0
2024-08-20 12:00:00,202206.0
2024-08-20 13:00:00,197934.0
2024-08-20 14:00:00,201896.0
2024-08-20 15:00:00,200996.0
2024-08-20 16:00:00,198105.0
2024-08-20 17:00:00,194937.0
2024-08-20 18:00:00,197939.0
2024-08-20 19:00:00,207532.0
2024-08-20 20:00:00,205975.0
2024-08-20 21:00:00,205239.0
2024-08-20 22:00:00,205519.0
2024-08-20 23:00:00,200560.0
2024-08-21 00:00:00,195200.0
2024-08-21 01:00:00,190061.0
2024-08-21 02:00:00,185547.0
2024-08-21 03:00:00,182597.0
2024-08-21 04:00:00,181501.0
2024-08-21 05:00:00,182480.0
2024-08-21 06:00:00,188836.0
2024-08-21 07:00:00,193070.0
2024-08-21 08:00:00,194779.0
2024-08-21 09:00:00,202065.0
2024-08-21 10:00:00,206279.0
2024-08-21 11:00:00,208815.0
2024-08-21 12:00:00,208091.0
2024-08-21 13:00:00,205188.0
2024-08-21 14:00:00,208049.0
2024-08-21 15:00:00,207430.0
2024-08-21 16:00:00,204271.0
2024-08-21 17:00:00,200474.0
2024-08-21 18:00:00,202107.0
2024-08-21 19:00:00,210648.0
2024-08-21 20:00:00,209968.0
2024-08-21 21:00:00,208742.0
2024-08-21 22:00:00,208331.0
2024-08-21 23:00:00,203465.0
2024-08-22 00:00:00,198413.0
2024-08-22 01:00:00,193249.0
2024-08-22 02:00:00,189252.0
2024-08-22 03:00:00,187119.0
2024-08-22 04:00:00,185752.0
2024-08-22 05:00:00,187045.0
2024-08-22 06:00:00,191521.0
2024-08-22 07:00:00,195101.0
2024-08-22 08:00:00,197272.0
2024-08-22 09:00:00,205299.0
2024-08-22 10:00:00,209812.0
2024-08-22 11:00:00,211257.0
2024-08-22 12:00:00,210144.0
2024-08-22 13:00:00,205284.0
2024-08-22 14:00:00,209707.0
2024-08-22 15:00:00,209719.0
2024-08-22 16:00:00,206759.0
2024-08-22 17:00:00,202845.0
2024-08-22 18:00:00,206007.0
2024-08-22 19:00:00,212683.0
2024-08-22 20:00:00,209702.0
2024-08-22 21:00:00,208061.0
2024-08-22 22:00:00,207568.0
2024-08-22 23:00:00,203464.0
2024-08-23 00:00:00,198072.0
2024-08-23 01:00:00,193268.0
2024-08-23 02:00:00,188971.0
2024-08-23 03:00:00,185941.0
2024-08-23 04:00:00,184187.0
2024-08-23 05:00:00,184934.0
2024-08-23 06:00:00,190189.0
2024-08-23 07:00:00,193990.0
2024-08-23 08:00:00,196726.0
2024-08-23 09:00:00,204018.0
2024-08-23 10:00:00,208520.0
2024-08-23 11:00:00,209848.0
2024-08-23 12:00:00,207142.0
2024-08-23 13:00:00,201594.0
2024-08-23 14:00:00,206148.0
2024-08-23 15:00:00,206424.0
2024-08-23 16:00:00,203226.0
2024-08-23 17:00:00,199054.0
2024-08-23 18:00:00,200416.0
2024-08-23 19:00:00,209756.0
2024-08-23 20:00:00,205790.0
2024-08-23 21:00:00,204822.0
2024-08-23 22:00:00,203051.0
2024-08-23 23:00:00,199348.0
2024-08-24 00:00:00,194393.0
2024-08-24 01:00:00,188953.0
2024-08-24 02:00:00,184626.0
2024-08-24 03:00:00,182122.0
2024-08-24 04:00:00,180467.0
2024-08-24 05:00:00,181723.0
2024-08-24 06:00:00,186387.0
2024-08-24 07:00:00,188734.0
2024-08-24 08:00:00,191087.0
2024-08-24 09:00:00,199603.0
2024-08-24 10:00:00,203601.0
2024-08-24 11:00:00,203369.0
2024-08-24 12:00:00,201787.0
2024-08-24 13:00:00,196466.0
2024-08-24 14:00:00,198184.0
2024-08-24 15:00:00,198437.0
2024-08-24 16:00:00,193358.0
2024-08-24 17:00:00,187610.0
2024-08-24 18:00:00,192845.0
2024-08-24 19:00:00,203137.0
2024-08-24 20:00:00,200555.0
2024-08-24 21:00:00,199817.0
2024-08-24 22:00:00,198595.0
2024-08-24 23:00:00,194438.0
2024-08-25 00:00:00,188681.0
2024-08-25 01:00:00,182532.0
2024-08-25 02:00:00,178890.0
2024-08-25 03:00:00,176482.0
2024-08-25 04:00:00,174627.0
2024-08-25 05:00:00,174748.0
2024-08-25 06:00:00,175884.0
2024-08-25 07:00:00,177396.0
2024-08-25 08:00:00,180400.0
2024-08-25 09:00:00,185892.0
2024-08-25 10:00:00,188563.0
2024-08-25 11:00:00,188347.0
2024-08-25 12:00:00,188074.0
2024-08-25 13:00:00,185171.0
2024-08-25 14:00:00,184612.0
2024-08-25 15:00:00,182406.0
2024-08-25 16:00:00,178636.0
2024-08-25 17:00:00,173449.0
2024-08-25 18:00:00,178842.0
2024-08-25 19:00:00,191977.0
2024-08-25 20:00:00,191721.0
2024-08-25 21:00:00,192588.0
2024-08-25 22:00:00,191632.0
2024-08-25 23:00:00,188573.0
2024-08-26 00:00:00,183549.0
2024-08-26 01:00:00,178297.0
2024-08-26 02:00:00,174277.0
2024-08-26 03:00:00,172201.0
2024-08-26 04:00:00,171615.0
2024-08-26 05:00:00,174130.0
2024-08-26 06:00:00,180110.0
2024-08-26 07:00:00,186419.0
2024-08-26 08:00:00,190941.0
2024-08-26 09:00:00,197741.0
2024-08-26 10:00:00,199415.0
2024-08-26 11:00:00,200345.0
2024-08-26 12:00:00,199163.0
2024-08-26 13:00:00,194059.0
2024-08-26 14:00:00,195867.0
2024-08-26 15:00:00,194311.0
2024-08-26 16:00:00,190367.0
2024-08-26 17:00:00,186009.0
2024-08-26 18:00:00,188454.0
2024-08-26 19:00:00,196634.0
2024-08-26 20:00:00,192855.0
2024-08-26 21:00:00,191891.0
2024-08-26 22:00:00,186853.0
2024-08-26 23:00:00,183043.0
2024-08-27 00:00:00,178001.0
2024-08-27 01:00:00,174625.0
2024-08-27 02:00:00,170221.0
2024-08-27 03:00:00,167789.0
2024-08-27 04:00:00,166740.0
2024-08-27 05:00:00,168770.0
2024-08-27 06:00:00,176573.0
2024-08-27 07:00:00,182633.0
2024-08-27 08:00:00,184426.0
2024-08-27 09:00:00,190300.0
2024-08-27 10:00:00,192090.0
2024-08-27 11:00:00,193011.0
2024-08-27 12:00:00,192342.0
2024-08-27 13:00:00,189469.0
2024-08-27 14:00:00,191162.0
2024-08-27 15:00:00,191924.0
2024-08-27 16:00:00,188878.0
2024-08-27 17:00:00,183518.0
2024-08-27 18:00:00,188715.0
2024-08-27 19:00:00,198656.0
2024-08-27 20:00:00,194950.0
2024-08-27 21:00:00,194568.0
2024-08-27 22:00:00,192758.0
2024-08-27 23:00:00,188718.0
2024-08-28 00:00:00,182918.0
2024-08-28 01:00:00,177239.0
2024-08-28 02:00:00,173095.0
2024-08-28 03:00:00,170908.0
2024-08-28 04:00:00,168802.0
2024-08-28 05:00:00,170374.0
2024-08-28 06:00:00,178601.0
2024-08-28 07:00:00,182816.0
2024-08-28 08:00:00,186251.0
2024-08-28 09:00:00,191958.0
2024-08-28 10:00:00,195837.0
2024-08-28 11:00:00,196408.0
2024-08-28 12:00:00,195349.0
2024-08-28 13:00:00,191320.0
2024-08-28 14:00:00,195946.0
2024-08-28 15:00:00,195398.0
2024-08-28 16:00:00,194000.0
2024-08-28 17:00:00,188537.0
2024-08-28 18:00:00,192578.0
2024-08-28 19:00:00,205267.0
2024-08-28 20:00:00,202124.0
2024-08-28 21:00:00,201434.0
2024-08-28 22:00:00,198524.0
2024-08-28 23:00:00,194039.0
2024-08-29 00:00:00,188682.0
2024-08-29 01:00:00,182737.0
2024-08-29 02:00:00,177558.0
2024-08-29 03:00:00,173374.0
2024-08-29 04:00:00,171202.0
2024-08-29 05:00:00,172913.0
2024-08-29 06:00:00,180091.0
2024-08-29 07:00:00,184498.0
2024-08-29 08:00:00,186551.0
2024-08-29 09:00:00,191870.0
2024-08-29 10:00:00,193149.0
2024-08-29 11:00:00,193593.0
2024-08-29 12:00:00,192428.0
2024-08-29 13:00:00,187798.0
2024-08-29 14:00:00,191796.0
2024-08-29 15:00:00,192064.0
2024-08-29 16:00:00,188851.0
2024-08-29 17:00:00,184133.0
2024-08-29 18:00:00,189952.0
2024-08-29 19:00:00,201468.0
2024-08-29 20:00:00,197639.0
2024-08-29 21:00:00,195728.0
2024-08-29 22:00:00,192942.0
2024-08-29 23:00:00,189208.0
2024-08-30 00:00:00,184026.0
2024-08-30 01:00:00,179205.0
2024-08-30 02:00:00,175538.0
2024-08-30 03:00:00,173634.0
2024-08-30 04:00:00,173248.0
2024-08-30 05:00:00,175823.0
2024-08-30 06:00:00,183088.0
2024-08-30 07:00:00,186217.0
2024-08-30 08:00:00,188645.0
2024-08-30 09:00:00,194576.0
2024-08-30 10:00:00,197561.0
2024-08-30 11:00:00,198712.0
2024-08-30 12:00:00,198877.0
2024-08-30 13:00:00,195512.0
2024-08-30 14:00:00,197342.0
2024-08-30 15:00:00,198846.0
2024-08-30 16:00:00,194683.0
2024-08-30 17:00:00,191589.0
2024-08-30 18:00:00,197499.0
2024-08-30 19:00:00,207431.0
2024-08-30 20:00:00,203079.0
2024-08-30 21:00:00,200513.0
2024-08-30 22:00:00,199444.0
2024-08-30 23:00:00,195741.0
2024-08-31 00:00:00,189943.0
2024-08-31 01:00:00,185327.0
2024-08-31 02:00:00,180979.0
2024-08-31 03:00:00,177587.0
2024-08-31 04:00:00,177140.0
2024-08-31 05:00:00,179048.0
2024-08-31 06:00:00,185377.0
2024-08-31 07:00:00,187495.0
2024-08-31 08:00:00,188506.0
2024-08-31 09:00:00,195026.0
2024-08-31 10:00:00,197804.0
2024-08-31 11:00:00,197871.0
2024-08-31 12:00:00,197573.0
2024-08-31 13:00:00,194099.0
2024-08-31 14:00:00,196253.0
2024-08-31 15:00:00,197242.0
2024-08-31 16:00:00,193465.0
2024-08-31 17:00:00,191063.0
2024-08-31 18:00:00,196059.0
2024-08-31 19:00:00,205265.0
2024-08-31 20:00:00,203475.0
2024-08-31 21:00:00,201435.0
2024-08-31 22:00:00,199255.0
2024-08-31 23:00:00,196001.0
2024-09-01 00:00:00,191274.0
2024-09-01 01:00:00,185851.0
2024-09-01 02:00:00,181582.0
2024-09-01 03:00:00,178295.0
2024-09-01 04:00:00,176721.0
2024-09-01 05:00:00,176562.0
2024-09-01 06:00:00,175335.0
2024-09-01 07:00:00,175354.0
2024-09-01 08:00:00,176982.0
2024-09-01 09:00:00,181705.0
2024-09-01 10:00:00,183527.0
2024-09-01 11:00:00,185958.0
2024-09-01 12:00:00,185787.0
2024-09-01 13:00:00,182386.0
2024-09-01 14:00:00,181665.0
2024-09-01 15:00:00,179511.0
2024-09-01 16:00:00,175274.0
2024-09-01 17:00:00,174070.0
2024-09-01 18:00:00,183137.0
2024-09-01 19:00:00,194453.0
2024-09-01 20:00:00,193343.0
2024-09-01 21:00:00,194204.0
2024-09-01 22:00:00,192663.0
2024-09-01 23:00:00,188961.0
2024-09-02 00:00:00,183491.0
2024-09-02 01:00:00,178156.0
2024-09-02 02:00:00,173638.0
2024-09-02 03:00:00,172339.0
2024-09-02 04:00:00,171988.0
2024-09-02 05:00:00,173633.0
2024-09-02 06:00:00,180082.0
2024-09-02 07:00:00,182735.0
2024-09-02 08:00:00,187342.0
2024-09-02 09:00:00,196401.0
2024-09-02 10:00:00,201929.0
2024-09-02 11:00:00,200927.0
2024-09-02 12:00:00,199181.0
2024-09-02 13:00:00,195833.0
2024-09-02 14:00:00,198705.0
2024-09-02 15:00:00,198948.0
2024-09-02 16:00:00,195413.0
2024-09-02 17:00:00,193404.0
2024-09-02 18:00:00,198247.0
2024-09-02 19:00:00,204757.0
2024-09-02 20:00:00,202332.0
2024-09-02 21:00:00,201755.0
2024-09-02 22:00:00,200198.0
2024-09-02 23:00:00,195212.0
2024-09-03 00:00:00,190766.0
2024-09-03 01:00:00,185700.0
2024-09-03 02:00:00,181188.0
2024-09-03 03:00:00,178977.0
2024-09-03 04:00:00,178132.0
2024-09-03 05:00:00,179989.0
2024-09-03 06:00:00,185165.0
2024-09-03 07:00:00,188727.0
2024-09-03 08:00:00,191745.0
2024-09-03 09:00:00,198922.0
2024-09-03 10:00:00,203181.0
2024-09-03 11:00:00,203914.0
2024-09-03 12:00:00,201213.0
2024-09-03 13:00:00,195723.0
2024-09-03 14:00:00,196148.0
2024-09-03 15:00:00,193722.0
2024-09-03 16:00:00,189539.0
2024-09-03 17:00:00,188361.0
2024-09-03 18:00:00,194465.0
2024-09-03 19:00:00,205304.0
2024-09-03 20:00:00,195687.0
2024-09-03 21:00:00,199494.0
2024-09-03 22:00:00,197911.0
2024-09-03 23:00:00,193212.0
2024-09-04 00:00:00,186597.0
2024-09-04 01:00:00,180655.0
2024-09-04 02:00:00,176626.0
2024-09-04 03:00:00,173998.0
2024-09-04 04:00:00,173158.0
2024-09-04 05:00:00,174951.0
2024-09-04 06:00:00,180736.0
2024-09-04 07:00:00,183271.0
2024-09-04 08:00:00,184488.0
2024-09-04 09:00:00,190134.0
2024-09-04 10:00:00,194474.0
2024-09-04 11:00:00,194139.0
2024-09-04 12:00:00,192013.0
2024-09-04 13:00:00,185957.0
2024-09-04 14:00:00,187321.0
2024-09-04 15:00:00,188818.0
2024-09-04 16:00:00,188394.0
2024-09-04 17:00:00,186592.0
2024-09-04 18:00:00,192909.0
2024-09-04 19:00:00,204405.0
2024-09-04 20:00:00,200831.0
2024-09-04 21:00:00,198975.0
2024-09-04 22:00:00,196903.0
2024-09-04 23:00:00,192084.0
2024-09-05 00:00:00,185679.0
2024-09-05 01:00:00,179706.0
2024-09-05 02:00:00,175590.0
2024-09-05 03:00:00,172766.0
2024-09-05 04:00:00,171668.0
2024-09-05 05:00:00,173870.0
2024-09-05 06:00:00,180401.0
2024-09-05 07:00:00,183114.0
2024-09-05 08:00:00,186005.0
2024-09-05 09:00:00,192199.0
2024-09-05 10:00:00,195484.0
2024-09-05 11:00:00,196281.0
2024-09-05 12:00:00,194514.0
2024-09-05 13:00:00,191941.0
2024-09-05 14:00:00,195528.0
2024-09-05 15:00:00,196159.0
2024-09-05 16:00:00,193897.0
2024-09-05 17:00:00,193751.0
2024-09-05 18:00:00,196537.0
2024-09-05 19:00:00,207857.0
2024-09-05 20:00:00,203553.0
2024-09-05 21:00:00,201873.0
2024-09-05 22:00:00,200329.0
2024-09-05 23:00:00,196461.0
2024-09-06 00:00:00,190303.0
2024-09-06 01:00:00,184568.0
2024-09-06 02:00:00,180350.0
2024-09-06 03:00:00,177375.0
2024-09-06 04:00:00,176481.0
2024-09-06 05:00:00,178039.0
2024-09-06 06:00:00,184357.0
2024-09-06 07:00:00,187040.0
2024-09-06 08:00:00,190148.0
2024-09-06 09:00:00,197171.0
2024-09-06 10:00:00,200431.0
2024-09-06 11:00:00,199846.0
2024-09-06 12:00:00,198811.0
2024-09-06 13:00:00,195232.0
2024-09-06 14:00:00,196189.0
2024-09-06 15:00:00,196268.0
2024-09-06 16:00:00,192668.0
2024-09-06 17:00:00,189561.0
2024-09-06 18:00:00,195014.0
2024-09-06 19:00:00,206951.0
2024-09-06 20:00:00,202154.0
2024-09-06 21:00:00,201373.0
2024-09-06 22:00:00,200217.0
2024-09-06 23:00:00,195320.0
2024-09-07 00:00:00,189519.0
2024-09-07 01:00:00,184012.0
2024-09-07 02:00:00,179546.0
2024-09-07 03:00:00,177137.0
2024-09-07 04:00:00,176904.0
2024-09-07 05:00:00,178532.0
2024-09-07 06:00:00,182012.0
2024-09-07 07:00:00,182815.0
2024-09-07 08:00:00,186502.0
2024-09-07 09:00:00,193419.0
2024-09-07 10:00:00,196290.0
2024-09-07 11:00:00,196451.0
2024-09-07 12:00:00,195444.0
2024-09-07 13:00:00,191358.0
2024-09-07 14:00:00,193818.0
2024-09-07 15:00:00,191739.0
2024-09-07 16:00:00,186978.0
2024-09-07 17:00:00,182002.0
2024-09-07 18:00:00,190454.0
2024-09-07 19:00:00,199708.0
2024-09-07 20:00:00,196559.0
2024-09-07 21:00:00,195926.0
2024-09-07 22:00:00,195315.0
2024-09-07 23:00:00,192053.0
2024-09-08 00:00:00,187193.0
2024-09-08 01:00:00,181965.0
2024-09-08 02:00:00,178131.0
2024-09-08 03:00:00,175867.0
2024-09-08 04:00:00,174538.0
2024-09-08 05:00:00,174611.0
2024-09-08 06:00:00,176460.0
2024-09-08 07:00:00,177947.0
2024-09-08 08:00:00,180758.0
2024-09-08 09:00:00,185379.0
2024-09-08 10:00:00,188081.0
2024-09-08 11:00:00,189808.0
2024-09-08 12:00:00,189371.0
2024-09-08 13:00:00,186136.0
2024-09-08 14:00:00,185193.0
2024-09-08 15:00:00,182287.0
2024-09-08 16:00:00,178286.0
2024-09-08 17:00:00,174878.0
2024-09-08 18:00:00,182296.0
2024-09-08 19:00:00,196421.0
2024-09-08 20:00:00,194179.0
2024-09-08 21:00:00,193142.0
2024-09-08 22:00:00,193290.0
2024-09-08 23:00:00,189904.0
2024-09-09 00:00:00,185312.0
2024-09-09 01:00:00,180049.0
2024-09-09 02:00:00,176466.0
2024-09-09 03:00:00,173623.0
2024-09-09 04:00:00,173414.0
2024-09-09 05:00:00,175547.0
2024-09-09 06:00:00,183013.0
2024-09-09 07:00:00,187750.0
2024-09-09 08:00:00,190358.0
2024-09-09 09:00:00,198657.0
2024-09-09 10:00:00,203691.0
2024-09-09 11:00:00,205473.0
2024-09-09 12:00:00,204067.0
2024-09-09 13:00:00,199828.0
2024-09-09 14:00:00,202908.0
2024-09-09 15:00:00,201478.0
2024-09-09 16:00:00,197992.0
2024-09-09 17:00:00,194296.0
2024-09-09 18:00:00,201630.0
2024-09-09 19:00:00,209531.0
2024-09-09 20:00:00,204758.0
2024-09-09 21:00:00,203207.0
2024-09-09 22:00:00,203201.0
2024-09-09 23:00:00,198878.0
2024-09-10 00:00:00,193117.0
2024-09-10 01:00:00,187372.0
2024-09-10 02:00:00,183277.0
2024-09-10 03:00:00,180301.0
2024-09-10 04:00:00,179964.0
2024-09-10 05:00:00,181133.0
2024-09-10 06:00:00,186502.0
2024-09-10 07:00:00,189493.0
2024-09-10 08:00:00,191868.0
2024-09-10 09:00:00,199082.0
2024-09-10 10:00:00,202489.0
2024-09-10 11:00:00,202920.0
2024-09-10 12:00:00,200165.0
2024-09-10 13:00:00,195432.0
2024-09-10 14:00:00,198886.0
2024-09-10 15:00:00,199101.0
2024-09-10 16:00:00,195386.0
2024-09-10 17:00:00,193277.0
2024-09-10 18:00:00,201312.0
2024-09-10 19:00:00,209242.0
2024-09-10 20:00:00,204860.0
2024-09-10 21:00:00,203619.0
2024-09-10 22:00:00,202257.0
2024-09-10 23:00:00,197482.0
2024-09-11 00:00:00,191829.0
2024-09-11 01:00:00,185556.0
2024-09-11 02:00:00,180652.0
2024-09-11 03:00:00,177680.0
2024-09-11 04:00:00,176363.0
2024-09-11 05:00:00,177625.0
2024-09-11 06:00:00,184898.0
2024-09-11 07:00:00,187701.0
2024-09-11 08:00:00,189748.0
2024-09-11 09:00:00,196384.0
2024-09-11 10:00:00,199460.0
2024-09-11 11:00:00,199462.0
2024-09-11 12:00:00,198563.0
2024-09-11 13:00:00,194605.0
2024-09-11 14:00:00,199542.0
2024-09-11 15:00:00,199601.0
2024-09-11 16:00:00,196092.0
2024-09-11 17:00:00,193448.0
2024-09-11 18:00:00,198406.0
2024-09-11 19:00:00,205737.0
2024-09-11 20:00:00,200838.0
2024-09-11 21:00:00,200644.0
2024-09-11 22:00:00,199147.0
2024-09-11 23:00:00,195101.0
2024-09-12 00:00:00,188925.0
2024-09-12 01:00:00,183296.0
2024-09-12 02:00:00,178373.0
2024-09-12 03:00:00,175001.0
2024-09-12 04:00:00,173958.0
2024-09-12 05:00:00,176994.0
2024-09-12 06:00:00,184219.0
2024-09-12 07:00:00,188807.0
2024-09-12 08:00:00,190129.0
2024-09-12 09:00:00,196603.0
2024-09-12 10:00:00,199347.0
2024-09-12 11:00:00,200607.0
2024-09-12 12:00:00,198804.0
2024-09-12 13:00:00,195326.0
2024-09-12 14:00:00,199491.0
2024-09-12 15:00:00,199264.0
2024-09-12 16:00:00,196047.0
2024-09-12 17:00:00,192378.0
2024-09-12 18:00:00,197522.0
2024-09-12 19:00:00,203554.0
2024-09-12 20:00:00,198203.0
2024-09-12 21:00:00,197455.0
2024-09-12 22:00:00,195562.0
2024-09-12 23:00:00,192261.0
2024-09-13 00:00:00,186680.0
2024-09-13 01:00:00,181255.0
2024-09-13 02:00:00,177361.0
2024-09-13 03:00:00,175209.0
2024-09-13 04:00:00,174583.0
2024-09-13 05:00:00,176594.0
2024-09-13 06:00:00,183761.0
2024-09-13 07:00:00,188627.0
2024-09-13 08:00:00,189792.0
2024-09-13 09:00:00,198468.0
2024-09-13 10:00:00,201727.0
2024-09-13 11:00:00,202470.0
2024-09-13 12:00:00,201165.0
2024-09-13 13:00:00,197262.0
2024-09-13 14:00:00,199975.0
2024-09-13 15:00:00,198770.0
2024-09-13 16:00:00,196061.0
2024-09-13 17:00:00,189947.0
2024-09-13 18:00:00,194192.0
2024-09-13 19:00:00,202460.0
2024-09-13 20:00:00,197204.0
2024-09-13 21:00:00,195100.0
2024-09-13 22:00:00,194684.0
2024-09-13 23:00:00,191610.0
2024-09-14 00:00:00,186822.0
2024-09-14 01:00:00,181971.0
2024-09-14 02:00:00,177571.0
2024-09-14 03:00:00,174925.0
2024-09-14 04:00:00,174702.0
2024-09-14 05:00:00,174828.0
2024-09-14 06:00:00,181054.0
2024-09-14 07:00:00,185053.0
2024-09-14 08:00:00,188534.0
2024-09-14 09:00:00,195274.0
2024-09-14 10:00:00,198061.0
2024-09-14 11:00:00,199562.0
2024-09-14 12:00:00,200014.0
2024-09-14 13:00:00,196826.0
2024-09-14 14:00:00,199326.0
2024-09-14 15:00:00,200391.0
2024-09-14 16:00:00,197121.0
2024-09-14 17:00:00,192443.0
2024-09-14 18:00:00,194429.0
2024-09-14 19:00:00,203794.0
2024-09-14 20:00:00,198290.0
2024-09-14 21:00:00,197008.0
2024-09-14 22:00:00,195607.0
2024-09-14 23:00:00,192785.0
2024-09-15 00:00:00,188883.0
2024-09-15 01:00:00,183666.0
2024-09-15 02:00:00,178994.0
2024-09-15 03:00:00,176218.0
2024-09-15 04:00:00,175376.0
2024-09-15 05:00:00,175444.0
2024-09-15 06:00:00,178046.0
2024-09-15 07:00:00,181301.0
2024-09-15 08:00:00,185530.0
2024-09-15 09:00:00,192475.0
2024-09-15 10:00:00,193781.0
2024-09-15 11:00:00,194286.0
2024-09-15 12:00:00,193870.0
2024-09-15 13:00:00,191425.0
2024-09-15 14:00:00,191009.0
2024-09-15 15:00:00,191017.0
2024-09-15 16:00:00,186539.0
2024-09-15 17:00:00,180025.0
2024-09-15 18:00:00,183312.0
2024-09-15 19:00:00,193235.0
2024-09-15 20:00:00,189783.0
2024-09-15 21:00:00,190091.0
2024-09-15 22:00:00,190133.0
2024-09-15 23:00:00,188054.0
2024-09-16 00:00:00,184200.0
2024-09-16 01:00:00,179761.0
2024-09-16 02:00:00,175910.0
2024-09-16 03:00:00,173092.0
2024-09-16 04:00:00,172962.0
2024-09-16 05:00:00,174547.0
2024-09-16 06:00:00,179939.0
2024-09-16 07:00:00,185208.0
2024-09-16 08:00:00,191770.0
2024-09-16 09:00:00,203112.0
2024-09-16 10:00:00,206872.0
2024-09-16 11:00:00,207345.0
2024-09-16 12:00:00,206844.0
2024-09-16 13:00:00,202119.0
2024-09-16 14:00:00,204054.0
2024-09-16 15:00:00,205305.0
2024-09-16 16:00:00,202051.0
2024-09-16 17:00:00,195860.0
2024-09-16 18:00:00,196068.0
2024-09-16 19:00:00,204500.0
2024-09-16 20:00:00,200791.0
2024-09-16 21:00:00,198563.0
2024-09-16 22:00:00,198755.0
2024-09-16 23:00:00,197181.0
2024-09-17 00:00:00,193206.0
2024-09-17 01:00:00,188248.0
2024-09-17 02:00:00,183704.0
2024-09-17 03:00:00,181291.0
2024-09-17 04:00:00,180418.0
2024-09-17 05:00:00,181974.0
2024-09-17 06:00:00,186043.0
2024-09-17 07:00:00,189725.0
2024-09-17 08:00:00,192303.0
2024-09-17 09:00:00,201275.0
2024-09-17 10:00:00,204241.0
2024-09-17 11:00:00,205876.0
2024-09-17 12:00:00,203682.0
2024-09-17 13:00:00,201132.0
2024-09-17 14:00:00,203888.0
2024-09-17 15:00:00,203017.0
2024-09-17 16:00:00,199033.0
2024-09-17 17:00:00,189771.0
2024-09-17 18:00:00,190544.0
2024-09-17 19:00:00,197445.0
2024-09-17 20:00:00,194187.0
2024-09-17 21:00:00,193702.0
2024-09-17 22:00:00,192654.0
2024-09-17 23:00:00,189451.0
2024-09-18 00:00:00,185589.0
2024-09-18 01:00:00,181157.0
2024-09-18 02:00:00,177288.0
2024-09-18 03:00:00,174988.0
2024-09-18 04:00:00,175159.0
2024-09-18 05:00:00,178089.0
2024-09-18 06:00:00,185508.0
2024-09-18 07:00:00,192566.0
2024-09-18 08:00:00,197109.0
2024-09-18 09:00:00,206774.0
2024-09-18 10:00:00,211361.0
2024-09-18 11:00:00,211913.0
2024-09-18 12:00:00,210510.0
2024-09-18 13:00:00,206813.0
2024-09-18 14:00:00,210833.0
2024-09-18 15:00:00,210501.0
2024-09-18 16:00:00,210501.0
2024-09-18 17:00:00,197917.0
2024-09-18 18:00:00,199347.0
2024-09-18 19:00:00,202992.0
2024-09-18 20:00:00,200127.0
2024-09-18 21:00:00,199036.0
2024-09-18 22:00:00,199663.0
2024-09-18 23:00:00,196993.0
2024-09-19 00:00:00,193467.0
2024-09-19 01:00:00,189244.0
2024-09-19 02:00:00,185260.0
2024-09-19 03:00:00,182913.0
2024-09-19 04:00:00,183245.0
2024-09-19 05:00:00,187384.0
2024-09-19 06:00:00,193488.0
2024-09-19 07:00:00,198214.0
2024-09-19 08:00:00,202293.0
2024-09-19 09:00:00,211009.0
2024-09-19 10:00:00,215144.0
2024-09-19 11:00:00,214039.0
2024-09-19 12:00:00,213915.0
2024-09-19 13:00:00,210251.0
2024-09-19 14:00:00,213986.0
2024-09-19 15:00:00,215637.0
2024-09-19 16:00:00,211429.0
2024-09-19 17:00:00,204252.0
2024-09-19 18:00:00,205316.0
2024-09-19 19:00:00,208875.0
2024-09-19 20:00:00,206615.0
2024-09-19 21:00:00,207124.0
2024-09-19 22:00:00,206267.0
2024-09-19 23:00:00,203542.0
2024-09-20 00:00:00,200501.0
2024-09-20 01:00:00,196631.0
2024-09-20 02:00:00,191832.0
2024-09-20 03:00:00,190032.0
2024-09-20 04:00:00,190157.0
2024-09-20 05:00:00,193647.0
2024-09-20 06:00:00,198891.0
2024-09-20 07:00:00,202667.0
2024-09-20 08:00:00,208223.0
2024-09-20 09:00:00,218243.0
2024-09-20 10:00:00,224167.0
2024-09-20 11:00:00,225182.0
2024-09-20 12:00:00,224316.0
2024-09-20 13:00:00,220616.0
2024-09-20 14:00:00,224802.0
2024-09-20 15:00:00,224041.0
2024-09-20 16:00:00,215349.0
2024-09-20 17:00:00,208089.0
2024-09-20 18:00:00,209335.0
2024-09-20 19:00:00,213673.0
2024-09-20 20:00:00,212678.0
2024-09-20 21:00:00,211069.0
2024-09-20 22:00:00,212101.0
2024-09-20 23:00:00,209049.0
2024-09-21 00:00:00,204653.0
2024-09-21 01:00:00,200938.0
2024-09-21 02:00:00,195852.0
2024-09-21 03:00:00,194020.0
2024-09-21 04:00:00,193692.0
2024-09-21 05:00:00,196670.0
2024-09-21 06:00:00,200419.0
2024-09-21 07:00:00,202485.0
2024-09-21 08:00:00,205856.0
2024-09-21 09:00:00,214296.0
2024-09-21 10:00:00,218102.0
2024-09-21 11:00:00,219301.0
2024-09-21 12:00:00,218166.0
2024-09-21 13:00:00,217708.0
2024-09-21 14:00:00,220654.0
2024-09-21 15:00:00,222064.0
2024-09-21 16:00:00,214930.0
2024-09-21 17:00:00,209163.0
2024-09-21 18:00:00,210848.0
2024-09-21 19:00:00,212556.0
2024-09-21 20:00:00,211039.0
2024-09-21 21:00:00,211422.0
2024-09-21 22:00:00,212443.0
2024-09-21 23:00:00,208424.0
2024-09-22 00:00:00,205104.0
2024-09-22 01:00:00,200652.0
2024-09-22 02:00:00,195963.0
2024-09-22 03:00:00,193514.0
2024-09-22 04:00:00,193497.0
2024-09-22 05:00:00,193971.0
2024-09-22 06:00:00,194186.0
2024-09-22 07:00:00,195362.0
2024-09-22 08:00:00,198568.0
2024-09-22 09:00:00,208037.0
2024-09-22 10:00:00,210969.0
2024-09-22 11:00:00,213517.0
2024-09-22 12:00:00,213854.0
2024-09-22 13:00:00,211677.0
2024-09-22 14:00:00,214214.0
2024-09-22 15:00:00,212608.0
2024-09-22 16:00:00,205112.0
2024-09-22 17:00:00,197011.0
2024-09-22 18:00:00,201728.0
2024-09-22 19:00:00,207315.0
2024-09-22 20:00:00,205892.0
2024-09-22 21:00:00,206714.0
2024-09-22 22:00:00,208584.0
2024-09-22 23:00:00,206307.0
2024-09-23 00:00:00,202346.0
2024-09-23 01:00:00,198006.0
2024-09-23 02:00:00,194171.0
2024-09-23 03:00:00,191972.0
2024-09-23 04:00:00,192133.0
2024-09-23 05:00:00,195947.0
2024-09-23 06:00:00,200345.0
2024-09-23 07:00:00,204001.0
2024-09-23 08:00:00,209198.0
2024-09-23 09:00:00,221415.0
2024-09-23 10:00:00,226458.0
2024-09-23 11:00:00,228496.0
2024-09-23 12:00:00,228812.0
2024-09-23 13:00:00,226008.0
2024-09-23 14:00:00,229704.0
2024-09-23 15:00:00,226356.0
2024-09-23 16:00:00,221133.0
2024-09-23 17:00:00,211591.0
2024-09-23 18:00:00,214092.0
2024-09-23 19:00:00,216062.0
2024-09-23 20:00:00,213592.0
2024-09-23 21:00:00,212592.0
2024-09-23 22:00:00,212880.0
2024-09-23 23:00:00,209820.0
2024-09-24 00:00:00,204938.0
2024-09-24 01:00:00,200658.0
2024-09-24 02:00:00,197518.0
2024-09-24 03:00:00,195436.0
2024-09-24 04:00:00,195684.0
2024-09-24 05:00:00,198389.0
2024-09-24 06:00:00,201869.0
2024-09-24 07:00:00,204857.0
2024-09-24 08:00:00,209209.0
2024-09-24 09:00:00,217496.0
2024-09-24 10:00:00,223158.0
2024-09-24 11:00:00,224670.0
2024-09-24 12:00:00,224545.0
2024-09-24 13:00:00,221885.0
2024-09-24 14:00:00,224615.0
2024-09-24 15:00:00,222421.0
2024-09-24 16:00:00,215946.0
2024-09-24 17:00:00,210623.0
2024-09-24 18:00:00,215315.0
2024-09-24 19:00:00,217841.0
2024-09-24 20:00:00,214981.0
2024-09-24 21:00:00,215272.0
2024-09-24 22:00:00,214400.0
2024-09-24 23:00:00,210815.0
2024-09-25 00:00:00,205824.0
2024-09-25 01:00:00,201818.0
2024-09-25 02:00:00,198159.0
2024-09-25 03:00:00,195220.0
2024-09-25 04:00:00,194754.0
2024-09-25 05:00:00,196477.0
2024-09-25 06:00:00,200723.0
2024-09-25 07:00:00,203506.0
2024-09-25 08:00:00,205347.0
2024-09-25 09:00:00,213517.0
2024-09-25 10:00:00,216867.0
2024-09-25 11:00:00,215248.0
2024-09-25 12:00:00,215604.0
2024-09-25 13:00:00,211286.0
2024-09-25 14:00:00,213240.0
2024-09-25 15:00:00,211997.0
2024-09-25 16:00:00,207808.0
2024-09-25 17:00:00,205185.0
2024-09-25 18:00:00,211546.0
2024-09-25 19:00:00,212098.0
2024-09-25 20:00:00,208956.0
2024-09-25 21:00:00,206828.0
2024-09-25 22:00:00,205701.0
2024-09-25 23:00:00,201224.0
2024-09-26 00:00:00,196470.0
2024-09-26 01:00:00,192218.0
2024-09-26 02:00:00,188084.0
2024-09-26 03:00:00,185357.0
2024-09-26 04:00:00,184833.0
2024-09-26 05:00:00,186773.0
2024-09-26 06:00:00,191601.0
2024-09-26 07:00:00,194148.0
2024-09-26 08:00:00,196691.0
2024-09-26 09:00:00,202887.0
2024-09-26 10:00:00,205249.0
2024-09-26 11:00:00,205373.0
2024-09-26 12:00:00,202541.0
2024-09-26 13:00:00,196945.0
2024-09-26 14:00:00,199949.0
2024-09-26 15:00:00,198764.0
2024-09-26 16:00:00,196087.0
2024-09-26 17:00:00,195776.0
2024-09-26 18:00:00,203359.0
2024-09-26 19:00:00,206962.0
2024-09-26 20:00:00,201857.0
2024-09-26 21:00:00,199859.0
2024-09-26 22:00:00,197274.0
2024-09-26 23:00:00,192031.0
2024-09-27 00:00:00,185992.0
2024-09-27 01:00:00,180825.0
2024-09-27 02:00:00,176360.0
2024-09-27 03:00:00,173088.0
2024-09-27 04:00:00,173113.0
2024-09-27 05:00:00,177143.0
2024-09-27 06:00:00,184458.0
2024-09-27 07:00:00,189848.0
2024-09-27 08:00:00,191611.0
2024-09-27 09:00:00,197704.0
2024-09-27 10:00:00,200176.0
2024-09-27 11:00:00,199949.0
2024-09-27 12:00:00,198454.0
2024-09-27 13:00:00,193036.0
2024-09-27 14:00:00,194678.0
2024-09-27 15:00:00,194486.0
2024-09-27 16:00:00,192018.0
2024-09-27 17:00:00,191174.0
2024-09-27 18:00:00,199182.0
2024-09-27 19:00:00,202626.0
2024-09-27 20:00:00,196273.0
2024-09-27 21:00:00,193510.0
2024-09-27 22:00:00,189842.0
2024-09-27 23:00:00,185722.0
2024-09-28 00:00:00,180848.0
2024-09-28 01:00:00,175643.0
2024-09-28 02:00:00,171630.0
2024-09-28 03:00:00,168868.0
2024-09-28 04:00:00,169431.0
2024-09-28 05:00:00,173117.0
2024-09-28 06:00:00,180711.0
2024-09-28 07:00:00,184641.0
2024-09-28 08:00:00,185742.0
2024-09-28 09:00:00,192709.0
2024-09-28 10:00:00,195220.0
2024-09-28 11:00:00,195190.0
2024-09-28 12:00:00,194086.0
2024-09-28 13:00:00,189539.0
2024-09-28 14:00:00,193114.0
2024-09-28 15:00:00,194710.0
2024-09-28 16:00:00,191974.0
2024-09-28 17:00:00,189562.0
2024-09-28 18:00:00,198238.0
2024-09-28 19:00:00,201507.0
2024-09-28 20:00:00,195163.0
2024-09-28 21:00:00,193613.0
2024-09-28 22:00:00,191832.0
2024-09-28 23:00:00,188664.0
2024-09-29 00:00:00,183747.0
2024-09-29 01:00:00,178961.0
2024-09-29 02:00:00,174719.0
2024-09-29 03:00:00,172101.0
2024-09-29 04:00:00,172203.0
2024-09-29 05:00:00,174884.0
2024-09-29 06:00:00,178143.0
2024-09-29 07:00:00,180138.0
2024-09-29 08:00:00,181730.0
2024-09-29 09:00:00,186907.0
2024-09-29 10:00:00,188875.0
2024-09-29 11:00:00,189775.0
2024-09-29 12:00:00,189926.0
2024-09-29 13:00:00,187667.0
2024-09-29 14:00:00,189075.0
2024-09-29 15:00:00,189778.0
2024-09-29 16:00:00,186712.0
2024-09-29 17:00:00,182690.0
2024-09-29 18:00:00,191633.0
2024-09-29 19:00:00,198635.0
2024-09-29 20:00:00,196125.0
2024-09-29 21:00:00,195604.0
2024-09-29 22:00:00,194948.0
2024-09-29 23:00:00,191678.0
2024-09-30 00:00:00,187943.0
2024-09-30 01:00:00,182217.0
2024-09-30 02:00:00,178680.0
2024-09-30 03:00:00,176032.0
2024-09-30 04:00:00,176005.0
2024-09-30 05:00:00,178953.0
2024-09-30 06:00:00,187269.0
2024-09-30 07:00:00,191857.0
2024-09-30 08:00:00,194156.0
2024-09-30 09:00:00,202936.0
2024-09-30 10:00:00,206437.0
2024-09-30 11:00:00,203132.0
2024-09-30 12:00:00,208249.0
2024-09-30 13:00:00,203658.0
2024-09-30 14:00:00,207958.0
2024-09-30 15:00:00,210382.0
2024-09-30 16:00:00,207384.0
2024-09-30 17:00:00,202304.0
2024-09-30 18:00:00,209647.0
2024-09-30 19:00:00,211782.0
2024-09-30 20:00:00,209484.0
2024-09-30 21:00:00,208428.0
2024-09-30 22:00:00,208117.0
2024-09-30 23:00:00,203947.0
2024-10-01 00:00:00,198107.98
2024-10-01 01:00:00,193854.36
2024-10-01 02:00:00,189607.51
2024-10-01 03:00:00,185949.79
2024-10-01 04:00:00,185699.51
2024-10-01 05:00:00,188369.2
2024-10-01 06:00:00,194523.6
2024-10-01 07:00:00,196046.22
2024-10-01 08:00:00,196214.06
2024-10-01 09:00:00,204345.86
2024-10-01 10:00:00,209031.11
2024-10-01 11:00:00,210019.43
2024-10-01 12:00:00,209824.24
2024-10-01 13:00:00,207477.84
2024-10-01 14:00:00,213554.94
2024-10-01 15:00:00,215466.96
2024-10-01 16:00:00,212324.39
2024-10-01 17:00:00,205210.57
2024-10-01 18:00:00,212458.31
2024-10-01 19:00:00,215730.33
2024-10-01 20:00:00,213255.29
2024-10-01 21:00:00,211362.34
2024-10-01 22:00:00,210550.71
2024-10-01 23:00:00,207127.77
2024-10-02 00:00:00,202892.29
2024-10-02 01:00:00,197687.68
2024-10-02 02:00:00,193376.99
2024-10-02 03:00:00,190520.1
2024-10-02 04:00:00,189795.67
2024-10-02 05:00:00,191410.3
2024-10-02 06:00:00,192892.49
2024-10-02 07:00:00,190635.58
2024-10-02 08:00:00,193480.05
2024-10-02 09:00:00,199898.2
2024-10-02 10:00:00,202098.85
2024-10-02 11:00:00,202782.18
2024-10-02 12:00:00,202727.32
2024-10-02 13:00:00,199928.63
2024-10-02 14:00:00,202841.09
2024-10-02 15:00:00,202217.97
2024-10-02 16:00:00,196983.29
2024-10-02 17:00:00,191975.59
2024-10-02 18:00:00,200209.73
2024-10-02 19:00:00,205964.92
2024-10-02 20:00:00,204315.95
2024-10-02 21:00:00,203949.47
2024-10-02 22:00:00,204569.75
2024-10-02 23:00:00,202011.11
2024-10-03 00:00:00,196220.88
2024-10-03 01:00:00,190597.29
2024-10-03 02:00:00,185845.33
2024-10-03 03:00:00,182878.24
2024-10-03 04:00:00,182775.21
2024-10-03 05:00:00,186422.47
2024-10-03 06:00:00,192739.66
2024-10-03 07:00:00,195511.1
2024-10-03 08:00:00,199016.39
2024-10-03 09:00:00,206267.31
2024-10-03 10:00:00,211250.71
2024-10-03 11:00:00,213376.47
2024-10-03 12:00:00,213723.37
2024-10-03 13:00:00,210716.3
2024-10-03 14:00:00,217270.07
2024-10-03 15:00:00,216754.87
2024-10-03 16:00:00,213024.17
2024-10-03 17:00:00,206396.52
2024-10-03 18:00:00,212199.86
2024-10-03 19:00:00,217128.93
2024-10-03 20:00:00,212488.15
2024-10-03 21:00:00,210840.28
2024-10-03 22:00:00,210335.24
2024-10-03 23:00:00,207711.63
2024-10-04 00:00:00,203156.96
2024-10-04 01:00:00,197209.5
2024-10-04 02:00:00,191725.37
2024-10-04 03:00:00,189162.24
2024-10-04 04:00:00,188617.73
2024-10-04 05:00:00,191496.72
2024-10-04 06:00:00,196904.32
2024-10-04 07:00:00,198966.74
2024-10-04 08:00:00,202304.85
2024-10-04 09:00:00,210691.91
2024-10-04 10:00:00,215324.65
2024-10-04 11:00:00,216093.96
2024-10-04 12:00:00,216044.4
2024-10-04 13:00:00,212110.01
2024-10-04 14:00:00,217466.51
2024-10-04 15:00:00,217334.78
2024-10-04 16:00:00,212720.54
2024-10-04 17:00:00,207651.52
2024-10-04 18:00:00,214283.17
2024-10-04 19:00:00,217145.62
2024-10-04 20:00:00,211721.72
2024-10-04 21:00:00,210330.71
2024-10-04 22:00:00,208980.18
2024-10-04 23:00:00,206374.04
2024-10-05 00:00:00,201222.08
2024-10-05 01:00:00,195654.84
2024-10-05 02:00:00,191047.24
2024-10-05 03:00:00,187879.52
2024-10-05 04:00:00,187003.34
2024-10-05 05:00:00,189224.02
2024-10-05 06:00:00,193824.23
2024-10-05 07:00:00,194554.57
2024-10-05 08:00:00,196671.45
2024-10-05 09:00:00,205257.1
2024-10-05 10:00:00,209959.0
2024-10-05 11:00:00,210372.16
2024-10-05 12:00:00,210052.05
2024-10-05 13:00:00,207248.64
2024-10-05 14:00:00,211398.28
2024-10-05 15:00:00,213011.03
2024-10-05 16:00:00,209311.09
2024-10-05 17:00:00,203983.41
2024-10-05 18:00:00,208569.78
2024-10-05 19:00:00,212571.55
2024-10-05 20:00:00,206968.58
2024-10-05 21:00:00,205393.85
2024-10-05 22:00:00,204682.79
2024-10-05 23:00:00,201361.09
2024-10-06 00:00:00,196275.86
2024-10-06 01:00:00,188727.92
2024-10-06 02:00:00,181948.09
2024-10-06 03:00:00,178416.95
2024-10-06 04:00:00,177452.57
2024-10-06 05:00:00,178533.77
2024-10-06 06:00:00,180889.27
2024-10-06 07:00:00,181157.75
2024-10-06 08:00:00,183872.64
2024-10-06 09:00:00,190725.55
2024-10-06 10:00:00,194544.52
2024-10-06 11:00:00,196136.59
2024-10-06 12:00:00,196000.08
2024-10-06 13:00:00,193872.71
2024-10-06 14:00:00,193769.09
2024-10-06 15:00:00,191795.28
2024-10-06 16:00:00,187854.95
2024-10-06 17:00:00,184441.86
2024-10-06 18:00:00,197608.5
2024-10-06 19:00:00,201905.58
2024-10-06 20:00:00,198510.29
2024-10-06 21:00:00,198075.9
2024-10-06 22:00:00,196886.07
2024-10-06 23:00:00,194570.33
2024-10-07 00:00:00,190380.0
2024-10-07 01:00:00,185400.96
2024-10-07 02:00:00,180771.45
2024-10-07 03:00:00,178168.37
2024-10-07 04:00:00,178796.48
2024-10-07 05:00:00,182857.79
2024-10-07 06:00:00,188877.5
2024-10-07 07:00:00,191746.56
2024-10-07 08:00:00,194372.57
2024-10-07 09:00:00,205397.37
2024-10-07 10:00:00,209096.87
2024-10-07 11:00:00,209442.45
2024-10-07 12:00:00,209413.41
2024-10-07 13:00:00,205843.45
2024-10-07 14:00:00,210775.86
2024-10-07 15:00:00,209744.98
2024-10-07 16:00:00,206428.57
2024-10-07 17:00:00,202660.84
2024-10-07 18:00:00,211693.53
2024-10-07 19:00:00,213077.77
2024-10-07 20:00:00,207006.41
2024-10-07 21:00:00,204456.68
2024-10-07 22:00:00,203314.91
2024-10-07 23:00:00,201497.29
2024-10-08 00:00:00,196621.96
2024-10-08 01:00:00,192241.65
2024-10-08 02:00:00,187397.0
2024-10-08 03:00:00,184879.75
2024-10-08 04:00:00,184772.18
2024-10-08 05:00:00,188053.1
2024-10-08 06:00:00,193702.38
2024-10-08 07:00:00,195944.68
2024-10-08 08:00:00,200306.65
2024-10-08 09:00:00,208879.8
2024-10-08 10:00:00,213957.5
2024-10-08 11:00:00,214743.97
2024-10-08 12:00:00,213588.01
2024-10-08 13:00:00,209751.05
2024-10-08 14:00:00,214055.36
2024-10-08 15:00:00,211768.66
2024-10-08 16:00:00,208208.28
2024-10-08 17:00:00,203847.48
2024-10-08 18:00:00,211548.82
2024-10-08 19:00:00,212385.32
2024-10-08 20:00:00,207564.06
2024-10-08 21:00:00,205693.54
2024-10-08 22:00:00,205163.88
2024-10-08 23:00:00,202808.75
2024-10-09 00:00:00,197362.1
2024-10-09 01:00:00,192586.8
2024-10-09 02:00:00,188499.49
2024-10-09 03:00:00,184914.86
2024-10-09 04:00:00,184665.18
2024-10-09 05:00:00,187517.84
2024-10-09 06:00:00,193711.09
2024-10-09 07:00:00,196148.98
2024-10-09 08:00:00,199257.07
2024-10-09 09:00:00,210145.14
2024-10-09 10:00:00,214983.69
2024-10-09 11:00:00,215314.98
2024-10-09 12:00:00,214493.86
2024-10-09 13:00:00,208370.4
2024-10-09 14:00:00,210606.69
2024-10-09 15:00:00,209529.34
2024-10-09 16:00:00,204957.89
2024-10-09 17:00:00,200057.29
2024-10-09 18:00:00,208467.06
2024-10-09 19:00:00,208918.96
2024-10-09 20:00:00,203688.15
2024-10-09 21:00:00,201011.04
2024-10-09 22:00:00,199627.02
2024-10-09 23:00:00,196433.03
2024-10-10 00:00:00,191962.62
2024-10-10 01:00:00,187112.31
2024-10-10 02:00:00,182879.98
2024-10-10 03:00:00,180019.29
2024-10-10 04:00:00,179639.21
2024-10-10 05:00:00,183482.42
2024-10-10 06:00:00,188926.55
2024-10-10 07:00:00,192373.86
2024-10-10 08:00:00,196264.34
2024-10-10 09:00:00,205050.34
2024-10-10 10:00:00,210272.75
2024-10-10 11:00:00,209416.61
2024-10-10 12:00:00,208534.96
2024-10-10 13:00:00,202617.97
2024-10-10 14:00:00,205715.21
2024-10-10 15:00:00,203085.7
2024-10-10 16:00:00,198734.52
2024-10-10 17:00:00,196543.87
2024-10-10 18:00:00,205084.57
2024-10-10 19:00:00,205462.57
2024-10-10 20:00:00,197560.52
2024-10-10 21:00:00,194226.75
2024-10-10 22:00:00,192131.8
2024-10-10 23:00:00,189359.8
2024-10-11 00:00:00,185116.07
2024-10-11 01:00:00,180642.09
2024-10-11 02:00:00,176986.64
2024-10-11 03:00:00,174713.72
2024-10-11 04:00:00,174961.05
2024-10-11 05:00:00,178191.61
2024-10-11 06:00:00,181415.1
2024-10-11 07:00:00,184907.66
2024-10-11 08:00:00,188555.63
2024-10-11 09:00:00,197216.03
2024-10-11 10:00:00,200725.47
2024-10-11 11:00:00,201734.21
2024-10-11 12:00:00,200273.85
2024-10-11 13:00:00,194504.04
2024-10-11 14:00:00,195650.52
2024-10-11 15:00:00,194717.26
2024-10-11 16:00:00,190332.62
2024-10-11 17:00:00,188582.34
2024-10-11 18:00:00,200144.65
2024-10-11 19:00:00,196768.56
2024-10-11 20:00:00,189706.56
2024-10-11 21:00:00,186255.19
2024-10-11 22:00:00,184492.39
2024-10-11 23:00:00,181793.01
2024-10-12 00:00:00,178429.76
2024-10-12 01:00:00,174645.09
2024-10-12 02:00:00,171251.85
2024-10-12 03:00:00,168956.71
2024-10-12 04:00:00,169181.91
2024-10-12 05:00:00,172279.2
2024-10-12 06:00:00,175137.92
2024-10-12 07:00:00,177203.3
2024-10-12 08:00:00,179929.11
2024-10-12 09:00:00,185380.35
2024-10-12 10:00:00,185734.68
2024-10-12 11:00:00,184169.4
2024-10-12 12:00:00,183299.88
2024-10-12 13:00:00,178951.89
2024-10-12 14:00:00,178990.85
2024-10-12 15:00:00,177594.93
2024-10-12 16:00:00,173178.23
2024-10-12 17:00:00,170477.02
2024-10-12 18:00:00,180841.07
2024-10-12 19:00:00,178187.22
2024-10-12 20:00:00,173576.94
2024-10-12 21:00:00,172145.49
2024-10-12 22:00:00,172032.62
2024-10-12 23:00:00,170627.91
2024-10-13 00:00:00,167487.82
2024-10-13 01:00:00,163780.85
2024-10-13 02:00:00,160099.06
2024-10-13 03:00:00,157715.98
2024-10-13 04:00:00,157789.49
2024-10-13 05:00:00,160000.51
2024-10-13 06:00:00,163470.2
2024-10-13 07:00:00,167369.31
2024-10-13 08:00:00,170805.4
2024-10-13 09:00:00,175991.89
2024-10-13 10:00:00,181242.82
2024-10-13 11:00:00,182059.11
2024-10-13 12:00:00,182244.82
2024-10-13 13:00:00,179411.67
2024-10-13 14:00:00,179203.9
2024-10-13 15:00:00,178297.57
2024-10-13 16:00:00,175128.56
2024-10-13 17:00:00,174766.93
2024-10-13 18:00:00,187386.06
2024-10-13 19:00:00,185576.15
2024-10-13 20:00:00,180583.1
2024-10-13 21:00:00,178831.49
2024-10-13 22:00:00,177956.65
2024-10-13 23:00:00,176143.26
2024-10-14 00:00:00,172361.94
2024-10-14 01:00:00,168260.98
2024-10-14 02:00:00,164463.75
2024-10-14 03:00:00,162152.56
2024-10-14 04:00:00,163009.35
2024-10-14 05:00:00,167087.33
2024-10-14 06:00:00,175375.82
2024-10-14 07:00:00,180112.14
2024-10-14 08:00:00,183802.83
2024-10-14 09:00:00,192415.56
2024-10-14 10:00:00,194748.04
2024-10-14 11:00:00,194587.82
2024-10-14 12:00:00,193645.6
2024-10-14 13:00:00,189575.35
2024-10-14 14:00:00,192536.42
2024-10-14 15:00:00,191341.33
2024-10-14 16:00:00,188422.55
2024-10-14 17:00:00,188930.28
2024-10-14 18:00:00,202826.19
2024-10-14 19:00:00,199267.02
2024-10-14 20:00:00,191082.22
2024-10-14 21:00:00,187073.83
2024-10-14 22:00:00,184363.45
2024-10-14 23:00:00,180439.59
2024-10-15 00:00:00,176007.97
2024-10-15 01:00:00,171555.86
2024-10-15 02:00:00,168923.91
2024-10-15 03:00:00,165626.44
2024-10-15 04:00:00,165512.36
2024-10-15 05:00:00,169990.8
2024-10-15 06:00:00,178421.86
2024-10-15 07:00:00,181911.03
2024-10-15 08:00:00,183056.0
2024-10-15 09:00:00,185601.03
2024-10-15 10:00:00,190657.6
2024-10-15 11:00:00,191765.77
2024-10-15 12:00:00,190692.72
2024-10-15 13:00:00,185246.24
2024-10-15 14:00:00,188168.89
2024-10-15 15:00:00,189062.4
2024-10-15 16:00:00,187556.41
2024-10-15 17:00:00,190633.27
2024-10-15 18:00:00,201695.27
2024-10-15 19:00:00,200389.31
2024-10-15 20:00:00,191603.13
2024-10-15 21:00:00,187263.73
2024-10-15 22:00:00,184322.11
2024-10-15 23:00:00,180897.66
2024-10-16 00:00:00,176356.31
2024-10-16 01:00:00,171592.36
2024-10-16 02:00:00,168370.08
2024-10-16 03:00:00,164885.03
2024-10-16 04:00:00,164704.07
2024-10-16 05:00:00,169441.05
2024-10-16 06:00:00,176829.0
2024-10-16 07:00:00,180633.3
2024-10-16 08:00:00,183514.17
2024-10-16 09:00:00,187680.77
2024-10-16 10:00:00,190420.5
2024-10-16 11:00:00,190122.74
2024-10-16 12:00:00,188778.95
2024-10-16 13:00:00,183251.45
2024-10-16 14:00:00,187936.88
2024-10-16 15:00:00,188950.49
2024-10-16 16:00:00,187829.11
2024-10-16 17:00:00,190630.4
2024-10-16 18:00:00,201510.07
2024-10-16 19:00:00,199611.78
2024-10-16 20:00:00,191822.22
2024-10-16 21:00:00,187584.26
2024-10-16 22:00:00,184203.51
2024-10-16 23:00:00,181029.38
2024-10-17 00:00:00,175630.68
2024-10-17 01:00:00,170492.71
2024-10-17 02:00:00,166964.27
2024-10-17 03:00:00,164406.78
2024-10-17 04:00:00,164673.61
2024-10-17 05:00:00,169005.65
2024-10-17 06:00:00,176101.26
2024-10-17 07:00:00,180687.69
2024-10-17 08:00:00,184053.35
2024-10-17 09:00:00,190384.14
2024-10-17 10:00:00,193235.44
2024-10-17 11:00:00,192838.06
2024-10-17 12:00:00,192055.46
2024-10-17 13:00:00,186330.57
2024-10-17 14:00:00,190746.43
2024-10-17 15:00:00,191373.05
2024-10-17 16:00:00,191490.35
2024-10-17 17:00:00,192839.33
2024-10-17 18:00:00,205425.72
2024-10-17 19:00:00,202371.0
2024-10-17 20:00:00,193585.81
2024-10-17 21:00:00,190772.35
2024-10-17 22:00:00,187270.17
2024-10-17 23:00:00,183137.6
2024-10-18 00:00:00,177993.3
2024-10-18 01:00:00,172904.92
2024-10-18 02:00:00,169637.39
2024-10-18 03:00:00,166801.96
2024-10-18 04:00:00,167372.46
2024-10-18 05:00:00,172825.55
2024-10-18 06:00:00,180650.86
2024-10-18 07:00:00,184834.04
2024-10-18 08:00:00,186063.05
2024-10-18 09:00:00,193507.63
2024-10-18 10:00:00,196595.61
2024-10-18 11:00:00,195776.19
2024-10-18 12:00:00,194876.65
2024-10-18 13:00:00,190002.47
2024-10-18 14:00:00,193894.02
2024-10-18 15:00:00,193911.57
2024-10-18 16:00:00,192007.84
2024-10-18 17:00:00,195026.7
2024-10-18 18:00:00,205879.19
2024-10-18 19:00:00,203536.66
2024-10-18 20:00:00,195803.0
2024-10-18 21:00:00,191440.86
2024-10-18 22:00:00,188066.68
2024-10-18 23:00:00,184176.57
2024-10-19 00:00:00,178445.49
2024-10-19 01:00:00,173250.97
2024-10-19 02:00:00,169878.04
2024-10-19 03:00:00,166834.76
2024-10-19 04:00:00,167330.44
2024-10-19 05:00:00,171805.81
2024-10-19 06:00:00,179076.92
2024-10-19 07:00:00,183096.79
2024-10-19 08:00:00,185804.65
2024-10-19 09:00:00,190653.54
2024-10-19 10:00:00,193437.52
2024-10-19 11:00:00,192108.39
2024-10-19 12:00:00,191289.73
2024-10-19 13:00:00,186573.83
2024-10-19 14:00:00,191369.3
2024-10-19 15:00:00,192012.19
2024-10-19 16:00:00,190000.81
2024-10-19 17:00:00,191932.12
2024-10-19 18:00:00,202691.82
2024-10-19 19:00:00,200908.0
2024-10-19 20:00:00,191966.36
2024-10-19 21:00:00,187608.31
2024-10-19 22:00:00,184157.31
2024-10-19 23:00:00,180350.88
2024-10-20 00:00:00,175342.83
2024-10-20 01:00:00,170361.49
2024-10-20 02:00:00,167369.01
2024-10-20 03:00:00,164565.77
2024-10-20 04:00:00,164283.92
2024-10-20 05:00:00,166536.8
2024-10-20 06:00:00,169289.28
2024-10-20 07:00:00,171666.18
2024-10-20 08:00:00,175068.17
2024-10-20 09:00:00,180362.71
2024-10-20 10:00:00,181891.49
2024-10-20 11:00:00,181689.06
2024-10-20 12:00:00,181049.52
2024-10-20 13:00:00,177751.44
2024-10-20 14:00:00,179860.37
2024-10-20 15:00:00,178105.71
2024-10-20 16:00:00,174935.65
2024-10-20 17:00:00,179686.08
2024-10-20 18:00:00,192971.37
2024-10-20 19:00:00,189096.5
2024-10-20 20:00:00,180991.38
2024-10-20 21:00:00,179165.18
2024-10-20 22:00:00,177534.87
2024-10-20 23:00:00,173447.5
2024-10-21 00:00:00,167778.48
2024-10-21 01:00:00,163036.55
2024-10-21 02:00:00,160092.74
2024-10-21 03:00:00,157840.86
2024-10-21 04:00:00,158651.58
2024-10-21 05:00:00,163882.06
2024-10-21 06:00:00,173127.48
2024-10-21 07:00:00,178737.03
2024-10-21 08:00:00,182661.06
2024-10-21 09:00:00,187902.69
2024-10-21 10:00:00,189693.96
2024-10-21 11:00:00,190633.08
2024-10-21 12:00:00,190786.32
2024-10-21 13:00:00,185612.62
2024-10-21 14:00:00,189985.53
2024-10-21 15:00:00,190116.89
2024-10-21 16:00:00,187583.2
2024-10-21 17:00:00,191385.56
2024-10-21 18:00:00,204213.87
2024-10-21 19:00:00,201153.61
2024-10-21 20:00:00,192960.16
2024-10-21 21:00:00,188449.91
2024-10-21 22:00:00,184532.55
2024-10-21 23:00:00,178925.35
2024-10-22 00:00:00,172631.75
2024-10-22 01:00:00,168653.79
2024-10-22 02:00:00,165775.83
2024-10-22 03:00:00,162982.93
2024-10-22 04:00:00,162805.97
2024-10-22 05:00:00,166888.97
2024-10-22 06:00:00,175724.75
2024-10-22 07:00:00,181651.48
2024-10-22 08:00:00,184899.19
2024-10-22 09:00:00,188602.97
2024-10-22 10:00:00,190063.91
2024-10-22 11:00:00,189221.85
2024-10-22 12:00:00,188311.38
2024-10-22 13:00:00,183971.53
2024-10-22 14:00:00,189709.69
2024-10-22 15:00:00,190017.71
2024-10-22 16:00:00,189337.57
2024-10-22 17:00:00,193408.21
2024-10-22 18:00:00,205693.01
2024-10-22 19:00:00,201770.31
2024-10-22 20:00:00,193568.82
2024-10-22 21:00:00,189663.81
2024-10-22 22:00:00,185012.21
2024-10-22 23:00:00,180139.8
2024-10-23 00:00:00,174504.99
2024-10-23 01:00:00,169272.45
2024-10-23 02:00:00,166237.09
2024-10-23 03:00:00,164142.62
2024-10-23 04:00:00,164765.95
2024-10-23 05:00:00,170779.53
2024-10-23 06:00:00,178873.15
2024-10-23 07:00:00,182990.9
2024-10-23 08:00:00,184594.14
2024-10-23 09:00:00,189661.55
2024-10-23 10:00:00,191877.04
2024-10-23 11:00:00,191150.83
2024-10-23 12:00:00,189361.83
2024-10-23 13:00:00,184431.6
2024-10-23 14:00:00,188512.07
2024-10-23 15:00:00,191188.67
2024-10-23 16:00:00,189396.74
2024-10-23 17:00:00,194567.98
2024-10-23 18:00:00,205785.39
2024-10-23 19:00:00,201981.97
2024-10-23 20:00:00,192665.71
2024-10-23 21:00:00,187919.62
2024-10-23 22:00:00,183777.36
2024-10-23 23:00:00,179148.37
2024-10-24 00:00:00,173594.42
2024-10-24 01:00:00,168303.94
2024-10-24 02:00:00,165039.45
2024-10-24 03:00:00,162409.99
2024-10-24 04:00:00,162710.89
2024-10-24 05:00:00,168771.83
2024-10-24 06:00:00,177386.05
2024-10-24 07:00:00,183190.47
2024-10-24 08:00:00,184776.04
2024-10-24 09:00:00,188769.6
2024-10-24 10:00:00,190652.67
2024-10-24 11:00:00,189162.66
2024-10-24 12:00:00,186802.11
2024-10-24 13:00:00,181694.31
2024-10-24 14:00:00,185844.48
2024-10-24 15:00:00,187060.62
2024-10-24 16:00:00,186764.8
2024-10-24 17:00:00,191413.94
2024-10-24 18:00:00,202331.91
2024-10-24 19:00:00,197907.32
2024-10-24 20:00:00,188932.71
2024-10-24 21:00:00,182926.1
2024-10-24 22:00:00,179174.94
2024-10-24 23:00:00,173627.04
2024-10-25 00:00:00,168014.95
2024-10-25 01:00:00,162732.33
2024-10-25 02:00:00,159956.83
2024-10-25 03:00:00,157377.57
2024-10-25 04:00:00,158182.16
2024-10-25 05:00:00,164838.61
2024-10-25 06:00:00,175991.81
2024-10-25 07:00:00,181288.52
2024-10-25 08:00:00,183577.16
2024-10-25 09:00:00,188161.08
2024-10-25 10:00:00,190124.22
2024-10-25 11:00:00,189108.05
2024-10-25 12:00:00,187069.05
2024-10-25 13:00:00,179657.42
2024-10-25 14:00:00,184781.32
2024-10-25 15:00:00,186426.83
2024-10-25 16:00:00,185382.83
2024-10-25 17:00:00,189258.83
2024-10-25 18:00:00,199902.86
2024-10-25 19:00:00,194992.6
2024-10-25 20:00:00,185398.09
2024-10-25 21:00:00,179716.37
2024-10-25 22:00:00,176383.99
2024-10-25 23:00:00,171410.37
2024-10-26 00:00:00,166639.83
2024-10-26 01:00:00,161853.47
2024-10-26 02:00:00,158473.68
2024-10-26 03:00:00,155950.2
2024-10-26 04:00:00,157167.98
2024-10-26 05:00:00,164183.02
2024-10-26 06:00:00,173529.07
2024-10-26 07:00:00,178572.13
2024-10-26 08:00:00,181515.29
2024-10-26 09:00:00,187069.42
2024-10-26 10:00:00,189855.96
2024-10-26 11:00:00,188136.49
2024-10-26 12:00:00,187144.56
2024-10-26 13:00:00,181813.99
2024-10-26 14:00:00,185871.35
2024-10-26 15:00:00,187458.7
2024-10-26 16:00:00,187652.08
2024-10-26 17:00:00,190131.78
2024-10-26 18:00:00,201165.86
2024-10-26 19:00:00,195940.57
2024-10-26 20:00:00,186850.68
2024-10-26 21:00:00,181741.99
2024-10-26 22:00:00,177603.72
2024-10-26 23:00:00,173731.52
2024-10-27 00:00:00,168913.85
2024-10-27 01:00:00,164027.69
2024-10-27 02:00:00,160781.6
2024-10-27 03:00:00,158767.34
2024-10-27 04:00:00,159137.61
2024-10-27 05:00:00,163839.75
2024-10-27 06:00:00,170194.35
2024-10-27 07:00:00,174690.14
2024-10-27 08:00:00,177871.82
2024-10-27 09:00:00,183935.17
2024-10-27 10:00:00,186563.41
2024-10-27 11:00:00,186829.93
2024-10-27 12:00:00,185349.63
2024-10-27 13:00:00,181646.27
2024-10-27 14:00:00,181781.4
2024-10-27 15:00:00,181458.29
2024-10-27 16:00:00,178744.44
2024-10-27 17:00:00,180882.54
2024-10-27 18:00:00,192233.76
2024-10-27 19:00:00,189475.47
2024-10-27 20:00:00,182676.61
2024-10-27 21:00:00,178532.26
2024-10-27 22:00:00,175766.02
2024-10-27 23:00:00,172248.32
2024-10-28 00:00:00,166678.6
2024-10-28 01:00:00,162335.28
2024-10-28 02:00:00,159236.65
2024-10-28 03:00:00,157100.21
2024-10-28 04:00:00,158800.32
2024-10-28 05:00:00,166770.82
2024-10-28 06:00:00,178722.42
2024-10-28 07:00:00,185554.87
2024-10-28 08:00:00,188897.31
2024-10-28 09:00:00,197107.84
2024-10-28 10:00:00,201586.49
2024-10-28 11:00:00,202779.94
2024-10-28 12:00:00,201033.27
2024-10-28 13:00:00,196079.12
2024-10-28 14:00:00,200929.6
2024-10-28 15:00:00,201274.2
2024-10-28 16:00:00,197417.68
2024-10-28 17:00:00,196111.44
2024-10-28 18:00:00,204739.5
2024-10-28 19:00:00,200524.91
2024-10-28 20:00:00,192384.67
2024-10-28 21:00:00,188038.51
2024-10-28 22:00:00,184495.12
2024-10-28 23:00:00,180299.75
2024-10-29 00:00:00,175116.86
2024-10-29 01:00:00,169941.27
2024-10-29 02:00:00,166156.7
2024-10-29 03:00:00,164025.89
2024-10-29 04:00:00,164890.63
2024-10-29 05:00:00,172978.45
2024-10-29 06:00:00,184089.43
2024-10-29 07:00:00,191193.64
2024-10-29 08:00:00,193335.33
2024-10-29 09:00:00,202507.62
2024-10-29 10:00:00,206016.13
2024-10-29 11:00:00,206345.88
2024-10-29 12:00:00,205093.93
2024-10-29 13:00:00,200215.59
2024-10-29 14:00:00,203022.26
2024-10-29 15:00:00,203697.59
2024-10-29 16:00:00,200675.89
2024-10-29 17:00:00,199602.03
2024-10-29 18:00:00,205556.85
2024-10-29 19:00:00,199770.96
2024-10-29 20:00:00,192278.45
2024-10-29 21:00:00,188495.09
2024-10-29 22:00:00,185573.49
2024-10-29 23:00:00,181493.7
2024-10-30 00:00:00,176078.71
2024-10-30 01:00:00,170602.63
2024-10-30 02:00:00,166984.99
2024-10-30 03:00:00,164374.49
2024-10-30 04:00:00,165386.73
2024-10-30 05:00:00,172355.08
2024-10-30 06:00:00,182162.85
2024-10-30 07:00:00,188866.03
2024-10-30 08:00:00,190733.86
2024-10-30 09:00:00,199403.61
2024-10-30 10:00:00,203600.38
2024-10-30 11:00:00,203124.98
2024-10-30 12:00:00,201492.07
2024-10-30 13:00:00,197532.18
2024-10-30 14:00:00,198046.69
2024-10-30 15:00:00,196034.19
2024-10-30 16:00:00,191857.23
2024-10-30 17:00:00,191569.97
2024-10-30 18:00:00,197197.19
2024-10-30 19:00:00,192298.92
2024-10-30 20:00:00,184683.47
2024-10-30 21:00:00,181374.63
2024-10-30 22:00:00,179134.09
2024-10-30 23:00:00,174719.15
2024-10-31 00:00:00,168981.31
2024-10-31 01:00:00,163728.32
2024-10-31 02:00:00,160040.07
2024-10-31 03:00:00,157874.29
2024-10-31 04:00:00,158836.74
2024-10-31 05:00:00,165018.75
2024-10-31 06:00:00,171893.2
2024-10-31 07:00:00,174908.78
2024-10-31 08:00:00,175641.58
2024-10-31 09:00:00,179875.22
2024-10-31 10:00:00,180578.29
2024-10-31 11:00:00,180091.98
2024-10-31 12:00:00,178266.28
2024-10-31 13:00:00,174609.17
2024-10-31 14:00:00,173994.94
2024-10-31 15:00:00,172884.85
2024-10-31 16:00:00,167409.79
2024-10-31 17:00:00,167357.7
2024-10-31 18:00:00,172175.29
2024-10-31 19:00:00,164775.17
2024-10-31 20:00:00,160047.62
2024-10-31 21:00:00,158300.01
2024-10-31 22:00:00,157301.97
2024-10-31 23:00:00,154522.64
2024-11-01 00:00:00,150785.48
2024-11-01 01:00:00,146718.3
2024-11-01 02:00:00,144562.73
2024-11-01 03:00:00,144551.28
2024-11-01 04:00:00,144548.26
2024-11-01 05:00:00,144581.53
2024-11-01 06:00:00,144676.0
2024-11-01 07:00:00,144740.9
2024-11-01 08:00:00,144736.39
2024-11-01 09:00:00,144708.03
2024-11-01 10:00:00,166707.39
2024-11-01 11:00:00,169764.12
2024-11-01 12:00:00,169220.04
2024-11-01 13:00:00,164771.0
2024-11-01 14:00:00,164932.0
2024-11-01 15:00:00,163350.21
2024-11-01 16:00:00,160225.56
2024-11-01 17:00:00,162169.03
2024-11-01 18:00:00,168787.76
2024-11-01 19:00:00,163928.58
2024-11-01 20:00:00,158601.61
2024-11-01 21:00:00,156003.36
2024-11-01 22:00:00,154288.52
2024-11-01 23:00:00,151202.62
2024-11-02 00:00:00,148277.0
2024-11-02 01:00:00,143609.66
2024-11-02 02:00:00,140480.83
2024-11-02 03:00:00,138257.49
2024-11-02 04:00:00,140373.66
2024-11-02 05:00:00,146527.49
2024-11-02 06:00:00,155519.61
2024-11-02 07:00:00,160558.21
2024-11-02 08:00:00,163258.65
2024-11-02 09:00:00,166992.36
2024-11-02 10:00:00,168226.49
2024-11-02 11:00:00,167926.56
2024-11-02 12:00:00,166815.35
2024-11-02 13:00:00,164717.7
2024-11-02 14:00:00,165437.81
2024-11-02 15:00:00,165839.43
2024-11-02 16:00:00,163659.77
2024-11-02 17:00:00,164929.16
2024-11-02 18:00:00,171613.38
2024-11-02 19:00:00,166678.82
2024-11-02 20:00:00,161049.42
2024-11-02 21:00:00,156755.91
2024-11-02 22:00:00,154073.92
2024-11-02 23:00:00,151781.48
2024-11-03 00:00:00,147900.34
2024-11-03 01:00:00,143883.82
2024-11-03 02:00:00,141074.66
2024-11-03 03:00:00,139393.18
2024-11-03 04:00:00,140286.2
2024-11-03 05:00:00,146616.59
2024-11-03 06:00:00,154392.21
2024-11-03 07:00:00,161135.55
2024-11-03 08:00:00,164647.76
2024-11-03 09:00:00,169221.32
2024-11-03 10:00:00,169239.22
2024-11-03 11:00:00,168719.38
2024-11-03 12:00:00,167902.77
2024-11-03 13:00:00,164751.85
2024-11-03 14:00:00,165856.03
2024-11-03 15:00:00,164394.4
2024-11-03 16:00:00,161553.94
2024-11-03 17:00:00,163028.11
2024-11-03 18:00:00,170672.88
2024-11-03 19:00:00,166100.15
2024-11-03 20:00:00,160219.79
2024-11-03 21:00:00,157229.99
2024-11-03 22:00:00,155711.58
2024-11-03 23:00:00,152691.68
2024-11-04 00:00:00,148663.76
2024-11-04 01:00:00,144810.43
2024-11-04 02:00:00,142667.24
2024-11-04 03:00:00,140972.01
2024-11-04 04:00:00,143326.71
2024-11-04 05:00:00,151322.26
2024-11-04 06:00:00,164097.72
2024-11-04 07:00:00,172891.69
2024-11-04 08:00:00,174881.15
2024-11-04 09:00:00,182158.65
2024-11-04 10:00:00,184846.39
2024-11-04 11:00:00,184823.04
2024-11-04 12:00:00,184254.95
2024-11-04 13:00:00,179905.02
2024-11-04 14:00:00,182193.45
2024-11-04 15:00:00,182631.5
2024-11-04 16:00:00,180260.09
2024-11-04 17:00:00,182212.01
2024-11-04 18:00:00,188116.35
2024-11-04 19:00:00,181924.48
2024-11-04 20:00:00,172848.77
2024-11-04 21:00:00,167748.97
2024-11-04 22:00:00,164334.23
2024-11-04 23:00:00,160579.76
2024-11-05 00:00:00,156754.62
2024-11-05 01:00:00,153341.43
2024-11-05 02:00:00,151262.63
2024-11-05 03:00:00,149793.83
2024-11-05 04:00:00,151759.45
2024-11-05 05:00:00,159320.01
2024-11-05 06:00:00,171533.25
2024-11-05 07:00:00,178804.19
2024-11-05 08:00:00,180809.88
2024-11-05 09:00:00,187954.62
2024-11-05 10:00:00,189955.96
2024-11-05 11:00:00,189350.67
2024-11-05 12:00:00,188406.18
2024-11-05 13:00:00,184027.78
2024-11-05 14:00:00,187120.0
2024-11-05 15:00:00,188590.8
2024-11-05 16:00:00,186463.96
2024-11-05 17:00:00,188187.06
2024-11-05 18:00:00,192833.82
2024-11-05 19:00:00,185922.68
2024-11-05 20:00:00,176529.24
2024-11-05 21:00:00,171364.57
2024-11-05 22:00:00,168207.31
2024-11-05 23:00:00,164385.58
2024-11-06 00:00:00,159056.92
2024-11-06 01:00:00,155441.56
2024-11-06 02:00:00,152772.29
2024-11-06 03:00:00,150994.83
2024-11-06 04:00:00,153188.17
2024-11-06 05:00:00,162546.13
2024-11-06 06:00:00,175919.08
2024-11-06 07:00:00,184285.1
2024-11-06 08:00:00,186168.52
2024-11-06 09:00:00,193264.09
2024-11-06 10:00:00,194951.18
2024-11-06 11:00:00,194178.46
2024-11-06 12:00:00,192072.69
2024-11-06 13:00:00,187593.93
2024-11-06 14:00:00,191433.6
2024-11-06 15:00:00,192411.55
2024-11-06 16:00:00,190217.65
2024-11-06 17:00:00,191222.04
2024-11-06 18:00:00,197281.21
2024-11-06 19:00:00,188516.35
2024-11-06 20:00:00,178832.31
2024-11-06 21:00:00,173267.35
2024-11-06 22:00:00,169837.38
2024-11-06 23:00:00,165969.67
2024-11-07 00:00:00,161432.85
2024-11-07 01:00:00,157012.66
2024-11-07 02:00:00,154315.93
2024-11-07 03:00:00,152934.41
2024-11-07 04:00:00,154614.02
2024-11-07 05:00:00,163209.98
2024-11-07 06:00:00,176050.94
2024-11-07 07:00:00,185046.42
2024-11-07 08:00:00,187569.46
2024-11-07 09:00:00,195284.03
2024-11-07 10:00:00,197311.96
2024-11-07 11:00:00,195894.14
2024-11-07 12:00:00,193832.58
2024-11-07 13:00:00,188990.62
2024-11-07 14:00:00,191933.09
2024-11-07 15:00:00,192161.6
2024-11-07 16:00:00,187851.77
2024-11-07 17:00:00,188288.42
2024-11-07 18:00:00,194977.89
2024-11-07 19:00:00,186760.5
2024-11-07 20:00:00,177337.04
2024-11-07 21:00:00,172343.96
2024-11-07 22:00:00,168426.71
2024-11-07 23:00:00,164755.55
2024-11-08 00:00:00,160210.98
2024-11-08 01:00:00,156323.61
2024-11-08 02:00:00,153560.91
2024-11-08 03:00:00,152724.11
2024-11-08 04:00:00,154178.65
2024-11-08 05:00:00,162335.65
2024-11-08 06:00:00,174319.13
2024-11-08 07:00:00,184472.51
2024-11-08 08:00:00,188005.35
2024-11-08 09:00:00,195858.76
2024-11-08 10:00:00,198154.69
2024-11-08 11:00:00,197300.49
2024-11-08 12:00:00,195779.09
2024-11-08 13:00:00,189787.16
2024-11-08 14:00:00,192648.2
2024-11-08 15:00:00,193503.5
2024-11-08 16:00:00,192373.4
2024-11-08 17:00:00,193034.96
2024-11-08 18:00:00,197740.95
2024-11-08 19:00:00,189247.4
2024-11-08 20:00:00,178748.5
2024-11-08 21:00:00,173287.23
2024-11-08 22:00:00,170291.81
2024-11-08 23:00:00,166516.48
2024-11-09 00:00:00,161653.11
2024-11-09 01:00:00,157411.85
2024-11-09 02:00:00,154886.23
2024-11-09 03:00:00,153670.7
2024-11-09 04:00:00,161853.61
2024-11-09 05:00:00,164029.7
2024-11-09 06:00:00,175768.43
2024-11-09 07:00:00,184556.73
2024-11-09 08:00:00,188015.15
2024-11-09 09:00:00,194531.21
2024-11-09 10:00:00,196237.98
2024-11-09 11:00:00,195250.15
2024-11-09 12:00:00,193920.9
2024-11-09 13:00:00,189412.04
2024-11-09 14:00:00,193040.3
2024-11-09 15:00:00,194671.4
2024-11-09 16:00:00,192287.51
2024-11-09 17:00:00,193420.96
2024-11-09 18:00:00,197081.49
2024-11-09 19:00:00,188316.78
2024-11-09 20:00:00,178584.49
2024-11-09 21:00:00,173009.55
2024-11-09 22:00:00,170247.96
2024-11-09 23:00:00,166419.77
2024-11-10 00:00:00,162059.21
2024-11-10 01:00:00,158594.2
2024-11-10 02:00:00,155989.94
2024-11-10 03:00:00,154443.47
2024-11-10 04:00:00,155808.02
2024-11-10 05:00:00,162534.71
2024-11-10 06:00:00,170888.25
2024-11-10 07:00:00,177359.1
2024-11-10 08:00:00,182256.88
2024-11-10 09:00:00,188966.16
2024-11-10 10:00:00,190032.18
2024-11-10 11:00:00,189153.42
2024-11-10 12:00:00,186604.49
2024-11-10 13:00:00,182280.08
2024-11-10 14:00:00,182180.87
2024-11-10 15:00:00,181657.29
2024-11-10 16:00:00,179142.13
2024-11-10 17:00:00,179301.22
2024-11-10 18:00:00,184230.34
2024-11-10 19:00:00,176680.36
2024-11-10 20:00:00,168668.8
2024-11-10 21:00:00,164383.1
2024-11-10 22:00:00,162573.18
2024-11-10 23:00:00,159509.29
2024-11-11 00:00:00,155297.68
2024-11-11 01:00:00,151160.58
2024-11-11 02:00:00,148723.62
2024-11-11 03:00:00,147560.12
2024-11-11 04:00:00,150477.44
2024-11-11 05:00:00,160340.69
2024-11-11 06:00:00,175118.04
2024-11-11 07:00:00,185580.83
2024-11-11 08:00:00,189451.85
2024-11-11 09:00:00,198275.01
2024-11-11 10:00:00,199977.28
2024-11-11 11:00:00,198877.89
2024-11-11 12:00:00,196300.34
2024-11-11 13:00:00,190746.23
2024-11-11 14:00:00,194565.04
2024-11-11 15:00:00,196181.3
2024-11-11 16:00:00,193269.88
2024-11-11 17:00:00,192484.2
2024-11-11 18:00:00,196434.02
2024-11-11 19:00:00,188644.55
2024-11-11 20:00:00,177839.96
2024-11-11 21:00:00,172689.25
2024-11-11 22:00:00,169628.29
2024-11-11 23:00:00,165161.75
2024-11-12 00:00:00,161052.54
2024-11-12 01:00:00,156631.15
2024-11-12 02:00:00,154259.9
2024-11-12 03:00:00,152711.95
2024-11-12 04:00:00,155183.1
2024-11-12 05:00:00,164798.15
2024-11-12 06:00:00,179611.16
2024-11-12 07:00:00,189504.17
2024-11-12 08:00:00,192473.83
2024-11-12 09:00:00,198100.21
2024-11-12 10:00:00,199977.88
2024-11-12 11:00:00,198670.27
2024-11-12 12:00:00,197423.78
2024-11-12 13:00:00,190783.41
2024-11-12 14:00:00,193737.15
2024-11-12 15:00:00,195279.09
2024-11-12 16:00:00,193576.8
2024-11-12 17:00:00,194503.11
2024-11-12 18:00:00,198073.03
2024-11-12 19:00:00,189054.12
2024-11-12 20:00:00,177539.08
2024-11-12 21:00:00,171286.71
2024-11-12 22:00:00,168605.17
2024-11-12 23:00:00,163850.79
2024-11-13 00:00:00,159515.76
2024-11-13 01:00:00,155060.9
2024-11-13 02:00:00,152584.5
2024-11-13 03:00:00,149922.94
2024-11-13 04:00:00,152901.71
2024-11-13 05:00:00,161958.49
2024-11-13 06:00:00,177503.88
2024-11-13 07:00:00,187626.25
2024-11-13 08:00:00,189800.17
2024-11-13 09:00:00,196089.14
2024-11-13 10:00:00,195594.22
2024-11-13 11:00:00,195586.4
2024-11-13 12:00:00,191985.19
2024-11-13 13:00:00,186063.32
2024-11-13 14:00:00,189837.69
2024-11-13 15:00:00,191352.03
2024-11-13 16:00:00,190953.76
2024-11-13 17:00:00,193682.13
2024-11-13 18:00:00,197478.79
2024-11-13 19:00:00,186901.65
2024-11-13 20:00:00,175449.52
2024-11-13 21:00:00,169619.3
2024-11-13 22:00:00,166167.56
2024-11-13 23:00:00,161493.66
2024-11-14 00:00:00,157071.44
2024-11-14 01:00:00,152356.85
2024-11-14 02:00:00,150291.36
2024-11-14 03:00:00,148772.98
2024-11-14 04:00:00,150436.46
2024-11-14 05:00:00,160034.09
2024-11-14 06:00:00,175715.09
2024-11-14 07:00:00,187128.58
2024-11-14 08:00:00,189194.54
2024-11-14 09:00:00,196462.6
2024-11-14 10:00:00,197708.76
2024-11-14 11:00:00,195881.48
2024-11-14 12:00:00,192776.44
2024-11-14 13:00:00,186571.52
2024-11-14 14:00:00,189376.25
2024-11-14 15:00:00,190743.31
2024-11-14 16:00:00,189583.17
2024-11-14 17:00:00,190911.51
2024-11-14 18:00:00,194353.64
2024-11-14 19:00:00,184750.39
2024-11-14 20:00:00,172522.45
2024-11-14 21:00:00,165529.97
2024-11-14 22:00:00,162118.01
2024-11-14 23:00:00,157887.83
2024-11-15 00:00:00,153469.92
2024-11-15 01:00:00,149748.13
2024-11-15 02:00:00,147487.25
2024-11-15 03:00:00,146442.25
2024-11-15 04:00:00,149683.9
2024-11-15 05:00:00,159564.14
2024-11-15 06:00:00,171761.94
2024-11-15 07:00:00,183624.52
2024-11-15 08:00:00,187837.33
2024-11-15 09:00:00,195907.2
2024-11-15 10:00:00,198086.02
2024-11-15 11:00:00,196745.41
2024-11-15 12:00:00,192265.06
2024-11-15 13:00:00,184564.32
2024-11-15 14:00:00,186624.94
2024-11-15 15:00:00,187099.94
2024-11-15 16:00:00,186423.41
2024-11-15 17:00:00,188907.35
2024-11-15 18:00:00,192134.64
2024-11-15 19:00:00,182675.52
2024-11-15 20:00:00,170764.85
2024-11-15 21:00:00,163820.35
2024-11-15 22:00:00,160308.25
2024-11-15 23:00:00,158120.64
2024-11-16 00:00:00,151885.38
2024-11-16 01:00:00,147897.46
2024-11-16 02:00:00,145819.0
2024-11-16 03:00:00,144304.94
2024-11-16 04:00:00,146958.65
2024-11-16 05:00:00,155363.4
2024-11-16 06:00:00,168230.23
2024-11-16 07:00:00,179493.05
2024-11-16 08:00:00,183821.06
2024-11-16 09:00:00,191710.65
2024-11-16 10:00:00,191682.12
2024-11-16 11:00:00,190075.42
2024-11-16 12:00:00,186191.32
2024-11-16 13:00:00,180310.38
2024-11-16 14:00:00,183234.19
2024-11-16 15:00:00,185059.67
2024-11-16 16:00:00,183102.5
2024-11-16 17:00:00,186909.84
2024-11-16 18:00:00,192222.11
2024-11-16 19:00:00,182137.85
2024-11-16 20:00:00,169523.84
2024-11-16 21:00:00,162158.88
2024-11-16 22:00:00,159152.72
2024-11-16 23:00:00,154773.78
2024-11-17 00:00:00,150186.91
2024-11-17 01:00:00,146312.48
2024-11-17 02:00:00,144255.65
2024-11-17 03:00:00,142719.14
2024-11-17 04:00:00,144440.14
2024-11-17 05:00:00,152237.43
2024-11-17 06:00:00,162122.3
2024-11-17 07:00:00,170685.61
2024-11-17 08:00:00,175534.75
2024-11-17 09:00:00,183249.35
2024-11-17 10:00:00,184111.95
2024-11-17 11:00:00,182204.0
2024-11-17 12:00:00,178158.04
2024-11-17 13:00:00,173371.91
2024-11-17 14:00:00,172845.51
2024-11-17 15:00:00,170960.69
2024-11-17 16:00:00,169195.52
2024-11-17 17:00:00,171038.26
2024-11-17 18:00:00,178294.5
2024-11-17 19:00:00,170043.8
2024-11-17 20:00:00,159902.15
2024-11-17 21:00:00,153374.75
2024-11-17 22:00:00,150011.76
2024-11-17 23:00:00,146142.36
2024-11-18 00:00:00,142501.56
2024-11-18 01:00:00,139485.17
2024-11-18 02:00:00,137024.03
2024-11-18 03:00:00,135906.71
2024-11-18 04:00:00,139000.0
2024-11-18 05:00:00,149599.3
2024-11-18 06:00:00,166778.87
2024-11-18 07:00:00,180512.6
2024-11-18 08:00:00,184316.78
2024-11-18 09:00:00,192235.62
2024-11-18 10:00:00,194064.06
2024-11-18 11:00:00,191808.3
2024-11-18 12:00:00,187251.92
2024-11-18 13:00:00,180646.99
2024-11-18 14:00:00,182553.17
2024-11-18 15:00:00,184225.02
2024-11-18 16:00:00,184880.08
2024-11-18 17:00:00,187939.08
2024-11-18 18:00:00,192555.53
2024-11-18 19:00:00,181691.77
2024-11-18 20:00:00,168479.6
2024-11-18 21:00:00,159655.31
2024-11-18 22:00:00,155046.33
2024-11-18 23:00:00,150176.6
2024-11-19 00:00:00,145982.64
2024-11-19 01:00:00,142711.14
2024-11-19 02:00:00,140743.29
2024-11-19 03:00:00,139689.3
2024-11-19 04:00:00,143209.2
2024-11-19 05:00:00,154260.07
2024-11-19 06:00:00,171207.31
2024-11-19 07:00:00,185014.39
2024-11-19 08:00:00,187385.47
2024-11-19 09:00:00,194531.73
2024-11-19 10:00:00,195345.96
2024-11-19 11:00:00,192907.34
2024-11-19 12:00:00,189492.12
2024-11-19 13:00:00,181978.1
2024-11-19 14:00:00,184755.36
2024-11-19 15:00:00,185949.62
2024-11-19 16:00:00,186201.16
2024-11-19 17:00:00,190106.74
2024-11-19 18:00:00,194188.87
2024-11-19 19:00:00,182385.21
2024-11-19 20:00:00,168055.26
2024-11-19 21:00:00,159027.36
2024-11-19 22:00:00,154742.79
2024-11-19 23:00:00,149704.94
2024-11-20 00:00:00,146087.09
2024-11-20 01:00:00,141995.85
2024-11-20 02:00:00,140140.99
2024-11-20 03:00:00,139259.69
2024-11-20 04:00:00,142715.97
2024-11-20 05:00:00,153613.62
2024-11-20 06:00:00,171427.15
2024-11-20 07:00:00,184616.66
2024-11-20 08:00:00,188065.85
2024-11-20 09:00:00,194878.32
2024-11-20 10:00:00,194368.11
2024-11-20 11:00:00,191596.36
2024-11-20 12:00:00,187109.74
2024-11-20 13:00:00,179599.27
2024-11-20 14:00:00,182155.68
2024-11-20 15:00:00,182983.95
2024-11-20 16:00:00,182352.2
2024-11-20 17:00:00,186939.11
2024-11-20 18:00:00,190599.08
2024-11-20 19:00:00,179830.76
2024-11-20 20:00:00,166698.09
2024-11-20 21:00:00,158029.95
2024-11-20 22:00:00,152621.85
2024-11-20 23:00:00,147723.34
2024-11-21 00:00:00,142975.2
2024-11-21 01:00:00,139929.24
2024-11-21 02:00:00,137722.08
2024-11-21 03:00:00,137411.4
2024-11-21 04:00:00,141319.05
2024-11-21 05:00:00,153312.27
2024-11-21 06:00:00,170812.2
2024-11-21 07:00:00,186006.11
2024-11-21 08:00:00,191277.9
2024-11-21 09:00:00,197476.85
2024-11-21 10:00:00,197213.31
2024-11-21 11:00:00,194889.13
2024-11-21 12:00:00,189558.55
2024-11-21 13:00:00,182412.91
2024-11-21 14:00:00,185756.56
2024-11-21 15:00:00,186263.49
2024-11-21 16:00:00,185353.72
2024-11-21 17:00:00,188704.12
2024-11-21 18:00:00,193285.42
2024-11-21 19:00:00,182139.76
2024-11-21 20:00:00,168523.94
2024-11-21 21:00:00,159042.06
2024-11-21 22:00:00,153373.29
2024-11-21 23:00:00,148023.22
2024-11-22 00:00:00,143762.86
2024-11-22 01:00:00,140081.16
2024-11-22 02:00:00,138158.61
2024-11-22 03:00:00,137980.16
2024-11-22 04:00:00,141899.13
2024-11-22 05:00:00,153627.7
2024-11-22 06:00:00,172291.04
2024-11-22 07:00:00,188516.97
2024-11-22 08:00:00,193850.4
2024-11-22 09:00:00,201400.3
2024-11-22 10:00:00,200962.4
2024-11-22 11:00:00,197434.16
2024-11-22 12:00:00,193590.12
2024-11-22 13:00:00,185716.24
2024-11-22 14:00:00,186370.27
2024-11-22 15:00:00,187430.37
2024-11-22 16:00:00,186296.83
2024-11-22 17:00:00,189131.26
2024-11-22 18:00:00,193270.62
2024-11-22 19:00:00,181854.67
2024-11-22 20:00:00,167330.14
2024-11-22 21:00:00,157514.41
2024-11-22 22:00:00,153115.25
2024-11-22 23:00:00,148179.21
2024-11-23 00:00:00,143485.97
2024-11-23 01:00:00,140253.93
2024-11-23 02:00:00,138390.73
2024-11-23 03:00:00,138138.65
2024-11-23 04:00:00,141780.46
2024-11-23 05:00:00,153205.06
2024-11-23 06:00:00,170247.06
2024-11-23 07:00:00,184845.79
2024-11-23 08:00:00,191665.59
2024-11-23 09:00:00,201006.46
2024-11-23 10:00:00,201662.53
2024-11-23 11:00:00,198112.15
2024-11-23 12:00:00,193723.95
2024-11-23 13:00:00,186061.45
2024-11-23 14:00:00,187133.84
2024-11-23 15:00:00,187852.15
2024-11-23 16:00:00,186595.79
2024-11-23 17:00:00,188026.95
2024-11-23 18:00:00,189597.78
2024-11-23 19:00:00,179676.09
2024-11-23 20:00:00,166747.92
2024-11-23 21:00:00,157951.71
2024-11-23 22:00:00,152643.86
2024-11-23 23:00:00,147566.44
2024-11-24 00:00:00,143585.51
2024-11-24 01:00:00,140581.48
2024-11-24 02:00:00,138999.29
2024-11-24 03:00:00,137934.79
2024-11-24 04:00:00,141214.21
2024-11-24 05:00:00,150618.44
2024-11-24 06:00:00,162806.31
2024-11-24 07:00:00,175700.73
2024-11-24 08:00:00,185286.21
2024-11-24 09:00:00,194084.43
2024-11-24 10:00:00,194764.76
2024-11-24 11:00:00,191749.49
2024-11-24 12:00:00,187328.26
2024-11-24 13:00:00,180692.72
2024-11-24 14:00:00,178562.48
2024-11-24 15:00:00,177314.27
2024-11-24 16:00:00,173779.41
2024-11-24 17:00:00,176509.44
2024-11-24 18:00:00,179181.22
2024-11-24 19:00:00,168925.99
2024-11-24 20:00:00,158312.29
2024-11-24 21:00:00,150006.34
2024-11-24 22:00:00,145677.04
2024-11-24 23:00:00,141074.96
2024-11-25 00:00:00,137274.57
2024-11-25 01:00:00,134120.82
2024-11-25 02:00:00,132535.92
2024-11-25 03:00:00,132399.12
2024-11-25 04:00:00,136814.29
2024-11-25 05:00:00,149615.74
2024-11-25 06:00:00,168575.21
2024-11-25 07:00:00,184754.93
2024-11-25 08:00:00,191887.43
2024-11-25 09:00:00,201835.75
2024-11-25 10:00:00,201643.45
2024-11-25 11:00:00,198233.73
2024-11-25 12:00:00,193246.27
2024-11-25 13:00:00,185717.4
2024-11-25 14:00:00,186521.48
2024-11-25 15:00:00,187689.6
2024-11-25 16:00:00,185987.0
2024-11-25 17:00:00,187627.67
2024-11-25 18:00:00,189880.21
2024-11-25 19:00:00,180811.75
2024-11-25 20:00:00,167414.92
2024-11-25 21:00:00,157243.03
2024-11-25 22:00:00,152208.52
2024-11-25 23:00:00,146562.71
2024-11-26 00:00:00,142911.56
2024-11-26 01:00:00,139247.93
2024-11-26 02:00:00,137635.91
2024-11-26 03:00:00,137230.9
2024-11-26 04:00:00,141200.48
2024-11-26 05:00:00,153911.57
2024-11-26 06:00:00,171900.66
2024-11-26 07:00:00,186963.01
2024-11-26 08:00:00,193455.38
2024-11-26 09:00:00,201803.35
2024-11-26 10:00:00,201211.09
2024-11-26 11:00:00,197008.44
2024-11-26 12:00:00,192133.09
2024-11-26 13:00:00,184560.99
2024-11-26 14:00:00,185468.01
2024-11-26 15:00:00,186042.95
2024-11-26 16:00:00,184647.95
2024-11-26 17:00:00,186269.36
2024-11-26 18:00:00,190272.06
2024-11-26 19:00:00,179818.62
2024-11-26 20:00:00,166730.8
2024-11-26 21:00:00,156612.21
2024-11-26 22:00:00,150056.86
2024-11-26 23:00:00,144792.4
2024-11-27 00:00:00,141034.75
2024-11-27 01:00:00,137359.84
2024-11-27 02:00:00,135681.76
2024-11-27 03:00:00,134624.38
2024-11-27 04:00:00,138841.17
2024-11-27 05:00:00,151619.55
2024-11-27 06:00:00,171622.32
2024-11-27 07:00:00,186957.09
2024-11-27 08:00:00,192547.08
2024-11-27 09:00:00,200535.24
2024-11-27 10:00:00,199859.99
2024-11-27 11:00:00,196523.42
2024-11-27 12:00:00,191086.83
2024-11-27 13:00:00,184037.64
2024-11-27 14:00:00,185886.1
2024-11-27 15:00:00,185662.55
2024-11-27 16:00:00,185551.57
2024-11-27 17:00:00,188193.38
2024-11-27 18:00:00,190761.47
2024-11-27 19:00:00,179952.67
2024-11-27 20:00:00,166808.87
2024-11-27 21:00:00,156507.92
2024-11-27 22:00:00,150368.99
2024-11-27 23:00:00,144674.05
2024-11-28 00:00:00,140522.9
2024-11-28 01:00:00,136978.57
2024-11-28 02:00:00,134737.23
2024-11-28 03:00:00,134243.6
2024-11-28 04:00:00,138697.27
2024-11-28 05:00:00,151536.0
2024-11-28 06:00:00,171415.24
2024-11-28 07:00:00,189179.03
2024-11-28 08:00:00,193237.14
2024-11-28 09:00:00,201781.11
2024-11-28 10:00:00,200284.86
2024-11-28 11:00:00,194621.49
2024-11-28 12:00:00,190254.08
2024-11-28 13:00:00,183356.01
2024-11-28 14:00:00,185242.66
2024-11-28 15:00:00,187153.29
2024-11-28 16:00:00,186507.42
2024-11-28 17:00:00,189554.4
2024-11-28 18:00:00,191492.28
2024-11-28 19:00:00,181070.42
2024-11-28 20:00:00,166539.84
2024-11-28 21:00:00,156361.35
2024-11-28 22:00:00,150112.75
2024-11-28 23:00:00,144872.94
2024-11-29 00:00:00,140360.74
2024-11-29 01:00:00,137526.6
2024-11-29 02:00:00,134638.73
2024-11-29 03:00:00,133753.02
2024-11-29 04:00:00,138875.69
2024-11-29 05:00:00,151040.57
2024-11-29 06:00:00,171505.95
2024-11-29 07:00:00,189727.13
2024-11-29 08:00:00,196241.72
2024-11-29 09:00:00,205178.07
2024-11-29 10:00:00,204369.42
2024-11-29 11:00:00,201733.64
2024-11-29 12:00:00,197660.37
2024-11-29 13:00:00,188567.86
2024-11-29 14:00:00,188063.85
2024-11-29 15:00:00,187748.16
2024-11-29 16:00:00,185384.35
2024-11-29 17:00:00,188130.67
2024-11-29 18:00:00,190456.98
2024-11-29 19:00:00,182265.3
2024-11-29 20:00:00,168306.51
2024-11-29 21:00:00,158416.97
2024-11-29 22:00:00,152166.0
2024-11-29 23:00:00,146151.05
2024-11-30 00:00:00,141611.46
2024-11-30 01:00:00,138130.69
2024-11-30 02:00:00,135625.72
2024-11-30 03:00:00,135351.82
2024-11-30 04:00:00,139379.64
2024-11-30 05:00:00,151498.97
2024-11-30 06:00:00,169678.52
2024-11-30 07:00:00,187020.45
2024-11-30 08:00:00,194706.35
2024-11-30 09:00:00,202450.92
2024-11-30 10:00:00,203243.76
2024-11-30 11:00:00,198809.46
2024-11-30 12:00:00,193268.29
2024-11-30 13:00:00,185741.06
2024-11-30 14:00:00,185502.33
2024-11-30 15:00:00,183574.18
2024-11-30 16:00:00,180900.27
2024-11-30 17:00:00,182973.09
2024-11-30 18:00:00,186888.35
2024-11-30 19:00:00,177099.53
2024-11-30 20:00:00,163177.32
2024-11-30 21:00:00,153692.81
2024-11-30 22:00:00,147398.45
2024-11-30 23:00:00,141530.19
2024-12-01 00:00:00,136970.85
2024-12-01 01:00:00,133783.75
2024-12-01 02:00:00,131492.99
2024-12-01 03:00:00,131073.4
2024-12-01 04:00:00,134919.09
2024-12-01 05:00:00,143779.57
2024-12-01 06:00:00,156378.95
2024-12-01 07:00:00,171325.43
2024-12-01 08:00:00,181410.78
2024-12-01 09:00:00,191556.01
2024-12-01 10:00:00,192797.99
2024-12-01 11:00:00,188819.27
2024-12-01 12:00:00,184438.07
2024-12-01 13:00:00,178539.22
2024-12-01 14:00:00,173584.05
2024-12-01 15:00:00,170611.01
2024-12-01 16:00:00,166854.07
2024-12-01 17:00:00,170464.55
2024-12-01 18:00:00,173364.97
2024-12-01 19:00:00,164352.01
2024-12-01 20:00:00,154444.17
2024-12-01 21:00:00,145831.9
2024-12-01 22:00:00,140589.26
2024-12-01 23:00:00,135131.44
2024-12-02 00:00:00,131292.6
2024-12-02 01:00:00,127882.09
2024-12-02 02:00:00,126150.67
2024-12-02 03:00:00,125963.42
2024-12-02 04:00:00,131067.78
2024-12-02 05:00:00,143257.19
2024-12-02 06:00:00,162397.5
2024-12-02 07:00:00,182294.77
2024-12-02 08:00:00,191317.7
2024-12-02 09:00:00,200297.5
2024-12-02 10:00:00,200198.91
2024-12-02 11:00:00,195757.55
2024-12-02 12:00:00,191036.77
2024-12-02 13:00:00,183639.32
2024-12-02 14:00:00,184742.5
2024-12-02 15:00:00,183062.59
2024-12-02 16:00:00,181125.27
2024-12-02 17:00:00,185007.58
2024-12-02 18:00:00,189355.39
2024-12-02 19:00:00,178495.97
2024-12-02 20:00:00,165729.18
2024-12-02 21:00:00,155694.78
2024-12-02 22:00:00,149172.61
2024-12-02 23:00:00,143585.96
2024-12-03 00:00:00,139021.43
2024-12-03 01:00:00,135905.18
2024-12-03 02:00:00,132730.11
2024-12-03 03:00:00,132253.97
2024-12-03 04:00:00,135767.2
2024-12-03 05:00:00,147796.91
2024-12-03 06:00:00,167194.9
2024-12-03 07:00:00,184968.9
2024-12-03 08:00:00,192100.58
2024-12-03 09:00:00,200370.56
2024-12-03 10:00:00,198162.32
2024-12-03 11:00:00,194490.73
2024-12-03 12:00:00,190669.65
2024-12-03 13:00:00,182065.81
2024-12-03 14:00:00,183985.83
2024-12-03 15:00:00,183754.02
2024-12-03 16:00:00,182443.12
2024-12-03 17:00:00,187117.53
2024-12-03 18:00:00,192307.79
2024-12-03 19:00:00,181912.76
2024-12-03 20:00:00,168594.9
2024-12-03 21:00:00,159424.82
2024-12-03 22:00:00,152777.46
2024-12-03 23:00:00,146980.2
2024-12-04 00:00:00,141774.42
2024-12-04 01:00:00,138683.38
2024-12-04 02:00:00,136711.16
2024-12-04 03:00:00,136273.85
2024-12-04 04:00:00,139297.06
2024-12-04 05:00:00,151944.2
2024-12-04 06:00:00,171479.36
2024-12-04 07:00:00,189622.4
2024-12-04 08:00:00,195815.96
2024-12-04 09:00:00,202827.35
2024-12-04 10:00:00,202590.58
2024-12-04 11:00:00,198004.83
2024-12-04 12:00:00,192292.99
2024-12-04 13:00:00,184627.07
2024-12-04 14:00:00,185875.73
2024-12-04 15:00:00,187208.61
2024-12-04 16:00:00,185370.43
2024-12-04 17:00:00,187639.09
2024-12-04 18:00:00,192818.51
2024-12-04 19:00:00,183127.81
2024-12-04 20:00:00,170112.63
2024-12-04 21:00:00,161639.38
2024-12-04 22:00:00,155413.98
2024-12-04 23:00:00,149829.99
2024-12-05 00:00:00,144990.92
2024-12-05 01:00:00,141635.53
2024-12-05 02:00:00,139341.27
2024-12-05 03:00:00,138522.57
2024-12-05 04:00:00,142682.02
2024-12-05 05:00:00,154875.95
2024-12-05 06:00:00,173606.06
2024-12-05 07:00:00,190696.04
2024-12-05 08:00:00,196084.75
2024-12-05 09:00:00,203509.79
2024-12-05 10:00:00,203612.04
2024-12-05 11:00:00,199279.04
2024-12-05 12:00:00,193696.89
2024-12-05 13:00:00,184710.46
2024-12-05 14:00:00,186535.3
2024-12-05 15:00:00,187837.6
2024-12-05 16:00:00,183834.05
2024-12-05 17:00:00,187250.92
2024-12-05 18:00:00,192396.95
2024-12-05 19:00:00,184379.7
2024-12-05 20:00:00,172439.12
2024-12-05 21:00:00,163289.02
2024-12-05 22:00:00,157966.55
2024-12-05 23:00:00,152159.27
2024-12-06 00:00:00,147501.47
2024-12-06 01:00:00,143720.47
2024-12-06 02:00:00,140974.14
2024-12-06 03:00:00,140241.45
2024-12-06 04:00:00,143636.25
2024-12-06 05:00:00,155931.33
2024-12-06 06:00:00,174271.36
2024-12-06 07:00:00,191801.55
2024-12-06 08:00:00,196934.21
2024-12-06 09:00:00,204868.22
2024-12-06 10:00:00,206468.41
2024-12-06 11:00:00,203750.38
2024-12-06 12:00:00,199036.78
2024-12-06 13:00:00,188479.11
2024-12-06 14:00:00,188972.25
2024-12-06 15:00:00,190233.55
2024-12-06 16:00:00,187087.98
2024-12-06 17:00:00,186981.19
2024-12-06 18:00:00,189515.78
2024-12-06 19:00:00,185431.75
2024-12-06 20:00:00,173159.32
2024-12-06 21:00:00,163816.46
2024-12-06 22:00:00,157762.97
2024-12-06 23:00:00,152133.69
2024-12-07 00:00:00,147314.27
2024-12-07 01:00:00,143482.17
2024-12-07 02:00:00,140992.03
2024-12-07 03:00:00,140590.96
2024-12-07 04:00:00,144152.74
2024-12-07 05:00:00,155482.12
2024-12-07 06:00:00,171911.71
2024-12-07 07:00:00,187637.47
2024-12-07 08:00:00,194889.14
2024-12-07 09:00:00,202513.62
2024-12-07 10:00:00,203340.11
2024-12-07 11:00:00,199280.68
2024-12-07 12:00:00,194462.91
2024-12-07 13:00:00,186634.68
2024-12-07 14:00:00,187518.08
2024-12-07 15:00:00,190064.82
2024-12-07 16:00:00,187329.74
2024-12-07 17:00:00,188581.24
2024-12-07 18:00:00,193218.04
2024-12-07 19:00:00,184540.15
2024-12-07 20:00:00,170942.38
2024-12-07 21:00:00,162383.28
2024-12-07 22:00:00,157177.23
2024-12-07 23:00:00,151400.94
2024-12-08 00:00:00,146322.19
2024-12-08 01:00:00,142617.24
2024-12-08 02:00:00,140250.71
2024-12-08 03:00:00,139383.52
2024-12-08 04:00:00,142632.74
2024-12-08 05:00:00,151758.62
2024-12-08 06:00:00,163806.89
2024-12-08 07:00:00,178017.47
2024-12-08 08:00:00,187410.9
2024-12-08 09:00:00,196961.57
2024-12-08 10:00:00,197484.21
2024-12-08 11:00:00,191084.57
2024-12-08 12:00:00,186801.47
2024-12-08 13:00:00,180397.53
2024-12-08 14:00:00,178864.3
2024-12-08 15:00:00,175988.26
2024-12-08 16:00:00,172357.13
2024-12-08 17:00:00,175694.4
2024-12-08 18:00:00,181056.83
2024-12-08 19:00:00,172919.69
2024-12-08 20:00:00,160870.77
2024-12-08 21:00:00,153182.13
2024-12-08 22:00:00,147210.04
2024-12-08 23:00:00,141835.73
2024-12-09 00:00:00,137469.0
2024-12-09 01:00:00,134855.47
2024-12-09 02:00:00,132764.19
2024-12-09 03:00:00,131985.13
2024-12-09 04:00:00,135709.78
2024-12-09 05:00:00,147597.83
2024-12-09 06:00:00,166960.52
2024-12-09 07:00:00,186190.2
2024-12-09 08:00:00,194551.71
2024-12-09 09:00:00,203513.69
2024-12-09 10:00:00,204300.32
2024-12-09 11:00:00,200614.41
2024-12-09 12:00:00,195420.95
2024-12-09 13:00:00,188095.52
2024-12-09 14:00:00,188208.39
2024-12-09 15:00:00,188843.71
2024-12-09 16:00:00,184975.18
2024-12-09 17:00:00,188205.2
2024-12-09 18:00:00,193792.27
2024-12-09 19:00:00,184873.83
2024-12-09 20:00:00,170967.72
2024-12-09 21:00:00,162210.81
2024-12-09 22:00:00,156057.95
2024-12-09 23:00:00,150007.52
2024-12-10 00:00:00,144440.63
2024-12-10 01:00:00,140555.51
2024-12-10 02:00:00,138262.57
2024-12-10 03:00:00,138135.19
2024-12-10 04:00:00,141448.51
2024-12-10 05:00:00,153027.85
2024-12-10 06:00:00,172332.35
2024-12-10 07:00:00,190216.67
2024-12-10 08:00:00,198205.64
2024-12-10 09:00:00,207340.14
2024-12-10 10:00:00,208005.44
2024-12-10 11:00:00,203421.67
2024-12-10 12:00:00,196955.88
2024-12-10 13:00:00,189933.45
2024-12-10 14:00:00,189729.54
2024-12-10 15:00:00,191056.79
2024-12-10 16:00:00,188552.97
2024-12-10 17:00:00,190800.13
2024-12-10 18:00:00,196120.84
2024-12-10 19:00:00,187508.51
2024-12-10 20:00:00,173298.99
2024-12-10 21:00:00,163309.45
2024-12-10 22:00:00,156187.2
2024-12-10 23:00:00,149681.48
2024-12-11 00:00:00,144710.33
2024-12-11 01:00:00,141629.22
2024-12-11 02:00:00,138534.94
2024-12-11 03:00:00,138258.04
2024-12-11 04:00:00,141742.47
2024-12-11 05:00:00,153018.7
2024-12-11 06:00:00,172655.24
2024-12-11 07:00:00,191309.31
2024-12-11 08:00:00,198737.97
2024-12-11 09:00:00,208759.19
2024-12-11 10:00:00,209114.31
2024-12-11 11:00:00,203736.79
2024-12-11 12:00:00,198989.6
2024-12-11 13:00:00,189599.48
2024-12-11 14:00:00,189741.52
2024-12-11 15:00:00,190654.59
2024-12-11 16:00:00,188381.65
2024-12-11 17:00:00,189536.77
2024-12-11 18:00:00,194658.35
2024-12-11 19:00:00,186402.93
2024-12-11 20:00:00,172706.52
2024-12-11 21:00:00,163514.41
2024-12-11 22:00:00,155862.28
2024-12-11 23:00:00,149380.13
2024-12-12 00:00:00,144371.69
2024-12-12 01:00:00,140621.89
2024-12-12 02:00:00,138051.69
2024-12-12 03:00:00,137571.3
2024-12-12 04:00:00,141203.27
2024-12-12 05:00:00,152822.91
2024-12-12 06:00:00,172213.53
2024-12-12 07:00:00,192074.52
2024-12-12 08:00:00,199645.51
2024-12-12 09:00:00,209251.84
2024-12-12 10:00:00,209309.1
2024-12-12 11:00:00,209238.72
2024-12-12 12:00:00,209226.8
2024-12-12 13:00:00,209208.36
2024-12-12 14:00:00,186696.1
2024-12-12 15:00:00,188564.99
2024-12-12 16:00:00,186995.16
2024-12-12 17:00:00,188239.39
2024-12-12 18:00:00,191510.01
2024-12-12 19:00:00,185373.52
2024-12-12 20:00:00,171903.0
2024-12-12 21:00:00,161989.25
2024-12-12 22:00:00,153720.54
2024-12-12 23:00:00,146516.47
2024-12-13 00:00:00,141593.46
2024-12-13 01:00:00,137819.05
2024-12-13 02:00:00,136056.06
2024-12-13 03:00:00,135941.45
2024-12-13 04:00:00,139284.24
2024-12-13 05:00:00,151791.82
2024-12-13 06:00:00,171827.67
2024-12-13 07:00:00,193118.49
2024-12-13 08:00:00,202532.93
2024-12-13 09:00:00,211709.54
2024-12-13 10:00:00,210930.76
2024-12-13 11:00:00,206539.17
2024-12-13 12:00:00,200606.91
2024-12-13 13:00:00,190349.44
2024-12-13 14:00:00,188231.39
2024-12-13 15:00:00,188767.0
2024-12-13 16:00:00,187268.08
2024-12-13 17:00:00,189243.85
2024-12-13 18:00:00,195455.68
2024-12-13 19:00:00,186365.1
2024-12-13 20:00:00,172470.88
2024-12-13 21:00:00,161512.79
2024-12-13 22:00:00,153683.58
2024-12-13 23:00:00,145931.34
2024-12-14 00:00:00,141314.13
2024-12-14 01:00:00,137722.08
2024-12-14 02:00:00,135505.46
2024-12-14 03:00:00,135190.85
2024-12-14 04:00:00,139058.46
2024-12-14 05:00:00,150087.02
2024-12-14 06:00:00,168382.87
2024-12-14 07:00:00,187600.83
2024-12-14 08:00:00,197665.49
2024-12-14 09:00:00,207709.59
2024-12-14 10:00:00,208146.9
2024-12-14 11:00:00,202978.61
2024-12-14 12:00:00,196921.64
2024-12-14 13:00:00,188635.98
2024-12-14 14:00:00,188647.1
2024-12-14 15:00:00,189831.43
2024-12-14 16:00:00,188324.17
2024-12-14 17:00:00,187596.56
2024-12-14 18:00:00,193125.45
2024-12-14 19:00:00,185538.09
2024-12-14 20:00:00,172079.17
2024-12-14 21:00:00,160851.89
2024-12-14 22:00:00,153075.2
2024-12-14 23:00:00,145974.31
2024-12-15 00:00:00,141193.03
2024-12-15 01:00:00,137399.71
2024-12-15 02:00:00,135074.57
2024-12-15 03:00:00,134610.05
2024-12-15 04:00:00,138243.78
2024-12-15 05:00:00,147331.32
2024-12-15 06:00:00,161590.91
2024-12-15 07:00:00,177658.3
2024-12-15 08:00:00,190717.64
2024-12-15 09:00:00,202916.97
2024-12-15 10:00:00,202828.45
2024-12-15 11:00:00,198035.78
2024-12-15 12:00:00,192207.6
2024-12-15 13:00:00,184216.91
2024-12-15 14:00:00,180299.08
2024-12-15 15:00:00,178336.06
2024-12-15 16:00:00,175096.77
2024-12-15 17:00:00,175875.7
2024-12-15 18:00:00,181516.17
2024-12-15 19:00:00,174309.85
2024-12-15 20:00:00,162516.2
2024-12-15 21:00:00,153062.31
2024-12-15 22:00:00,146527.95
2024-12-15 23:00:00,139632.25
2024-12-16 00:00:00,135034.59
2024-12-16 01:00:00,131796.01
2024-12-16 02:00:00,129628.21
2024-12-16 03:00:00,129306.2
2024-12-16 04:00:00,134292.37
2024-12-16 05:00:00,146445.57
2024-12-16 06:00:00,167863.39
2024-12-16 07:00:00,189406.14
2024-12-16 08:00:00,199262.91
2024-12-16 09:00:00,211178.24
2024-12-16 10:00:00,210134.41
2024-12-16 11:00:00,206827.27
2024-12-16 12:00:00,201245.9
2024-12-16 13:00:00,192522.52
2024-12-16 14:00:00,192552.66
2024-12-16 15:00:00,193436.33
2024-12-16 16:00:00,193672.13
2024-12-16 17:00:00,191845.49
2024-12-16 18:00:00,195311.11
2024-12-16 19:00:00,188743.8
2024-12-16 20:00:00,176041.75
2024-12-16 21:00:00,163770.08
2024-12-16 22:00:00,155138.71
2024-12-16 23:00:00,148276.88
2024-12-17 00:00:00,142657.79
2024-12-17 01:00:00,139797.14
2024-12-17 02:00:00,136929.28
2024-12-17 03:00:00,136904.23
2024-12-17 04:00:00,141488.19
2024-12-17 05:00:00,153977.81
2024-12-17 06:00:00,174365.44
2024-12-17 07:00:00,193416.78
2024-12-17 08:00:00,203992.83
2024-12-17 09:00:00,214712.05
2024-12-17 10:00:00,213993.84
2024-12-17 11:00:00,211246.41
2024-12-17 12:00:00,204810.1
2024-12-17 13:00:00,195276.88
2024-12-17 14:00:00,195811.81
2024-12-17 15:00:00,196566.37
2024-12-17 16:00:00,193192.47
2024-12-17 17:00:00,190364.67
2024-12-17 18:00:00,197462.61
2024-12-17 19:00:00,190229.31
2024-12-17 20:00:00,175765.25
2024-12-17 21:00:00,165073.0
2024-12-17 22:00:00,157166.22
2024-12-17 23:00:00,149383.64
2024-12-18 00:00:00,144655.65
2024-12-18 01:00:00,141162.6
2024-12-18 02:00:00,139054.93
2024-12-18 03:00:00,138871.23
2024-12-18 04:00:00,143231.59
2024-12-18 05:00:00,156033.17
2024-12-18 06:00:00,177677.5
2024-12-18 07:00:00,196560.88
2024-12-18 08:00:00,206097.82
2024-12-18 09:00:00,214503.05
2024-12-18 10:00:00,216069.1
2024-12-18 11:00:00,211831.28
2024-12-18 12:00:00,207944.27
2024-12-18 13:00:00,198687.42
2024-12-18 14:00:00,196908.78
2024-12-18 15:00:00,197033.04
2024-12-18 16:00:00,193820.77
2024-12-18 17:00:00,191800.03
2024-12-18 18:00:00,196144.85
2024-12-18 19:00:00,190975.98
2024-12-18 20:00:00,178677.6
2024-12-18 21:00:00,167993.69
2024-12-18 22:00:00,159498.26
2024-12-18 23:00:00,151390.05
2024-12-19 00:00:00,146052.08
2024-12-19 01:00:00,142879.86
2024-12-19 02:00:00,140847.94
2024-12-19 03:00:00,140730.46
2024-12-19 04:00:00,145292.14
2024-12-19 05:00:00,157714.01
2024-12-19 06:00:00,178889.77
2024-12-19 07:00:00,199034.56
2024-12-19 08:00:00,207574.31
2024-12-19 09:00:00,216766.47
2024-12-19 10:00:00,217523.32
2024-12-19 11:00:00,213240.8
2024-12-19 12:00:00,207327.43
2024-12-19 13:00:00,198296.85
2024-12-19 14:00:00,198246.96
2024-12-19 15:00:00,197980.28
2024-12-19 16:00:00,193972.65
2024-12-19 17:00:00,195240.46
2024-12-19 18:00:00,198955.46
2024-12-19 19:00:00,192822.86
2024-12-19 20:00:00,179718.24
2024-12-19 21:00:00,169194.38
2024-12-19 22:00:00,162257.74
2024-12-19 23:00:00,155233.19
2024-12-20 00:00:00,148903.34
2024-12-20 01:00:00,144995.53
2024-12-20 02:00:00,142568.42
2024-12-20 03:00:00,142504.3
2024-12-20 04:00:00,147190.36
2024-12-20 05:00:00,160251.63
2024-12-20 06:00:00,179764.39
2024-12-20 07:00:00,202004.72
2024-12-20 08:00:00,210609.48
2024-12-20 09:00:00,219729.16
2024-12-20 10:00:00,222377.47
2024-12-20 11:00:00,219679.39
2024-12-20 12:00:00,213782.83
2024-12-20 13:00:00,202707.12
2024-12-20 14:00:00,201742.47
2024-12-20 15:00:00,200892.35
2024-12-20 16:00:00,194974.33
2024-12-20 17:00:00,196559.92
2024-12-20 18:00:00,200493.43
2024-12-20 19:00:00,191601.7
2024-12-20 20:00:00,178344.82
2024-12-20 21:00:00,168511.95
2024-12-20 22:00:00,161261.22
2024-12-20 23:00:00,154381.06
2024-12-21 00:00:00,149612.29
2024-12-21 01:00:00,146589.9
2024-12-21 02:00:00,144007.77
2024-12-21 03:00:00,143703.81
2024-12-21 04:00:00,147644.59
2024-12-21 05:00:00,160276.15
2024-12-21 06:00:00,176098.2
2024-12-21 07:00:00,198197.36
2024-12-21 08:00:00,206887.86
2024-12-21 09:00:00,214758.2
2024-12-21 10:00:00,216137.95
2024-12-21 11:00:00,212383.28
2024-12-21 12:00:00,206331.03
2024-12-21 13:00:00,196743.2
2024-12-21 14:00:00,196430.01
2024-12-21 15:00:00,194141.94
2024-12-21 16:00:00,190867.46
2024-12-21 17:00:00,191437.23
2024-12-21 18:00:00,198886.44
2024-12-21 19:00:00,190947.8
2024-12-21 20:00:00,178206.84
2024-12-21 21:00:00,168628.47
2024-12-21 22:00:00,161319.88
2024-12-21 23:00:00,154497.41
2024-12-22 00:00:00,150577.1
2024-12-22 01:00:00,146357.85
2024-12-22 02:00:00,144160.2
2024-12-22 03:00:00,143409.05
2024-12-22 04:00:00,147083.7
2024-12-22 05:00:00,156364.42
2024-12-22 06:00:00,168856.73
2024-12-22 07:00:00,184553.04
2024-12-22 08:00:00,196217.27
2024-12-22 09:00:00,208572.77
2024-12-22 10:00:00,210075.46
2024-12-22 11:00:00,207448.26
2024-12-22 12:00:00,202517.66
2024-12-22 13:00:00,194072.01
2024-12-22 14:00:00,189839.21
2024-12-22 15:00:00,186628.92
2024-12-22 16:00:00,181947.52
2024-12-22 17:00:00,181902.71
2024-12-22 18:00:00,186148.42
2024-12-22 19:00:00,178983.85
2024-12-22 20:00:00,168728.79
2024-12-22 21:00:00,159222.27
2024-12-22 22:00:00,152970.44
2024-12-22 23:00:00,146649.8
2024-12-23 00:00:00,143381.92
2024-12-23 01:00:00,140398.35
2024-12-23 02:00:00,138232.61
2024-12-23 03:00:00,137348.83
2024-12-23 04:00:00,141642.42
2024-12-23 05:00:00,152996.3
2024-12-23 06:00:00,170226.6
2024-12-23 07:00:00,192948.98
2024-12-23 08:00:00,202567.0
2024-12-23 09:00:00,211274.11
2024-12-23 10:00:00,214090.23
2024-12-23 11:00:00,212133.32
2024-12-23 12:00:00,205813.78
2024-12-23 13:00:00,198306.17
2024-12-23 14:00:00,197412.73
2024-12-23 15:00:00,196962.95
2024-12-23 16:00:00,193017.43
2024-12-23 17:00:00,194754.38
2024-12-23 18:00:00,198058.05
2024-12-23 19:00:00,189805.84
2024-12-23 20:00:00,177199.88
2024-12-23 21:00:00,167217.12
2024-12-23 22:00:00,159158.69
2024-12-23 23:00:00,152087.75
2024-12-24 00:00:00,147664.24
2024-12-24 01:00:00,143774.75
2024-12-24 02:00:00,141455.97
2024-12-24 03:00:00,141238.96
2024-12-24 04:00:00,145082.44
2024-12-24 05:00:00,157296.6
2024-12-24 06:00:00,174288.91
2024-12-24 07:00:00,195046.97
2024-12-24 08:00:00,204191.07
2024-12-24 09:00:00,214679.88
2024-12-24 10:00:00,217013.19
2024-12-24 11:00:00,212207.26
2024-12-24 12:00:00,206590.69
2024-12-24 13:00:00,200182.38
2024-12-24 14:00:00,199823.44
2024-12-24 15:00:00,200881.51
2024-12-24 16:00:00,195804.84
2024-12-24 17:00:00,196789.8
2024-12-24 18:00:00,198739.8
2024-12-24 19:00:00,189572.38
2024-12-24 20:00:00,176603.14
2024-12-24 21:00:00,166060.54
2024-12-24 22:00:00,158966.51
2024-12-24 23:00:00,152441.52
2024-12-25 00:00:00,147532.96
2024-12-25 01:00:00,143595.09
2024-12-25 02:00:00,141630.86
2024-12-25 03:00:00,141336.2
2024-12-25 04:00:00,145087.58
2024-12-25 05:00:00,155036.69
2024-12-25 06:00:00,168778.43
2024-12-25 07:00:00,188585.85
2024-12-25 08:00:00,203208.09
2024-12-25 09:00:00,214359.42
2024-12-25 10:00:00,218488.64
2024-12-25 11:00:00,213564.88
2024-12-25 12:00:00,208335.48
2024-12-25 13:00:00,198386.56
2024-12-25 14:00:00,196641.58
2024-12-25 15:00:00,195212.45
2024-12-25 16:00:00,191251.26
2024-12-25 17:00:00,192474.89
2024-12-25 18:00:00,195882.43
2024-12-25 19:00:00,187100.61
2024-12-25 20:00:00,173737.75
2024-12-25 21:00:00,163516.71
2024-12-25 22:00:00,157132.18
2024-12-25 23:00:00,150548.48
2024-12-26 00:00:00,145949.58
2024-12-26 01:00:00,143014.26
2024-12-26 02:00:00,140645.17
2024-12-26 03:00:00,140222.16
2024-12-26 04:00:00,144464.0
2024-12-26 05:00:00,156087.1
2024-12-26 06:00:00,173232.71
2024-12-26 07:00:00,194658.22
2024-12-26 08:00:00,207012.13
2024-12-26 09:00:00,214431.36
2024-12-26 10:00:00,217112.67
2024-12-26 11:00:00,211829.44
2024-12-26 12:00:00,204948.67
2024-12-26 13:00:00,194685.93
2024-12-26 14:00:00,192072.57
2024-12-26 15:00:00,191900.99
2024-12-26 16:00:00,190413.43
2024-12-26 17:00:00,193544.4
2024-12-26 18:00:00,198989.17
2024-12-26 19:00:00,190465.75
2024-12-26 20:00:00,176859.44
2024-12-26 21:00:00,166007.48
2024-12-26 22:00:00,159153.87
2024-12-26 23:00:00,152096.4
2024-12-27 00:00:00,147001.14
2024-12-27 01:00:00,143851.52
2024-12-27 02:00:00,141033.04
2024-12-27 03:00:00,139994.32
2024-12-27 04:00:00,143310.32
2024-12-27 05:00:00,155144.4
2024-12-27 06:00:00,170507.76
2024-12-27 07:00:00,190352.62
2024-12-27 08:00:00,198885.25
2024-12-27 09:00:00,208777.94
2024-12-27 10:00:00,208825.31
2024-12-27 11:00:00,206174.29
2024-12-27 12:00:00,198786.5
2024-12-27 13:00:00,188872.74
2024-12-27 14:00:00,186478.5
2024-12-27 15:00:00,185369.77
2024-12-27 16:00:00,183029.89
2024-12-27 17:00:00,186438.37
2024-12-27 18:00:00,191702.1
2024-12-27 19:00:00,181997.16
2024-12-27 20:00:00,168603.41
2024-12-27 21:00:00,158012.94
2024-12-27 22:00:00,149782.52
2024-12-27 23:00:00,142526.46
2024-12-28 00:00:00,137144.65
2024-12-28 01:00:00,133279.68
2024-12-28 02:00:00,129748.32
2024-12-28 03:00:00,128590.07
2024-12-28 04:00:00,132271.09
2024-12-28 05:00:00,141946.22
2024-12-28 06:00:00,156134.11
2024-12-28 07:00:00,173377.59
2024-12-28 08:00:00,185091.15
2024-12-28 09:00:00,195173.93
2024-12-28 10:00:00,195076.97
2024-12-28 11:00:00,192166.92
2024-12-28 12:00:00,187359.19
2024-12-28 13:00:00,180074.63
2024-12-28 14:00:00,180503.47
2024-12-28 15:00:00,181287.56
2024-12-28 16:00:00,181670.19
2024-12-28 17:00:00,185476.31
2024-12-28 18:00:00,190745.98
2024-12-28 19:00:00,182885.32
2024-12-28 20:00:00,170293.0
2024-12-28 21:00:00,159976.38
2024-12-28 22:00:00,152093.32
2024-12-28 23:00:00,145504.24
2024-12-29 00:00:00,140884.9
2024-12-29 01:00:00,137537.04
2024-12-29 02:00:00,134653.77
2024-12-29 03:00:00,134249.1
2024-12-29 04:00:00,138176.18
2024-12-29 05:00:00,147085.75
2024-12-29 06:00:00,159153.71
2024-12-29 07:00:00,174292.5
2024-12-29 08:00:00,185140.42
2024-12-29 09:00:00,196449.76
2024-12-29 10:00:00,197093.39
2024-12-29 11:00:00,192730.06
2024-12-29 12:00:00,186950.23
2024-12-29 13:00:00,178618.83
2024-12-29 14:00:00,174829.56
2024-12-29 15:00:00,172736.14
2024-12-29 16:00:00,172603.12
2024-12-29 17:00:00,174580.98
2024-12-29 18:00:00,182202.7
2024-12-29 19:00:00,176440.51
2024-12-29 20:00:00,164980.37
2024-12-29 21:00:00,156040.86
2024-12-29 22:00:00,148266.56
2024-12-29 23:00:00,141879.01
2024-12-30 00:00:00,137285.25
2024-12-30 01:00:00,134374.08
2024-12-30 02:00:00,131525.86
2024-12-30 03:00:00,131108.47
2024-12-30 04:00:00,135951.87
2024-12-30 05:00:00,147535.32
2024-12-30 06:00:00,163345.06
2024-12-30 07:00:00,184453.21
2024-12-30 08:00:00,197210.71
2024-12-30 09:00:00,207043.06
2024-12-30 10:00:00,207536.15
2024-12-30 11:00:00,204051.8
2024-12-30 12:00:00,197491.02
2024-12-30 13:00:00,188640.34
2024-12-30 14:00:00,188317.05
2024-12-30 15:00:00,187825.98
2024-12-30 16:00:00,187275.99
2024-12-30 17:00:00,187844.77
2024-12-30 18:00:00,194135.82
2024-12-30 19:00:00,187125.45
2024-12-30 20:00:00,175379.45
2024-12-30 21:00:00,165020.92
2024-12-30 22:00:00,155984.4
2024-12-30 23:00:00,149206.82
2024-12-31 00:00:00,143983.75
2024-12-31 01:00:00,140238.73
2024-12-31 02:00:00,138015.95
2024-12-31 03:00:00,136807.27
2024-12-31 04:00:00,140714.22
2024-12-31 05:00:00,151409.74
2024-12-31 06:00:00,166745.67
2024-12-31 07:00:00,186107.67
2024-12-31 08:00:00,198243.65
2024-12-31 09:00:00,211926.34
2024-12-31 10:00:00,213481.01
2024-12-31 11:00:00,209337.42
2024-12-31 12:00:00,203412.1
2024-12-31 13:00:00,192893.65
2024-12-31 14:00:00,192351.16
2024-12-31 15:00:00,190759.28
2024-12-31 16:00:00,191213.37
2024-12-31 17:00:00,192653.09
2024-12-31 18:00:00,197192.77
2024-12-31 19:00:00,190463.42
2024-12-31 20:00:00,176138.38
2024-12-31 21:00:00,165550.94
2024-12-31 22:00:00,156957.83
2024-12-31 23:00:00,150369.51
2025-01-01 00:00:00,146128.33
2025-01-01 01:00:00,143058.21
2025-01-01 02:00:00,138772.04
2025-01-01 03:00:00,136394.7
2025-01-01 04:00:00,137111.52
2025-01-01 05:00:00,145522.09
2025-01-01 06:00:00,160246.93
2025-01-01 07:00:00,178528.17
2025-01-01 08:00:00,193974.01
2025-01-01 09:00:00,204325.74
2025-01-01 10:00:00,212487.58
2025-01-01 11:00:00,210631.48
2025-01-01 12:00:00,204742.42
2025-01-01 13:00:00,196981.23
2025-01-01 14:00:00,188863.27
2025-01-01 15:00:00,186195.36
2025-01-01 16:00:00,182737.49
2025-01-01 17:00:00,182539.71
2025-01-01 18:00:00,184954.18
2025-01-01 19:00:00,185807.01
2025-01-01 20:00:00,174192.84
2025-01-01 21:00:00,164030.79
2025-01-01 22:00:00,152718.32
2025-01-01 23:00:00,147030.96
2025-01-02 00:00:00,140966.09
2025-01-02 01:00:00,137411.66
2025-01-02 02:00:00,134080.72
2025-01-02 03:00:00,132062.76
2025-01-02 04:00:00,132535.9
2025-01-02 05:00:00,139779.65
2025-01-02 06:00:00,155578.16
2025-01-02 07:00:00,179162.12
2025-01-02 08:00:00,195729.95
2025-01-02 09:00:00,205769.29
2025-01-02 10:00:00,213200.01
2025-01-02 11:00:00,211554.85
2025-01-02 12:00:00,206108.4
2025-01-02 13:00:00,199574.4
2025-01-02 14:00:00,192829.47
2025-01-02 15:00:00,193154.79
2025-01-02 16:00:00,192321.86
2025-01-02 17:00:00,193259.52
2025-01-02 18:00:00,197661.12
2025-01-02 19:00:00,197050.97
2025-01-02 20:00:00,186493.3
2025-01-02 21:00:00,174137.17
2025-01-02 22:00:00,162371.18
2025-01-02 23:00:00,154716.86
2025-01-03 00:00:00,147654.01
2025-01-03 01:00:00,143641.39
2025-01-03 02:00:00,140555.84
2025-01-03 03:00:00,138782.2
2025-01-03 04:00:00,139627.18
2025-01-03 05:00:00,147626.81
2025-01-03 06:00:00,163196.5
2025-01-03 07:00:00,187346.61
2025-01-03 08:00:00,203855.84
2025-01-03 09:00:00,211576.9
2025-01-03 10:00:00,219248.91
2025-01-03 11:00:00,217842.88
2025-01-03 12:00:00,213883.69
2025-01-03 13:00:00,206382.99
2025-01-03 14:00:00,195385.08
2025-01-03 15:00:00,194899.5
2025-01-03 16:00:00,193083.85
2025-01-03 17:00:00,193752.87
2025-01-03 18:00:00,196586.12
2025-01-03 19:00:00,196492.99
2025-01-03 20:00:00,185651.63
2025-01-03 21:00:00,175020.75
2025-01-03 22:00:00,162499.48
2025-01-03 23:00:00,155691.49
2025-01-04 00:00:00,148872.08
2025-01-04 01:00:00,144776.31
2025-01-04 02:00:00,141736.47
2025-01-04 03:00:00,140069.36
2025-01-04 04:00:00,140471.95
2025-01-04 05:00:00,147575.23
2025-01-04 06:00:00,163364.69
2025-01-04 07:00:00,185327.85
2025-01-04 08:00:00,198970.86
2025-01-04 09:00:00,209768.71
2025-01-04 10:00:00,217378.04
2025-01-04 11:00:00,214202.18
2025-01-04 12:00:00,210150.44
2025-01-04 13:00:00,203278.13
2025-01-04 14:00:00,196257.49
2025-01-04 15:00:00,196263.33
2025-01-04 16:00:00,195050.27
2025-01-04 17:00:00,194441.63
2025-01-04 18:00:00,196898.72
2025-01-04 19:00:00,197424.11
2025-01-04 20:00:00,187766.43
2025-01-04 21:00:00,177378.73
2025-01-04 22:00:00,164860.15
2025-01-04 23:00:00,158316.82
2025-01-05 00:00:00,151523.91
2025-01-05 01:00:00,147375.25
2025-01-05 02:00:00,143627.35
2025-01-05 03:00:00,141531.12
2025-01-05 04:00:00,142298.18
2025-01-05 05:00:00,148718.2
2025-01-05 06:00:00,160661.38
2025-01-05 07:00:00,178713.44
2025-01-05 08:00:00,192415.78
2025-01-05 09:00:00,202611.21
2025-01-05 10:00:00,211072.84
2025-01-05 11:00:00,211751.34
2025-01-05 12:00:00,206294.87
2025-01-05 13:00:00,199804.61
2025-01-05 14:00:00,192238.04
2025-01-05 15:00:00,189287.36
2025-01-05 16:00:00,185081.29
2025-01-05 17:00:00,184219.28
2025-01-05 18:00:00,186380.75
2025-01-05 19:00:00,188507.19
2025-01-05 20:00:00,177470.36
2025-01-05 21:00:00,166892.45
2025-01-05 22:00:00,156802.96
2025-01-05 23:00:00,150950.36
2025-01-06 00:00:00,144279.39
2025-01-06 01:00:00,140987.25
2025-01-06 02:00:00,137759.64
2025-01-06 03:00:00,135986.65
2025-01-06 04:00:00,136835.77
2025-01-06 05:00:00,145185.13
2025-01-06 06:00:00,162015.81
2025-01-06 07:00:00,187328.78
2025-01-06 08:00:00,204115.51
2025-01-06 09:00:00,214114.86
2025-01-06 10:00:00,220516.32
2025-01-06 11:00:00,219985.8
2025-01-06 12:00:00,215975.3
2025-01-06 13:00:00,208457.6
2025-01-06 14:00:00,202643.04
2025-01-06 15:00:00,202706.18
2025-01-06 16:00:00,200541.22
2025-01-06 17:00:00,198663.01
2025-01-06 18:00:00,199003.91
2025-01-06 19:00:00,198651.92
2025-01-06 20:00:00,189505.37
2025-01-06 21:00:00,177149.57
2025-01-06 22:00:00,165877.34
2025-01-06 23:00:00,158419.25
2025-01-07 00:00:00,151135.22
2025-01-07 01:00:00,148190.28
2025-01-07 02:00:00,144730.55
2025-01-07 03:00:00,142835.54
2025-01-07 04:00:00,143866.01
2025-01-07 05:00:00,151637.4
2025-01-07 06:00:00,168461.02
2025-01-07 07:00:00,193890.84
2025-01-07 08:00:00,209032.51
2025-01-07 09:00:00,218939.02
2025-01-07 10:00:00,225281.33
2025-01-07 11:00:00,222777.22
2025-01-07 12:00:00,215532.96
2025-01-07 13:00:00,210447.55
2025-01-07 14:00:00,204078.92
2025-01-07 15:00:00,204596.37
2025-01-07 16:00:00,202793.84
2025-01-07 17:00:00,203989.4
2025-01-07 18:00:00,203247.48
2025-01-07 19:00:00,201624.57
2025-01-07 20:00:00,192437.94
2025-01-07 21:00:00,181250.33
2025-01-07 22:00:00,168774.46
2025-01-07 23:00:00,160971.31
2025-01-08 00:00:00,153687.77
2025-01-08 01:00:00,149215.85
2025-01-08 02:00:00,145567.54
2025-01-08 03:00:00,143703.49
2025-01-08 04:00:00,144518.39
2025-01-08 05:00:00,152457.26
2025-01-08 06:00:00,169336.58
2025-01-08 07:00:00,194882.17
2025-01-08 08:00:00,208196.23
2025-01-08 09:00:00,217783.9
2025-01-08 10:00:00,224324.14
2025-01-08 11:00:00,221558.04
2025-01-08 12:00:00,214786.44
2025-01-08 13:00:00,207396.09
2025-01-08 14:00:00,202500.29
2025-01-08 15:00:00,203252.7
2025-01-08 16:00:00,200685.88
2025-01-08 17:00:00,200288.92
2025-01-08 18:00:00,201843.36
2025-01-08 19:00:00,201082.57
2025-01-08 20:00:00,192655.11
2025-01-08 21:00:00,181494.56
2025-01-08 22:00:00,169848.99
2025-01-08 23:00:00,162490.44
2025-01-09 00:00:00,154842.72
2025-01-09 01:00:00,151125.25
2025-01-09 02:00:00,147725.69
2025-01-09 03:00:00,145767.48
2025-01-09 04:00:00,146301.13
2025-01-09 05:00:00,154294.67
2025-01-09 06:00:00,170638.07
2025-01-09 07:00:00,195704.78
2025-01-09 08:00:00,209275.49
2025-01-09 09:00:00,219230.21
2025-01-09 10:00:00,224732.55
2025-01-09 11:00:00,222248.52
2025-01-09 12:00:00,215775.25
2025-01-09 13:00:00,208521.55
2025-01-09 14:00:00,201525.79
2025-01-09 15:00:00,203566.53
2025-01-09 16:00:00,201289.18
2025-01-09 17:00:00,202489.11
2025-01-09 18:00:00,201957.92
2025-01-09 19:00:00,200968.3
2025-01-09 20:00:00,193227.97
2025-01-09 21:00:00,182250.66
2025-01-09 22:00:00,169866.97
2025-01-09 23:00:00,162384.73
2025-01-10 00:00:00,154728.65
2025-01-10 01:00:00,150912.52
2025-01-10 02:00:00,146988.82
2025-01-10 03:00:00,146090.48
2025-01-10 04:00:00,147123.59
2025-01-10 05:00:00,155685.02
2025-01-10 06:00:00,172185.27
2025-01-10 07:00:00,197462.07
2025-01-10 08:00:00,209517.09
2025-01-10 09:00:00,220856.38
2025-01-10 10:00:00,228401.6
2025-01-10 11:00:00,228387.84
2025-01-10 12:00:00,224092.54
2025-01-10 13:00:00,216556.95
2025-01-10 14:00:00,208413.23
2025-01-10 15:00:00,208584.41
2025-01-10 16:00:00,203899.95
2025-01-10 17:00:00,199822.92
2025-01-10 18:00:00,198875.39
2025-01-10 19:00:00,199532.61
2025-01-10 20:00:00,191514.87
2025-01-10 21:00:00,182901.95
2025-01-10 22:00:00,171114.21
2025-01-10 23:00:00,163316.7
2025-01-11 00:00:00,154853.4
2025-01-11 01:00:00,151356.7
2025-01-11 02:00:00,147789.06
2025-01-11 03:00:00,146130.84
2025-01-11 04:00:00,146751.02
2025-01-11 05:00:00,154664.28
2025-01-11 06:00:00,168781.73
2025-01-11 07:00:00,191468.87
2025-01-11 08:00:00,205813.34
2025-01-11 09:00:00,216342.87
2025-01-11 10:00:00,223249.92
2025-01-11 11:00:00,222415.49
2025-01-11 12:00:00,215800.5
2025-01-11 13:00:00,210427.57
2025-01-11 14:00:00,203169.23
2025-01-11 15:00:00,204246.05
2025-01-11 16:00:00,200495.34
2025-01-11 17:00:00,197940.18
2025-01-11 18:00:00,196910.65
2025-01-11 19:00:00,194974.7
2025-01-11 20:00:00,186621.16
2025-01-11 21:00:00,177024.04
2025-01-11 22:00:00,165412.31
2025-01-11 23:00:00,158552.39
2025-01-12 00:00:00,151567.39
2025-01-12 01:00:00,148222.92
2025-01-12 02:00:00,143813.91
2025-01-12 03:00:00,141752.47
2025-01-12 04:00:00,141914.11
2025-01-12 05:00:00,148487.11
2025-01-12 06:00:00,159569.81
2025-01-12 07:00:00,177544.02
2025-01-12 08:00:00,194921.47
2025-01-12 09:00:00,207141.32
2025-01-12 10:00:00,211693.91
2025-01-12 11:00:00,212011.28
2025-01-12 12:00:00,207473.44
2025-01-12 13:00:00,201325.09
2025-01-12 14:00:00,194255.49
2025-01-12 15:00:00,191391.7
2025-01-12 16:00:00,188283.48
2025-01-12 17:00:00,186469.06
2025-01-12 18:00:00,187272.5
2025-01-12 19:00:00,188709.89
2025-01-12 20:00:00,178979.34
2025-01-12 21:00:00,169301.39
2025-01-12 22:00:00,158561.15
2025-01-12 23:00:00,153278.23
2025-01-13 00:00:00,145977.39
2025-01-13 01:00:00,142157.03
2025-01-13 02:00:00,139482.74
2025-01-13 03:00:00,138068.75
2025-01-13 04:00:00,139261.37
2025-01-13 05:00:00,147035.92
2025-01-13 06:00:00,161970.09
2025-01-13 07:00:00,186872.69
2025-01-13 08:00:00,205019.69
2025-01-13 09:00:00,211703.25
2025-01-13 10:00:00,216317.43
2025-01-13 11:00:00,218024.8
2025-01-13 12:00:00,213819.76
2025-01-13 13:00:00,206737.44
2025-01-13 14:00:00,198461.21
2025-01-13 15:00:00,197088.51
2025-01-13 16:00:00,192928.88
2025-01-13 17:00:00,191221.39
2025-01-13 18:00:00,192680.29
2025-01-13 19:00:00,194671.45
2025-01-13 20:00:00,183894.81
2025-01-13 21:00:00,173970.56
2025-01-13 22:00:00,164544.25
2025-01-13 23:00:00,158135.36
2025-01-14 00:00:00,150784.99
2025-01-14 01:00:00,146117.37
2025-01-14 02:00:00,141514.21
2025-01-14 03:00:00,139859.19
2025-01-14 04:00:00,141550.1
2025-01-14 05:00:00,149338.4
2025-01-14 06:00:00,164717.81
2025-01-14 07:00:00,183565.11
2025-01-14 08:00:00,197889.81
2025-01-14 09:00:00,208914.27
2025-01-14 10:00:00,213298.42
2025-01-14 11:00:00,209743.65
2025-01-14 12:00:00,202200.71
2025-01-14 13:00:00,193474.35
2025-01-14 14:00:00,185476.98
2025-01-14 15:00:00,182865.63
2025-01-14 16:00:00,177593.39
2025-01-14 17:00:00,177350.59
2025-01-14 18:00:00,179811.02
2025-01-14 19:00:00,182589.88
2025-01-14 20:00:00,172153.84
2025-01-14 21:00:00,163753.55
2025-01-14 22:00:00,154018.66
2025-01-14 23:00:00,148626.88
2025-01-15 00:00:00,141908.24
2025-01-15 01:00:00,137923.62
2025-01-15 02:00:00,134096.72
2025-01-15 03:00:00,132693.51
2025-01-15 04:00:00,133721.99
2025-01-15 05:00:00,140389.22
2025-01-15 06:00:00,155488.72
2025-01-15 07:00:00,179083.6
2025-01-15 08:00:00,196447.24
2025-01-15 09:00:00,207453.51
2025-01-15 10:00:00,215013.94
2025-01-15 11:00:00,212907.93
2025-01-15 12:00:00,206673.71
2025-01-15 13:00:00,200103.97
2025-01-15 14:00:00,193701.56
2025-01-15 15:00:00,193072.02
2025-01-15 16:00:00,191493.29
2025-01-15 17:00:00,188125.94
2025-01-15 18:00:00,189300.15
2025-01-15 19:00:00,189957.93
2025-01-15 20:00:00,180878.14
2025-01-15 21:00:00,170257.63
2025-01-15 22:00:00,159881.94
2025-01-15 23:00:00,153073.79
2025-01-16 00:00:00,146111.52
2025-01-16 01:00:00,142564.99
2025-01-16 02:00:00,138634.02
2025-01-16 03:00:00,137226.45
2025-01-16 04:00:00,137750.92
2025-01-16 05:00:00,143971.07
2025-01-16 06:00:00,159032.01
2025-01-16 07:00:00,182116.26
2025-01-16 08:00:00,200353.61
2025-01-16 09:00:00,211326.21
2025-01-16 10:00:00,218183.66
2025-01-16 11:00:00,215279.69
2025-01-16 12:00:00,209526.16
2025-01-16 13:00:00,201816.45
2025-01-16 14:00:00,196415.42
2025-01-16 15:00:00,196816.36
2025-01-16 16:00:00,194877.9
2025-01-16 17:00:00,194635.1
2025-01-16 18:00:00,195746.34
2025-01-16 19:00:00,195617.73
2025-01-16 20:00:00,186592.84
2025-01-16 21:00:00,175919.32
2025-01-16 22:00:00,164382.96
2025-01-16 23:00:00,157924.44
2025-01-17 00:00:00,150507.92
2025-01-17 01:00:00,146897.82
2025-01-17 02:00:00,143194.65
2025-01-17 03:00:00,141223.62
2025-01-17 04:00:00,141880.14
2025-01-17 05:00:00,149325.31
2025-01-17 06:00:00,165266.55
2025-01-17 07:00:00,188309.59
2025-01-17 08:00:00,204753.77
2025-01-17 09:00:00,216296.51
2025-01-17 10:00:00,223633.28
2025-01-17 11:00:00,224452.31
2025-01-17 12:00:00,218409.36
2025-01-17 13:00:00,209815.84
2025-01-17 14:00:00,201232.62
2025-01-17 15:00:00,199675.93
2025-01-17 16:00:00,197766.78
2025-01-17 17:00:00,196984.82
2025-01-17 18:00:00,198934.21
2025-01-17 19:00:00,198704.81
2025-01-17 20:00:00,189297.74
2025-01-17 21:00:00,177408.01
2025-01-17 22:00:00,167255.42
2025-01-17 23:00:00,160503.57
2025-01-18 00:00:00,152034.74
2025-01-18 01:00:00,148562.71
2025-01-18 02:00:00,145049.71
2025-01-18 03:00:00,143387.88
2025-01-18 04:00:00,144012.81
2025-01-18 05:00:00,150671.47
2025-01-18 06:00:00,165859.57
2025-01-18 07:00:00,189458.59
2025-01-18 08:00:00,206333.2
2025-01-18 09:00:00,216453.33
2025-01-18 10:00:00,222714.98
2025-01-18 11:00:00,221098.45
2025-01-18 12:00:00,214300.22
2025-01-18 13:00:00,206377.61
2025-01-18 14:00:00,199840.97
2025-01-18 15:00:00,199307.09
2025-01-18 16:00:00,197403.59
2025-01-18 17:00:00,196980.53
2025-01-18 18:00:00,198205.37
2025-01-18 19:00:00,198668.48
2025-01-18 20:00:00,189230.48
2025-01-18 21:00:00,177978.07
2025-01-18 22:00:00,165969.09
2025-01-18 23:00:00,160685.67
2025-01-19 00:00:00,153370.53
2025-01-19 01:00:00,150236.65
2025-01-19 02:00:00,146595.29
2025-01-19 03:00:00,144937.59
2025-01-19 04:00:00,145905.69
2025-01-19 05:00:00,151527.0
2025-01-19 06:00:00,163670.41
2025-01-19 07:00:00,182513.71
2025-01-19 08:00:00,198751.42
2025-01-19 09:00:00,209252.9
2025-01-19 10:00:00,217010.23
2025-01-19 11:00:00,213911.03
2025-01-19 12:00:00,206407.94
2025-01-19 13:00:00,199245.08
2025-01-19 14:00:00,190657.8
2025-01-19 15:00:00,187664.44
2025-01-19 16:00:00,183345.08
2025-01-19 17:00:00,180833.38
2025-01-19 18:00:00,183558.82
2025-01-19 19:00:00,187860.11
2025-01-19 20:00:00,177300.92
2025-01-19 21:00:00,168286.37
2025-01-19 22:00:00,158283.46
2025-01-19 23:00:00,151981.1
2025-01-20 00:00:00,146047.0
2025-01-20 01:00:00,143206.65
2025-01-20 02:00:00,139994.14
2025-01-20 03:00:00,138757.97
2025-01-20 04:00:00,139898.32
2025-01-20 05:00:00,147429.51
2025-01-20 06:00:00,163930.57
2025-01-20 07:00:00,191409.53
2025-01-20 08:00:00,207534.48
2025-01-20 09:00:00,213395.33
2025-01-20 10:00:00,219764.44
2025-01-20 11:00:00,217736.16
2025-01-20 12:00:00,212466.82
2025-01-20 13:00:00,205437.91
2025-01-20 14:00:00,199188.42
2025-01-20 15:00:00,199655.03
2025-01-20 16:00:00,198255.73
2025-01-20 17:00:00,196533.88
2025-01-20 18:00:00,197488.41
2025-01-20 19:00:00,197655.07
2025-01-20 20:00:00,188893.87
2025-01-20 21:00:00,177972.12
2025-01-20 22:00:00,166676.11
2025-01-20 23:00:00,161001.75
2025-01-21 00:00:00,154178.58
2025-01-21 01:00:00,150824.92
2025-01-21 02:00:00,147110.14
2025-01-21 03:00:00,145388.41
2025-01-21 04:00:00,145757.07
2025-01-21 05:00:00,153430.31
2025-01-21 06:00:00,169635.03
2025-01-21 07:00:00,196313.49
2025-01-21 08:00:00,210141.62
2025-01-21 09:00:00,218048.2
2025-01-21 10:00:00,223841.99
2025-01-21 11:00:00,221476.86
2025-01-21 12:00:00,215043.38
2025-01-21 13:00:00,206392.04
2025-01-21 14:00:00,200070.68
2025-01-21 15:00:00,201188.73
2025-01-21 16:00:00,199874.48
2025-01-21 17:00:00,198560.06
2025-01-21 18:00:00,199439.17
2025-01-21 19:00:00,200781.57
2025-01-21 20:00:00,189785.21
2025-01-21 21:00:00,178537.35
2025-01-21 22:00:00,167350.6
2025-01-21 23:00:00,161767.86
2025-01-22 00:00:00,155470.85
2025-01-22 01:00:00,152528.76
2025-01-22 02:00:00,148784.38
2025-01-22 03:00:00,147766.13
2025-01-22 04:00:00,148053.56
2025-01-22 05:00:00,155906.46
2025-01-22 06:00:00,172190.07
2025-01-22 07:00:00,198219.85
2025-01-22 08:00:00,208685.86
2025-01-22 09:00:00,217732.28
2025-01-22 10:00:00,225955.53
2025-01-22 11:00:00,222507.07
2025-01-22 12:00:00,215361.3
2025-01-22 13:00:00,208902.64
2025-01-22 14:00:00,202500.13
2025-01-22 15:00:00,203665.85
2025-01-22 16:00:00,200102.81
2025-01-22 17:00:00,200015.93
2025-01-22 18:00:00,199888.96
2025-01-22 19:00:00,201402.78
2025-01-22 20:00:00,190335.13
2025-01-22 21:00:00,179114.77
2025-01-22 22:00:00,168416.38
2025-01-22 23:00:00,162096.25
2025-01-23 00:00:00,155659.21
2025-01-23 01:00:00,152149.1
2025-01-23 02:00:00,148837.83
2025-01-23 03:00:00,147607.88
2025-01-23 04:00:00,148196.47
2025-01-23 05:00:00,155353.93
2025-01-23 06:00:00,171353.63
2025-01-23 07:00:00,196064.74
2025-01-23 08:00:00,210471.25
2025-01-23 09:00:00,220057.33
2025-01-23 10:00:00,223818.89
2025-01-23 11:00:00,221222.63
2025-01-23 12:00:00,214664.06
2025-01-23 13:00:00,207603.6
2025-01-23 14:00:00,202736.9
2025-01-23 15:00:00,203013.85
2025-01-23 16:00:00,199322.69
2025-01-23 17:00:00,199549.42
2025-01-23 18:00:00,199196.92
2025-01-23 19:00:00,201581.62
2025-01-23 20:00:00,190475.59
2025-01-23 21:00:00,179333.52
2025-01-23 22:00:00,168398.47
2025-01-23 23:00:00,161437.73
2025-01-24 00:00:00,154708.87
2025-01-24 01:00:00,152806.65
2025-01-24 02:00:00,149692.96
2025-01-24 03:00:00,148660.81
2025-01-24 04:00:00,149365.8
2025-01-24 05:00:00,156027.89
2025-01-24 06:00:00,172861.97
2025-01-24 07:00:00,198986.28
2025-01-24 08:00:00,214115.27
2025-01-24 09:00:00,223736.36
2025-01-24 10:00:00,229160.14
2025-01-24 11:00:00,225496.91
2025-01-24 12:00:00,220028.56
2025-01-24 13:00:00,212457.12
2025-01-24 14:00:00,204985.63
2025-01-24 15:00:00,204533.94
2025-01-24 16:00:00,201855.3
2025-01-24 17:00:00,198550.71
2025-01-24 18:00:00,201543.08
2025-01-24 19:00:00,201522.54
2025-01-24 20:00:00,189986.99
2025-01-24 21:00:00,178716.55
2025-01-24 22:00:00,169301.1
2025-01-24 23:00:00,163574.69
2025-01-25 00:00:00,157277.19
2025-01-25 01:00:00,155475.65
2025-01-25 02:00:00,151978.04
2025-01-25 03:00:00,150842.16
2025-01-25 04:00:00,151296.11
2025-01-25 05:00:00,159253.1
2025-01-25 06:00:00,174844.54
2025-01-25 07:00:00,198549.25
2025-01-25 08:00:00,212312.31
2025-01-25 09:00:00,222176.61
2025-01-25 10:00:00,227183.12
2025-01-25 11:00:00,225172.62
2025-01-25 12:00:00,219147.59
2025-01-25 13:00:00,211982.26
2025-01-25 14:00:00,206501.94
2025-01-25 15:00:00,206938.9
2025-01-25 16:00:00,201404.78
2025-01-25 17:00:00,199717.51
2025-01-25 18:00:00,198543.54
2025-01-25 19:00:00,201868.91
2025-01-25 20:00:00,191974.11
2025-01-25 21:00:00,181180.76
2025-01-25 22:00:00,170743.05
2025-01-25 23:00:00,164943.19
2025-01-26 00:00:00,158842.67
2025-01-26 01:00:00,156194.84
2025-01-26 02:00:00,152270.07
2025-01-26 03:00:00,150587.68
2025-01-26 04:00:00,150975.37
2025-01-26 05:00:00,159161.92
2025-01-26 06:00:00,174273.66
2025-01-26 07:00:00,194529.19
2025-01-26 08:00:00,203808.9
2025-01-26 09:00:00,211635.69
2025-01-26 10:00:00,214870.51
2025-01-26 11:00:00,211935.12
2025-01-26 12:00:00,207387.75
2025-01-26 13:00:00,201373.51
2025-01-26 14:00:00,193545.8
2025-01-26 15:00:00,189714.03
2025-01-26 16:00:00,186300.81
2025-01-26 17:00:00,181614.7
2025-01-26 18:00:00,179178.13
2025-01-26 19:00:00,182292.6
2025-01-26 20:00:00,173144.54
2025-01-26 21:00:00,164216.76
2025-01-26 22:00:00,154974.33
2025-01-26 23:00:00,150446.82
2025-01-27 00:00:00,145585.32
2025-01-27 01:00:00,143865.78
2025-01-27 02:00:00,141149.08
2025-01-27 03:00:00,139930.94
2025-01-27 04:00:00,141190.55
2025-01-27 05:00:00,149404.78
2025-01-27 06:00:00,165978.24
2025-01-27 07:00:00,191413.15
2025-01-27 08:00:00,208873.77
2025-01-27 09:00:00,219972.0
2025-01-27 10:00:00,228839.14
2025-01-27 11:00:00,226224.43
2025-01-27 12:00:00,223454.91
2025-01-27 13:00:00,217057.55
2025-01-27 14:00:00,210166.0
2025-01-27 15:00:00,210319.88
2025-01-27 16:00:00,202171.21
2025-01-27 17:00:00,202072.69
2025-01-27 18:00:00,200912.52
2025-01-27 19:00:00,202504.55
2025-01-27 20:00:00,192693.09
2025-01-27 21:00:00,181478.16
2025-01-27 22:00:00,170456.17
2025-01-27 23:00:00,165089.4
2025-01-28 00:00:00,158384.3
2025-01-28 01:00:00,156174.19
2025-01-28 02:00:00,153091.25
2025-01-28 03:00:00,151776.1
2025-01-28 04:00:00,152679.12
2025-01-28 05:00:00,160645.59
2025-01-28 06:00:00,176507.94
2025-01-28 07:00:00,201342.72
2025-01-28 08:00:00,213920.42
2025-01-28 09:00:00,225915.73
2025-01-28 10:00:00,231973.69
2025-01-28 11:00:00,229001.69
2025-01-28 12:00:00,211758.48
2025-01-28 13:00:00,216281.97
2025-01-28 14:00:00,210805.62
2025-01-28 15:00:00,211203.39
2025-01-28 16:00:00,209400.81
2025-01-28 17:00:00,205154.03
2025-01-28 18:00:00,203510.13
2025-01-28 19:00:00,203750.8
2025-01-28 20:00:00,193619.88
2025-01-28 21:00:00,182533.39
2025-01-28 22:00:00,172480.79
2025-01-28 23:00:00,166409.44
2025-01-29 00:00:00,160211.95
2025-01-29 01:00:00,157977.75
2025-01-29 02:00:00,155479.68
2025-01-29 03:00:00,154061.32
2025-01-29 04:00:00,154610.34
2025-01-29 05:00:00,163229.42
2025-01-29 06:00:00,179981.67
2025-01-29 07:00:00,204246.21
2025-01-29 08:00:00,216890.51
2025-01-29 09:00:00,226150.71
2025-01-29 10:00:00,235343.98
2025-01-29 11:00:00,230842.97
2025-01-29 12:00:00,225012.86
2025-01-29 13:00:00,217441.56
2025-01-29 14:00:00,211193.47
2025-01-29 15:00:00,211475.94
2025-01-29 16:00:00,209546.66
2025-01-29 17:00:00,204691.0
2025-01-29 18:00:00,201539.84
2025-01-29 19:00:00,202330.99
2025-01-29 20:00:00,192176.86
2025-01-29 21:00:00,182065.23
2025-01-29 22:00:00,171794.15
2025-01-29 23:00:00,167293.89
2025-01-30 00:00:00,159831.8
2025-01-30 01:00:00,158126.18
2025-01-30 02:00:00,155616.77
2025-01-30 03:00:00,153640.49
2025-01-30 04:00:00,154229.8
2025-01-30 05:00:00,162306.32
2025-01-30 06:00:00,177195.62
2025-01-30 07:00:00,203563.42
2025-01-30 08:00:00,214423.31
2025-01-30 09:00:00,222670.57
2025-01-30 10:00:00,232520.61
2025-01-30 11:00:00,231937.0
2025-01-30 12:00:00,224208.3
2025-01-30 13:00:00,217214.49
2025-01-30 14:00:00,211409.94
2025-01-30 15:00:00,212415.77
2025-01-30 16:00:00,209271.94
2025-01-30 17:00:00,205575.7
2025-01-30 18:00:00,203024.61
2025-01-30 19:00:00,201626.62
2025-01-30 20:00:00,194173.71
2025-01-30 21:00:00,183779.36
2025-01-30 22:00:00,173810.02
2025-01-30 23:00:00,169102.02
2025-01-31 00:00:00,162175.69
2025-01-31 01:00:00,160135.87
2025-01-31 02:00:00,156911.68
2025-01-31 03:00:00,155703.47
2025-01-31 04:00:00,156240.09
2025-01-31 05:00:00,164234.82
2025-01-31 06:00:00,179290.76
2025-01-31 07:00:00,202008.45
2025-01-31 08:00:00,211366.02
2025-01-31 09:00:00,223036.16
2025-01-31 10:00:00,233856.48
2025-01-31 11:00:00,233968.04
2025-01-31 12:00:00,230702.38
2025-01-31 13:00:00,223155.95
2025-01-31 14:00:00,215176.43
2025-01-31 15:00:00,214422.72
2025-01-31 16:00:00,210858.44
2025-01-31 17:00:00,205035.04
2025-01-31 18:00:00,201971.15
2025-01-31 19:00:00,201728.49
2025-01-31 20:00:00,192510.26
2025-01-31 21:00:00,182346.29
2025-01-31 22:00:00,173337.88
2025-01-31 23:00:00,168103.11
2025-02-01 00:00:00,160928.86
2025-02-01 01:00:00,159375.24
2025-02-01 02:00:00,156287.0
2025-02-01 03:00:00,155029.89
2025-02-01 04:00:00,155136.63
2025-02-01 05:00:00,162278.65
2025-02-01 06:00:00,176022.55
2025-02-01 07:00:00,196250.63
2025-02-01 08:00:00,207643.94
2025-02-01 09:00:00,219153.19
2025-02-01 10:00:00,229535.71
2025-02-01 11:00:00,229201.62
2025-02-01 12:00:00,223440.26
2025-02-01 13:00:00,215837.7
2025-02-01 14:00:00,209526.05
2025-02-01 15:00:00,209764.82
2025-02-01 16:00:00,206073.33
2025-02-01 17:00:00,203177.92
2025-02-01 18:00:00,200387.04
2025-02-01 19:00:00,200191.72
2025-02-01 20:00:00,190357.79
2025-02-01 21:00:00,179322.63
2025-02-01 22:00:00,170777.77
2025-02-01 23:00:00,167126.6
2025-02-02 00:00:00,161463.62
2025-02-02 01:00:00,160006.3
2025-02-02 02:00:00,156719.91
2025-02-02 03:00:00,155189.71
2025-02-02 04:00:00,155234.91
2025-02-02 05:00:00,162082.97
2025-02-02 06:00:00,172585.15
2025-02-02 07:00:00,189128.57
2025-02-02 08:00:00,202702.23
2025-02-02 09:00:00,214028.6
2025-02-02 10:00:00,221654.57
2025-02-02 11:00:00,219557.05
2025-02-02 12:00:00,213070.98
2025-02-02 13:00:00,206516.84
2025-02-02 14:00:00,200243.43
2025-02-02 15:00:00,197030.75
2025-02-02 16:00:00,191668.75
2025-02-02 17:00:00,187836.88
2025-02-02 18:00:00,187158.76
2025-02-02 19:00:00,190742.75
2025-02-02 20:00:00,180404.81
2025-02-02 21:00:00,171490.64
2025-02-02 22:00:00,163789.72
2025-02-02 23:00:00,160313.49
2025-02-03 00:00:00,154631.64
2025-02-03 01:00:00,153986.67
2025-02-03 02:00:00,150434.15
2025-02-03 03:00:00,149649.22
2025-02-03 04:00:00,150710.05
2025-02-03 05:00:00,158288.76
2025-02-03 06:00:00,173613.45
2025-02-03 07:00:00,196282.48
2025-02-03 08:00:00,209757.31
2025-02-03 09:00:00,220328.05
2025-02-03 10:00:00,229368.37
2025-02-03 11:00:00,229222.79
2025-02-03 12:00:00,222913.36
2025-02-03 13:00:00,215819.13
2025-02-03 14:00:00,208529.12
2025-02-03 15:00:00,209411.79
2025-02-03 16:00:00,207273.73
2025-02-03 17:00:00,204627.02
2025-02-03 18:00:00,200612.38
2025-02-03 19:00:00,202007.8
2025-02-03 20:00:00,191720.6
2025-02-03 21:00:00,181619.64
2025-02-03 22:00:00,172191.81
2025-02-03 23:00:00,168874.54
2025-02-04 00:00:00,162402.0
2025-02-04 01:00:00,161195.14
2025-02-04 02:00:00,158043.39
2025-02-04 03:00:00,157049.36
2025-02-04 04:00:00,157613.01
2025-02-04 05:00:00,164393.74
2025-02-04 06:00:00,177860.07
2025-02-04 07:00:00,199655.4
2025-02-04 08:00:00,209189.64
2025-02-04 09:00:00,222047.02
2025-02-04 10:00:00,229991.5
2025-02-04 11:00:00,228150.62
2025-02-04 12:00:00,222893.98
2025-02-04 13:00:00,217316.76
2025-02-04 14:00:00,211709.86
2025-02-04 15:00:00,212101.7
2025-02-04 16:00:00,209839.27
2025-02-04 17:00:00,208466.36
2025-02-04 18:00:00,204450.58
2025-02-04 19:00:00,204381.53
2025-02-04 20:00:00,191286.35
2025-02-04 21:00:00,181499.38
2025-02-04 22:00:00,173668.58
2025-02-04 23:00:00,170181.76
2025-02-05 00:00:00,163954.76
2025-02-05 01:00:00,162866.79
2025-02-05 02:00:00,160137.98
2025-02-05 03:00:00,158398.19
2025-02-05 04:00:00,158879.01
2025-02-05 05:00:00,166012.65
2025-02-05 06:00:00,179322.05
2025-02-05 07:00:00,198645.03
2025-02-05 08:00:00,209649.15
2025-02-05 09:00:00,222335.17
2025-02-05 10:00:00,230052.12
2025-02-05 11:00:00,228984.53
2025-02-05 12:00:00,224735.38
2025-02-05 13:00:00,217123.41
2025-02-05 14:00:00,211994.48
2025-02-05 15:00:00,213118.82
2025-02-05 16:00:00,209530.74
2025-02-05 17:00:00,205748.88
2025-02-05 18:00:00,201939.04
2025-02-05 19:00:00,203522.3
2025-02-05 20:00:00,192875.02
2025-02-05 21:00:00,182309.73
2025-02-05 22:00:00,174179.88
2025-02-05 23:00:00,171456.22
2025-02-06 00:00:00,165918.62
2025-02-06 01:00:00,169923.69
2025-02-06 02:00:00,161090.44
2025-02-06 03:00:00,159446.06
2025-02-06 04:00:00,159799.64
2025-02-06 05:00:00,166863.32
2025-02-06 06:00:00,179544.99
2025-02-06 07:00:00,203764.26
2025-02-06 08:00:00,215731.72
2025-02-06 09:00:00,225048.09
2025-02-06 10:00:00,232224.15
2025-02-06 11:00:00,228125.16
2025-02-06 12:00:00,221505.27
2025-02-06 13:00:00,216068.29
2025-02-06 14:00:00,210715.81
2025-02-06 15:00:00,211382.08
2025-02-06 16:00:00,209543.31
2025-02-06 17:00:00,205090.34
2025-02-06 18:00:00,203059.73
2025-02-06 19:00:00,206214.84
2025-02-06 20:00:00,194940.84
2025-02-06 21:00:00,184042.47
2025-02-06 22:00:00,175853.99
2025-02-06 23:00:00,171861.66
2025-02-07 00:00:00,165268.79
2025-02-07 01:00:00,163591.34
2025-02-07 02:00:00,159973.09
2025-02-07 03:00:00,158489.64
2025-02-07 04:00:00,159204.96
2025-02-07 05:00:00,166304.28
2025-02-07 06:00:00,179987.07
2025-02-07 07:00:00,205376.51
2025-02-07 08:00:00,219770.39
2025-02-07 09:00:00,228746.84
2025-02-07 10:00:00,235653.05
2025-02-07 11:00:00,232220.32
2025-02-07 12:00:00,226925.53
2025-02-07 13:00:00,218516.89
2025-02-07 14:00:00,213001.92
2025-02-07 15:00:00,211408.51
2025-02-07 16:00:00,209516.19
2025-02-07 17:00:00,205967.1
2025-02-07 18:00:00,202334.97
2025-02-07 19:00:00,205785.48
2025-02-07 20:00:00,193124.09
2025-02-07 21:00:00,183603.34
2025-02-07 22:00:00,174772.12
2025-02-07 23:00:00,170915.92
2025-02-08 00:00:00,165096.93
2025-02-08 01:00:00,163930.6
2025-02-08 02:00:00,160923.99
2025-02-08 03:00:00,159614.41
2025-02-08 04:00:00,159961.66
2025-02-08 05:00:00,166701.4
2025-02-08 06:00:00,179216.55
2025-02-08 07:00:00,200419.93
2025-02-08 08:00:00,213965.66
2025-02-08 09:00:00,225007.35
2025-02-08 10:00:00,231671.15
2025-02-08 11:00:00,229777.88
2025-02-08 12:00:00,225102.64
2025-02-08 13:00:00,218145.82
2025-02-08 14:00:00,213892.34
2025-02-08 15:00:00,215054.54
2025-02-08 16:00:00,213194.46
2025-02-08 17:00:00,209311.49
2025-02-08 18:00:00,202889.5
2025-02-08 19:00:00,204023.95
2025-02-08 20:00:00,192309.94
2025-02-08 21:00:00,182181.27
2025-02-08 22:00:00,174396.99
2025-02-08 23:00:00,172008.43
2025-02-09 00:00:00,166209.18
2025-02-09 01:00:00,164548.84
2025-02-09 02:00:00,161824.33
2025-02-09 03:00:00,159857.77
2025-02-09 04:00:00,160038.21
2025-02-09 05:00:00,165649.96
2025-02-09 06:00:00,175445.39
2025-02-09 07:00:00,191594.05
2025-02-09 08:00:00,205885.6
2025-02-09 09:00:00,217101.8
2025-02-09 10:00:00,225871.66
2025-02-09 11:00:00,223769.39
2025-02-09 12:00:00,220776.21
2025-02-09 13:00:00,213773.82
2025-02-09 14:00:00,206039.7
2025-02-09 15:00:00,203659.65
2025-02-09 16:00:00,197786.38
2025-02-09 17:00:00,193543.63
2025-02-09 18:00:00,188900.17
2025-02-09 19:00:00,193157.54
2025-02-09 20:00:00,182987.25
2025-02-09 21:00:00,174586.92
2025-02-09 22:00:00,167625.8
2025-02-09 23:00:00,164504.09
2025-02-10 00:00:00,159490.57
2025-02-10 01:00:00,158918.47
2025-02-10 02:00:00,155214.48
2025-02-10 03:00:00,154002.76
2025-02-10 04:00:00,155053.59
2025-02-10 05:00:00,162720.91
2025-02-10 06:00:00,177846.71
2025-02-10 07:00:00,199719.09
2025-02-10 08:00:00,211085.11
2025-02-10 09:00:00,222758.67
2025-02-10 10:00:00,232837.54
2025-02-10 11:00:00,232623.29
2025-02-10 12:00:00,228923.94
2025-02-10 13:00:00,221921.94
2025-02-10 14:00:00,215412.03
2025-02-10 15:00:00,216528.08
2025-02-10 16:00:00,214481.99
2025-02-10 17:00:00,209631.48
2025-02-10 18:00:00,201593.69
2025-02-10 19:00:00,203320.04
2025-02-10 20:00:00,193301.76
2025-02-10 21:00:00,183834.56
2025-02-10 22:00:00,175839.37
2025-02-10 23:00:00,172728.45
2025-02-11 00:00:00,167080.79
2025-02-11 01:00:00,165860.26
2025-02-11 02:00:00,162718.76
2025-02-11 03:00:00,161344.09
2025-02-11 04:00:00,161049.62
2025-02-11 05:00:00,168319.81
2025-02-11 06:00:00,181288.12
2025-02-11 07:00:00,201641.77
2025-02-11 08:00:00,211536.08
2025-02-11 09:00:00,224343.04
2025-02-11 10:00:00,232637.88
2025-02-11 11:00:00,231161.63
2025-02-11 12:00:00,228088.85
2025-02-11 13:00:00,222438.38
2025-02-11 14:00:00,216436.53
2025-02-11 15:00:00,217781.1
2025-02-11 16:00:00,215509.67
2025-02-11 17:00:00,210985.22
2025-02-11 18:00:00,204230.89
2025-02-11 19:00:00,204444.47
2025-02-11 20:00:00,194931.41
2025-02-11 21:00:00,184395.66
2025-02-11 22:00:00,176879.58
2025-02-11 23:00:00,173890.29
2025-02-12 00:00:00,169100.81
2025-02-12 01:00:00,167411.39
2025-02-12 02:00:00,164711.25
2025-02-12 03:00:00,162698.68
2025-02-12 04:00:00,163413.67
2025-02-12 05:00:00,170966.36
2025-02-12 06:00:00,183056.32
2025-02-12 07:00:00,203795.8
2025-02-12 08:00:00,213627.59
2025-02-12 09:00:00,223629.44
2025-02-12 10:00:00,234987.55
2025-02-12 11:00:00,234266.47
2025-02-12 12:00:00,230286.5
2025-02-12 13:00:00,221579.47
2025-02-12 14:00:00,214711.4
2025-02-12 15:00:00,215785.11
2025-02-12 16:00:00,212984.39
2025-02-12 17:00:00,210629.09
2025-02-12 18:00:00,204259.16
2025-02-12 19:00:00,204736.44
2025-02-12 20:00:00,194786.68
2025-02-12 21:00:00,183949.15
2025-02-12 22:00:00,177200.86
2025-02-12 23:00:00,174900.63
2025-02-13 00:00:00,169001.39
2025-02-13 01:00:00,168329.48
2025-02-13 02:00:00,164930.42
2025-02-13 03:00:00,163519.74
2025-02-13 04:00:00,163787.0
2025-02-13 05:00:00,170683.43
2025-02-13 06:00:00,182793.81
2025-02-13 07:00:00,204030.04
2025-02-13 08:00:00,213489.81
2025-02-13 09:00:00,223932.46
2025-02-13 10:00:00,232706.09
2025-02-13 11:00:00,230243.18
2025-02-13 12:00:00,222191.77
2025-02-13 13:00:00,215180.04
2025-02-13 14:00:00,210179.74
2025-02-13 15:00:00,212058.86
2025-02-13 16:00:00,210057.98
2025-02-13 17:00:00,209250.58
2025-02-13 18:00:00,202780.22
2025-02-13 19:00:00,204462.91
2025-02-13 20:00:00,196400.57
2025-02-13 21:00:00,185647.58
2025-02-13 22:00:00,177575.98
2025-02-13 23:00:00,175007.69
2025-02-14 00:00:00,169557.05
2025-02-14 01:00:00,168272.35
2025-02-14 02:00:00,164926.0
2025-02-14 03:00:00,163381.43
2025-02-14 04:00:00,163846.37
2025-02-14 05:00:00,171547.09
2025-02-14 06:00:00,183337.36
2025-02-14 07:00:00,204826.25
2025-02-14 08:00:00,213498.75
2025-02-14 09:00:00,224397.29
2025-02-14 10:00:00,231803.21
2025-02-14 11:00:00,231485.9
2025-02-14 12:00:00,225350.13
2025-02-14 13:00:00,217814.54
2025-02-14 14:00:00,210659.39
2025-02-14 15:00:00,209983.74
2025-02-14 16:00:00,211206.76
2025-02-14 17:00:00,212446.8
2025-02-14 18:00:00,203235.22
2025-02-14 19:00:00,204924.87
2025-02-14 20:00:00,195722.14
2025-02-14 21:00:00,184575.9
2025-02-14 22:00:00,177157.0
2025-02-14 23:00:00,175007.23
2025-02-15 00:00:00,169339.7
2025-02-15 01:00:00,167842.94
2025-02-15 02:00:00,164558.77
2025-02-15 03:00:00,162432.42
2025-02-15 04:00:00,162683.24
2025-02-15 05:00:00,169762.8
2025-02-15 06:00:00,183266.93
2025-02-15 07:00:00,202491.01
2025-02-15 08:00:00,212328.17
2025-02-15 09:00:00,222983.85
2025-02-15 10:00:00,232009.6
2025-02-15 11:00:00,230022.06
2025-02-15 12:00:00,223732.81
2025-02-15 13:00:00,217132.4
2025-02-15 14:00:00,212134.27
2025-02-15 15:00:00,214052.96
2025-02-15 16:00:00,211527.32
2025-02-15 17:00:00,206914.25
2025-02-15 18:00:00,200222.07
2025-02-15 19:00:00,204884.85
2025-02-15 20:00:00,194730.36
2025-02-15 21:00:00,183177.12
2025-02-15 22:00:00,175798.98
2025-02-15 23:00:00,174001.92
2025-02-16 00:00:00,169025.83
2025-02-16 01:00:00,167892.25
2025-02-16 02:00:00,164661.48
2025-02-16 03:00:00,163390.26
2025-02-16 04:00:00,163313.7
2025-02-16 05:00:00,168845.77
2025-02-16 06:00:00,177897.24
2025-02-16 07:00:00,193597.21
2025-02-16 08:00:00,203977.09
2025-02-16 09:00:00,214368.93
2025-02-16 10:00:00,223504.62
2025-02-16 11:00:00,221215.72
2025-02-16 12:00:00,216945.43
2025-02-16 13:00:00,211477.06
2025-02-16 14:00:00,205565.82
2025-02-16 15:00:00,201908.54
2025-02-16 16:00:00,199811.24
2025-02-16 17:00:00,195955.27
2025-02-16 18:00:00,189772.16
2025-02-16 19:00:00,193006.45
2025-02-16 20:00:00,183684.38
2025-02-16 21:00:00,174411.08
2025-02-16 22:00:00,168640.72
2025-02-16 23:00:00,167576.22
2025-02-17 00:00:00,162983.91
2025-02-17 01:00:00,162528.69
2025-02-17 02:00:00,159774.65
2025-02-17 03:00:00,157999.54
2025-02-17 04:00:00,159112.8
2025-02-17 05:00:00,166313.92
2025-02-17 06:00:00,180692.97
2025-02-17 07:00:00,201705.05
2025-02-17 08:00:00,211973.69
2025-02-17 09:00:00,221562.31
2025-02-17 10:00:00,223546.62
2025-02-17 11:00:00,230073.12
2025-02-17 12:00:00,225232.47
2025-02-17 13:00:00,220083.21
2025-02-17 14:00:00,215574.68
2025-02-17 15:00:00,216623.78
2025-02-17 16:00:00,214710.37
2025-02-17 17:00:00,211088.31
2025-02-17 18:00:00,203729.71
2025-02-17 19:00:00,204762.38
2025-02-17 20:00:00,196825.22
2025-02-17 21:00:00,185837.83
2025-02-17 22:00:00,178467.35
2025-02-17 23:00:00,176855.22
2025-02-18 00:00:00,171408.14
2025-02-18 01:00:00,170348.95
2025-02-18 02:00:00,167516.06
2025-02-18 03:00:00,165575.98
2025-02-18 04:00:00,165720.45
2025-02-18 05:00:00,172257.88
2025-02-18 06:00:00,185474.73
2025-02-18 07:00:00,204781.66
2025-02-18 08:00:00,212796.5
2025-02-18 09:00:00,222128.03
2025-02-18 10:00:00,231441.79
2025-02-18 11:00:00,233087.52
2025-02-18 12:00:00,227587.6
2025-02-18 13:00:00,221758.56
2025-02-18 14:00:00,216691.83
2025-02-18 15:00:00,217845.45
2025-02-18 16:00:00,214666.95
2025-02-18 17:00:00,210612.4
2025-02-18 18:00:00,203598.44
2025-02-18 19:00:00,204998.66
2025-02-18 20:00:00,196471.4
2025-02-18 21:00:00,185973.06
2025-02-18 22:00:00,179540.98
2025-02-18 23:00:00,177821.02
2025-02-19 00:00:00,173180.22
2025-02-19 01:00:00,171855.19
2025-02-19 02:00:00,168554.5
2025-02-19 03:00:00,166974.62
2025-02-19 04:00:00,166774.58
2025-02-19 05:00:00,173521.24
2025-02-19 06:00:00,185789.65
2025-02-19 07:00:00,205820.08
2025-02-19 08:00:00,214113.09
2025-02-19 09:00:00,222446.88
2025-02-19 10:00:00,234081.86
2025-02-19 11:00:00,233420.8
2025-02-19 12:00:00,224443.95
2025-02-19 13:00:00,218996.55
2025-02-19 14:00:00,215107.93
2025-02-19 15:00:00,215942.41
2025-02-19 16:00:00,214573.91
2025-02-19 17:00:00,212172.11
2025-02-19 18:00:00,204801.43
2025-02-19 19:00:00,206560.48
2025-02-19 20:00:00,196547.77
2025-02-19 21:00:00,185905.57
2025-02-19 22:00:00,179311.17
2025-02-19 23:00:00,177733.3
2025-02-20 00:00:00,172851.44
2025-02-20 01:00:00,171201.79
2025-02-20 02:00:00,167061.58
2025-02-20 03:00:00,164077.83
2025-02-20 04:00:00,163136.37
2025-02-20 05:00:00,168199.82
2025-02-20 06:00:00,178620.46
2025-02-20 07:00:00,198618.53
2025-02-20 08:00:00,208971.83
2025-02-20 09:00:00,217349.03
2025-02-20 10:00:00,225915.45
2025-02-20 11:00:00,222516.69
2025-02-20 12:00:00,216985.05
2025-02-20 13:00:00,210069.18
2025-02-20 14:00:00,207181.19
2025-02-20 15:00:00,210231.73
2025-02-20 16:00:00,210195.04
2025-02-20 17:00:00,208116.33
2025-02-20 18:00:00,202850.69
2025-02-20 19:00:00,203906.23
2025-02-20 20:00:00,194793.4
2025-02-20 21:00:00,184578.7
2025-02-20 22:00:00,178264.81
2025-02-20 23:00:00,176012.85
2025-02-21 00:00:00,171290.2
2025-02-21 01:00:00,170254.04
2025-02-21 02:00:00,166754.06
2025-02-21 03:00:00,164707.54
2025-02-21 04:00:00,164813.32
2025-02-21 05:00:00,170917.4
2025-02-21 06:00:00,183283.44
2025-02-21 07:00:00,204172.19
2025-02-21 08:00:00,212396.28
2025-02-21 09:00:00,221319.96
2025-02-21 10:00:00,229972.24
2025-02-21 11:00:00,228297.13
2025-02-21 12:00:00,223569.85
2025-02-21 13:00:00,217615.24
2025-02-21 14:00:00,212070.95
2025-02-21 15:00:00,214608.63
2025-02-21 16:00:00,213211.89
2025-02-21 17:00:00,209393.13
2025-02-21 18:00:00,202918.88
2025-02-21 19:00:00,204956.81
2025-02-21 20:00:00,196408.24
2025-02-21 21:00:00,186802.91
2025-02-21 22:00:00,180262.08
2025-02-21 23:00:00,179417.05
2025-02-22 00:00:00,174849.47
2025-02-22 01:00:00,173942.98
2025-02-22 02:00:00,169832.37
2025-02-22 03:00:00,168334.03
2025-02-22 04:00:00,167606.7
2025-02-22 05:00:00,174211.82
2025-02-22 06:00:00,184700.28
2025-02-22 07:00:00,202101.39
2025-02-22 08:00:00,210236.07
2025-02-22 09:00:00,220184.18
2025-02-22 10:00:00,227735.07
2025-02-22 11:00:00,225810.06
2025-02-22 12:00:00,220726.82
2025-02-22 13:00:00,214325.31
2025-02-22 14:00:00,210333.22
2025-02-22 15:00:00,212671.93
2025-02-22 16:00:00,211941.72
2025-02-22 17:00:00,207763.86
2025-02-22 18:00:00,200783.87
2025-02-22 19:00:00,203786.48
2025-02-22 20:00:00,195738.32
2025-02-22 21:00:00,186501.21
2025-02-22 22:00:00,180336.71
2025-02-22 23:00:00,179606.85
2025-02-23 00:00:00,174078.48
2025-02-23 01:00:00,173499.47
2025-02-23 02:00:00,169867.19
2025-02-23 03:00:00,167564.35
2025-02-23 04:00:00,167549.42
2025-02-23 05:00:00,172370.34
2025-02-23 06:00:00,181329.22
2025-02-23 07:00:00,194527.4
2025-02-23 08:00:00,202074.6
2025-02-23 09:00:00,209658.08
2025-02-23 10:00:00,216824.76
2025-02-23 11:00:00,215351.92
2025-02-23 12:00:00,210477.22
2025-02-23 13:00:00,206767.61
2025-02-23 14:00:00,200580.73
2025-02-23 15:00:00,200042.03
2025-02-23 16:00:00,197606.02
2025-02-23 17:00:00,193136.43
2025-02-23 18:00:00,186901.79
2025-02-23 19:00:00,194398.67
2025-02-23 20:00:00,185724.49
2025-02-23 21:00:00,177287.29
2025-02-23 22:00:00,171055.74
2025-02-23 23:00:00,170027.75
2025-02-24 00:00:00,165088.41
2025-02-24 01:00:00,164666.54
2025-02-24 02:00:00,161525.29
2025-02-24 03:00:00,159840.94
2025-02-24 04:00:00,160373.11
2025-02-24 05:00:00,166963.5
2025-02-24 06:00:00,180258.84
2025-02-24 07:00:00,201506.12
2025-02-24 08:00:00,211756.85
2025-02-24 09:00:00,219570.1
2025-02-24 10:00:00,228060.72
2025-02-24 11:00:00,225393.93
2025-02-24 12:00:00,219934.72
2025-02-24 13:00:00,210749.98
2025-02-24 14:00:00,207986.6
2025-02-24 15:00:00,211316.18
2025-02-24 16:00:00,210624.1
2025-02-24 17:00:00,208581.14
2025-02-24 18:00:00,199499.22
2025-02-24 19:00:00,205628.91
2025-02-24 20:00:00,195833.46
2025-02-24 21:00:00,186100.9
2025-02-24 22:00:00,180179.43
2025-02-24 23:00:00,178763.42
2025-02-25 00:00:00,173692.27
2025-02-25 01:00:00,172217.26
2025-02-25 02:00:00,168800.08
2025-02-25 03:00:00,166881.09
2025-02-25 04:00:00,167249.56
2025-02-25 05:00:00,172878.14
2025-02-25 06:00:00,184913.07
2025-02-25 07:00:00,204640.84
2025-02-25 08:00:00,213044.54
2025-02-25 09:00:00,220648.6
2025-02-25 10:00:00,227503.79
2025-02-25 11:00:00,225106.33
2025-02-25 12:00:00,222248.09
2025-02-25 13:00:00,216306.61
2025-02-25 14:00:00,210897.39
2025-02-25 15:00:00,213414.01
2025-02-25 16:00:00,212631.09
2025-02-25 17:00:00,207917.29
2025-02-25 18:00:00,200981.57
2025-02-25 19:00:00,205106.19
2025-02-25 20:00:00,196265.54
2025-02-25 21:00:00,186794.47
2025-02-25 22:00:00,180162.33
2025-02-25 23:00:00,178781.12
2025-02-26 00:00:00,173873.19
2025-02-26 01:00:00,173088.25
2025-02-26 02:00:00,169497.42
2025-02-26 03:00:00,167616.14
2025-02-26 04:00:00,167417.78
2025-02-26 05:00:00,174598.54
2025-02-26 06:00:00,186027.68
2025-02-26 07:00:00,200994.14
2025-02-26 08:00:00,213207.8
2025-02-26 09:00:00,223715.94
2025-02-26 10:00:00,231951.56
2025-02-26 11:00:00,227532.5
2025-02-26 12:00:00,220320.59
2025-02-26 13:00:00,213496.27
2025-02-26 14:00:00,208405.68
2025-02-26 15:00:00,210856.51
2025-02-26 16:00:00,208987.27
2025-02-26 17:00:00,205487.13
2025-02-26 18:00:00,195966.35
2025-02-26 19:00:00,199417.32
2025-02-26 20:00:00,188710.55
2025-02-26 21:00:00,180219.28
2025-02-26 22:00:00,174580.4
2025-02-26 23:00:00,174366.81
2025-02-27 00:00:00,170918.94
2025-02-27 01:00:00,169568.45
2025-02-27 02:00:00,166811.08
2025-02-27 03:00:00,164873.44
2025-02-27 04:00:00,164348.75
2025-02-27 05:00:00,170907.42
2025-02-27 06:00:00,183466.94
2025-02-27 07:00:00,201061.56
2025-02-27 08:00:00,210542.51
2025-02-27 09:00:00,217727.37
2025-02-27 10:00:00,224819.06
2025-02-27 11:00:00,224258.72
2025-02-27 12:00:00,219206.8
2025-02-27 13:00:00,213170.47
2025-02-27 14:00:00,209299.88
2025-02-27 15:00:00,211355.33
2025-02-27 16:00:00,211951.25
2025-02-27 17:00:00,207447.61
2025-02-27 18:00:00,202392.87
2025-02-27 19:00:00,204570.3
2025-02-27 20:00:00,195060.53
2025-02-27 21:00:00,184912.55
2025-02-27 22:00:00,178628.97
2025-02-27 23:00:00,178279.42
2025-02-28 00:00:00,173823.97
2025-02-28 01:00:00,172797.2
2025-02-28 02:00:00,168813.25
2025-02-28 03:00:00,166856.13
2025-02-28 04:00:00,166789.0
2025-02-28 05:00:00,173039.41
2025-02-28 06:00:00,184695.85
2025-02-28 07:00:00,201788.08
2025-02-28 08:00:00,211201.9
2025-02-28 09:00:00,219373.88
2025-02-28 10:00:00,228505.89
2025-02-28 11:00:00,228762.42
2025-02-28 12:00:00,223633.91
2025-02-28 13:00:00,216098.94
2025-02-28 14:00:00,211528.67
2025-02-28 15:00:00,213678.33
2025-02-28 16:00:00,213888.08
2025-02-28 17:00:00,210155.07
2025-02-28 18:00:00,201851.7
2025-02-28 19:00:00,205627.92
2025-02-28 20:00:00,195569.85
2025-02-28 21:00:00,185728.31
2025-02-28 22:00:00,179191.76
2025-02-28 23:00:00,178410.02
2025-03-01 00:00:00,173361.99
2025-03-01 01:00:00,172379.14
2025-03-01 02:00:00,169191.33
2025-03-01 03:00:00,166984.48
2025-03-01 04:00:00,166777.42
2025-03-01 05:00:00,171590.97
2025-03-01 06:00:00,182779.79
2025-03-01 07:00:00,197543.94
2025-03-01 08:00:00,205199.24
2025-03-01 09:00:00,213925.36
2025-03-01 10:00:00,221596.25
2025-03-01 11:00:00,220730.55
2025-03-01 12:00:00,215476.82
2025-03-01 13:00:00,209946.69
2025-03-01 14:00:00,207495.3
2025-03-01 15:00:00,210251.58
2025-03-01 16:00:00,210249.77
2025-03-01 17:00:00,206445.94
2025-03-01 18:00:00,197093.07
2025-03-01 19:00:00,201583.92
2025-03-01 20:00:00,193205.24
2025-03-01 21:00:00,183317.9
2025-03-01 22:00:00,177822.26
2025-03-01 23:00:00,178212.53
2025-03-02 00:00:00,174302.12
2025-03-02 01:00:00,173634.21
2025-03-02 02:00:00,170167.36
2025-03-02 03:00:00,168784.08
2025-03-02 04:00:00,169888.63
2025-03-02 05:00:00,174910.85
2025-03-02 06:00:00,180337.46
2025-03-02 07:00:00,190712.88
2025-03-02 08:00:00,197231.02
2025-03-02 09:00:00,205633.97
2025-03-02 10:00:00,211143.85
2025-03-02 11:00:00,210189.91
2025-03-02 12:00:00,205087.14
2025-03-02 13:00:00,200956.21
2025-03-02 14:00:00,197536.83
2025-03-02 15:00:00,198395.04
2025-03-02 16:00:00,196624.26
2025-03-02 17:00:00,191687.36
2025-03-02 18:00:00,185757.04
2025-03-02 19:00:00,192744.29
2025-03-02 20:00:00,186535.15
2025-03-02 21:00:00,178739.52
2025-03-02 22:00:00,173964.91
2025-03-02 23:00:00,174227.68
2025-03-03 00:00:00,169459.25
2025-03-03 01:00:00,168623.86
2025-03-03 02:00:00,165115.29
2025-03-03 03:00:00,163703.34
2025-03-03 04:00:00,165994.65
2025-03-03 05:00:00,172749.53
2025-03-03 06:00:00,183375.26
2025-03-03 07:00:00,197534.03
2025-03-03 08:00:00,205745.74
2025-03-03 09:00:00,216083.19
2025-03-03 10:00:00,225081.63
2025-03-03 11:00:00,224385.56
2025-03-03 12:00:00,219876.21
2025-03-03 13:00:00,212530.62
2025-03-03 14:00:00,209424.43
2025-03-03 15:00:00,212894.12
2025-03-03 16:00:00,212927.03
2025-03-03 17:00:00,211827.93
2025-03-03 18:00:00,202115.95
2025-03-03 19:00:00,202592.4
2025-03-03 20:00:00,197147.39
2025-03-03 21:00:00,189725.57
2025-03-03 22:00:00,184709.11
2025-03-03 23:00:00,183430.81
2025-03-04 00:00:00,178589.45
2025-03-04 01:00:00,177556.5
2025-03-04 02:00:00,174450.01
2025-03-04 03:00:00,171942.19
2025-03-04 04:00:00,173607.66
2025-03-04 05:00:00,179698.81
2025-03-04 06:00:00,188505.79
2025-03-04 07:00:00,203274.6
2025-03-04 08:00:00,211352.86
2025-03-04 09:00:00,220755.2
2025-03-04 10:00:00,226968.69
2025-03-04 11:00:00,225431.37
2025-03-04 12:00:00,219995.34
2025-03-04 13:00:00,212107.65
2025-03-04 14:00:00,208256.22
2025-03-04 15:00:00,212969.36
2025-03-04 16:00:00,213330.27
2025-03-04 17:00:00,212206.7
2025-03-04 18:00:00,207442.07
2025-03-04 19:00:00,207548.96
2025-03-04 20:00:00,201427.73
2025-03-04 21:00:00,191875.75
2025-03-04 22:00:00,185266.71
2025-03-04 23:00:00,183001.05
2025-03-05 00:00:00,177905.74
2025-03-05 01:00:00,176200.31
2025-03-05 02:00:00,172325.21
2025-03-05 03:00:00,170137.62
2025-03-05 04:00:00,171550.55
2025-03-05 05:00:00,178033.9
2025-03-05 06:00:00,187220.67
2025-03-05 07:00:00,204708.45
2025-03-05 08:00:00,211925.61
2025-03-05 09:00:00,215775.58
2025-03-05 10:00:00,218517.77
2025-03-05 11:00:00,214936.15
2025-03-05 12:00:00,208241.01
2025-03-05 13:00:00,201257.0
2025-03-05 14:00:00,196879.59
2025-03-05 15:00:00,201224.87
2025-03-05 16:00:00,204678.58
2025-03-05 17:00:00,206727.61
2025-03-05 18:00:00,200237.95
2025-03-05 19:00:00,204167.05
2025-03-05 20:00:00,198585.43
2025-03-05 21:00:00,188546.67
2025-03-05 22:00:00,181525.83
2025-03-05 23:00:00,179783.18
2025-03-06 00:00:00,174812.52
2025-03-06 01:00:00,173198.57
2025-03-06 02:00:00,169043.06
2025-03-06 03:00:00,167301.89
2025-03-06 04:00:00,168977.7
2025-03-06 05:00:00,174921.12
2025-03-06 06:00:00,185031.18
2025-03-06 07:00:00,201448.17
2025-03-06 08:00:00,207853.14
2025-03-06 09:00:00,217141.3
2025-03-06 10:00:00,223826.3
2025-03-06 11:00:00,221735.1
2025-03-06 12:00:00,216161.92
2025-03-06 13:00:00,210297.75
2025-03-06 14:00:00,205853.68
2025-03-06 15:00:00,207549.48
2025-03-06 16:00:00,212317.27
2025-03-06 17:00:00,209525.03
2025-03-06 18:00:00,200820.67
2025-03-06 19:00:00,204380.97
2025-03-06 20:00:00,197486.05
2025-03-06 21:00:00,187396.51
2025-03-06 22:00:00,181398.85
2025-03-06 23:00:00,180263.4
2025-03-07 00:00:00,175255.72
2025-03-07 01:00:00,174154.65
2025-03-07 02:00:00,170451.03
2025-03-07 03:00:00,169310.04
2025-03-07 04:00:00,171040.66
2025-03-07 05:00:00,178045.07
2025-03-07 06:00:00,188779.34
2025-03-07 07:00:00,206290.0
2025-03-07 08:00:00,212453.31
2025-03-07 09:00:00,222568.14
2025-03-07 10:00:00,229724.73
2025-03-07 11:00:00,231429.04
2025-03-07 12:00:00,226904.86
2025-03-07 13:00:00,223554.24
2025-03-07 14:00:00,213853.51
2025-03-07 15:00:00,217269.11
2025-03-07 16:00:00,219116.0
2025-03-07 17:00:00,214747.45
2025-03-07 18:00:00,202687.29
2025-03-07 19:00:00,206509.77
2025-03-07 20:00:00,199979.61
2025-03-07 21:00:00,190145.13
2025-03-07 22:00:00,185292.7
2025-03-07 23:00:00,184391.28
2025-03-08 00:00:00,179347.5
2025-03-08 01:00:00,178302.98
2025-03-08 02:00:00,174867.04
2025-03-08 03:00:00,172699.4
2025-03-08 04:00:00,174331.83
2025-03-08 05:00:00,181083.81
2025-03-08 06:00:00,189009.1
2025-03-08 07:00:00,203641.7
2025-03-08 08:00:00,209958.97
2025-03-08 09:00:00,220004.87
2025-03-08 10:00:00,227721.66
2025-03-08 11:00:00,228109.32
2025-03-08 12:00:00,226147.99
2025-03-08 13:00:00,222085.38
2025-03-08 14:00:00,215746.75
2025-03-08 15:00:00,219664.78
2025-03-08 16:00:00,220951.99
2025-03-08 17:00:00,216492.21
2025-03-08 18:00:00,206995.23
2025-03-08 19:00:00,210113.69
2025-03-08 20:00:00,206666.56
2025-03-08 21:00:00,190933.65
2025-03-08 22:00:00,187351.32
2025-03-08 23:00:00,186921.97
2025-03-09 00:00:00,183507.19
2025-03-09 01:00:00,182266.57
2025-03-09 02:00:00,179809.86
2025-03-09 03:00:00,178304.45
2025-03-09 04:00:00,180005.35
2025-03-09 05:00:00,184609.3
2025-03-09 06:00:00,188021.23
2025-03-09 07:00:00,195025.65
2025-03-09 08:00:00,200398.17
2025-03-09 09:00:00,205946.51
2025-03-09 10:00:00,211783.21
2025-03-09 11:00:00,220518.37
2025-03-09 12:00:00,218268.88
2025-03-09 13:00:00,213928.61
2025-03-09 14:00:00,209022.65
2025-03-09 15:00:00,210553.95
2025-03-09 16:00:00,209011.4
2025-03-09 17:00:00,204707.89
2025-03-09 18:00:00,195562.66
2025-03-09 19:00:00,198173.36
2025-03-09 20:00:00,193028.27
2025-03-09 21:00:00,185643.87
2025-03-09 22:00:00,181319.62
2025-03-09 23:00:00,181787.49
2025-03-10 00:00:00,177388.07
2025-03-10 01:00:00,175848.86
2025-03-10 02:00:00,172339.39
2025-03-10 03:00:00,171172.21
2025-03-10 04:00:00,172701.05
2025-03-10 05:00:00,178574.59
2025-03-10 06:00:00,188117.28
2025-03-10 07:00:00,204055.8
2025-03-10 08:00:00,212064.39
2025-03-10 09:00:00,222740.53
2025-03-10 10:00:00,231001.88
2025-03-10 11:00:00,231069.93
2025-03-10 12:00:00,226427.69
2025-03-10 13:00:00,219100.06
2025-03-10 14:00:00,217307.63
2025-03-10 15:00:00,222565.36
2025-03-10 16:00:00,222833.59
2025-03-10 17:00:00,217779.92
2025-03-10 18:00:00,204903.64
2025-03-10 19:00:00,208554.02
2025-03-10 20:00:00,202127.78
2025-03-10 21:00:00,194393.66
2025-03-10 22:00:00,189437.21
2025-03-10 23:00:00,189464.66
2025-03-11 00:00:00,185288.69
2025-03-11 01:00:00,183955.51
2025-03-11 02:00:00,179789.31
2025-03-11 03:00:00,178284.7
2025-03-11 04:00:00,179431.28
2025-03-11 05:00:00,184864.63
2025-03-11 06:00:00,192481.47
2025-03-11 07:00:00,207213.6
2025-03-11 08:00:00,213243.85
2025-03-11 09:00:00,222522.7
2025-03-11 10:00:00,232233.73
2025-03-11 11:00:00,231117.66
2025-03-11 12:00:00,227318.57
2025-03-11 13:00:00,219959.28
2025-03-11 14:00:00,216156.12
2025-03-11 15:00:00,221629.22
2025-03-11 16:00:00,220652.66
2025-03-11 17:00:00,214640.71
2025-03-11 18:00:00,203107.51
2025-03-11 19:00:00,207568.83
2025-03-11 20:00:00,201439.41
2025-03-11 21:00:00,191467.03
2025-03-11 22:00:00,189061.11
2025-03-11 23:00:00,189264.53
2025-03-12 00:00:00,184750.31
2025-03-12 01:00:00,183556.3
2025-03-12 02:00:00,179348.17
2025-03-12 03:00:00,177845.8
2025-03-12 04:00:00,178908.52
2025-03-12 05:00:00,184054.76
2025-03-12 06:00:00,192248.3
2025-03-12 07:00:00,205838.88
2025-03-12 08:00:00,210060.82
2025-03-12 09:00:00,219842.03
2025-03-12 10:00:00,229900.26
2025-03-12 11:00:00,230918.38
2025-03-12 12:00:00,226857.13
2025-03-12 13:00:00,220005.09
2025-03-12 14:00:00,217207.57
2025-03-12 15:00:00,212311.79
2025-03-12 16:00:00,212143.74
2025-03-12 17:00:00,206801.37
2025-03-12 18:00:00,198993.6
2025-03-12 19:00:00,207382.77
2025-03-12 20:00:00,202310.12
2025-03-12 21:00:00,194408.6
2025-03-12 22:00:00,190465.72
2025-03-12 23:00:00,190286.88
2025-03-13 00:00:00,186881.16
2025-03-13 01:00:00,185275.3
2025-03-13 02:00:00,181505.73
2025-03-13 03:00:00,179227.14
2025-03-13 04:00:00,180188.82
2025-03-13 05:00:00,185344.07
2025-03-13 06:00:00,193617.92
2025-03-13 07:00:00,207096.99
2025-03-13 08:00:00,210819.65
2025-03-13 09:00:00,217592.48
2025-03-13 10:00:00,225708.89
2025-03-13 11:00:00,228212.39
2025-03-13 12:00:00,224119.76
2025-03-13 13:00:00,219166.2
2025-03-13 14:00:00,214943.83
2025-03-13 15:00:00,216113.97
2025-03-13 16:00:00,216201.49
2025-03-13 17:00:00,211577.48
2025-03-13 18:00:00,199773.93
2025-03-13 19:00:00,200995.06
2025-03-13 20:00:00,194631.15
2025-03-13 21:00:00,187385.86
2025-03-13 22:00:00,185788.42
2025-03-13 23:00:00,186816.18
2025-03-14 00:00:00,183089.63
2025-03-14 01:00:00,182274.39
2025-03-14 02:00:00,178397.09
2025-03-14 03:00:00,176058.03
2025-03-14 04:00:00,175754.22
2025-03-14 05:00:00,179334.7
2025-03-14 06:00:00,184374.3
2025-03-14 07:00:00,190992.0
2025-03-14 08:00:00,190036.8
2025-03-14 09:00:00,192805.54
2025-03-14 10:00:00,196962.23
2025-03-14 11:00:00,196520.66
2025-03-14 12:00:00,196781.09
2025-03-14 13:00:00,194511.76
2025-03-14 14:00:00,188389.11
2025-03-14 15:00:00,187571.53
2025-03-14 16:00:00,186635.84
2025-03-14 17:00:00,183116.3
2025-03-14 18:00:00,173132.01
2025-03-14 19:00:00,173929.09
2025-03-14 20:00:00,170661.73
2025-03-14 21:00:00,166223.3
2025-03-14 22:00:00,165335.79
2025-03-14 23:00:00,165169.96
2025-03-15 00:00:00,162385.19
2025-03-15 01:00:00,161434.61
2025-03-15 02:00:00,157799.66
2025-03-15 03:00:00,155648.64
2025-03-15 04:00:00,155999.52
2025-03-15 05:00:00,160599.88
2025-03-15 06:00:00,168931.61
2025-03-15 07:00:00,180704.56
2025-03-15 08:00:00,186246.57
2025-03-15 09:00:00,195808.41
2025-03-15 10:00:00,204082.34
2025-03-15 11:00:00,207411.81
2025-03-15 12:00:00,204776.57
2025-03-15 13:00:00,200763.08
2025-03-15 14:00:00,199894.47
2025-03-15 15:00:00,203385.97
2025-03-15 16:00:00,200894.82
2025-03-15 17:00:00,197302.42
2025-03-15 18:00:00,189923.93
2025-03-15 19:00:00,196696.81
2025-03-15 20:00:00,193834.54
2025-03-15 21:00:00,187681.72
2025-03-15 22:00:00,184966.96
2025-03-15 23:00:00,186390.4
2025-03-16 00:00:00,182885.67
2025-03-16 01:00:00,181175.35
2025-03-16 02:00:00,177395.55
2025-03-16 03:00:00,175128.93
2025-03-16 04:00:00,175467.94
2025-03-16 05:00:00,180021.2
2025-03-16 06:00:00,183841.08
2025-03-16 07:00:00,190352.27
2025-03-16 08:00:00,193887.69
2025-03-16 09:00:00,200375.97
2025-03-16 10:00:00,207156.52
2025-03-16 11:00:00,206700.47
2025-03-16 12:00:00,204155.99
2025-03-16 13:00:00,200248.32
2025-03-16 14:00:00,198117.02
2025-03-16 15:00:00,199480.58
2025-03-16 16:00:00,199329.17
2025-03-16 17:00:00,195772.21
2025-03-16 18:00:00,188290.74
2025-03-16 19:00:00,193534.22
2025-03-16 20:00:00,190111.45
2025-03-16 21:00:00,185320.05
2025-03-16 22:00:00,183720.87
2025-03-16 23:00:00,184121.79
2025-03-17 00:00:00,181605.58
2025-03-17 01:00:00,181160.94
2025-03-17 02:00:00,177049.96
2025-03-17 03:00:00,174607.76
2025-03-17 04:00:00,175556.99
2025-03-17 05:00:00,180431.93
2025-03-17 06:00:00,188049.95
2025-03-17 07:00:00,199439.84
2025-03-17 08:00:00,203719.42
2025-03-17 09:00:00,211037.93
2025-03-17 10:00:00,218932.11
2025-03-17 11:00:00,221167.67
2025-03-17 12:00:00,218625.17
2025-03-17 13:00:00,213640.81
2025-03-17 14:00:00,211413.25
2025-03-17 15:00:00,213476.87
2025-03-17 16:00:00,212993.19
2025-03-17 17:00:00,209175.89
2025-03-17 18:00:00,200587.86
2025-03-17 19:00:00,208469.77
2025-03-17 20:00:00,202363.68
2025-03-17 21:00:00,195574.25
2025-03-17 22:00:00,192883.42
2025-03-17 23:00:00,193815.76
2025-03-18 00:00:00,189687.27
2025-03-18 01:00:00,187865.34
2025-03-18 02:00:00,183384.43
2025-03-18 03:00:00,180983.59
2025-03-18 04:00:00,181590.02
2025-03-18 05:00:00,186308.29
2025-03-18 06:00:00,192777.58
2025-03-18 07:00:00,204417.15
2025-03-18 08:00:00,206653.89
2025-03-18 09:00:00,213075.96
2025-03-18 10:00:00,219918.23
2025-03-18 11:00:00,220645.54
2025-03-18 12:00:00,216908.45
2025-03-18 13:00:00,210742.09
2025-03-18 14:00:00,208979.56
2025-03-18 15:00:00,213055.43
2025-03-18 16:00:00,213895.14
2025-03-18 17:00:00,210587.37
2025-03-18 18:00:00,205099.48
2025-03-18 19:00:00,209660.63
2025-03-18 20:00:00,204434.6
2025-03-18 21:00:00,197290.46
2025-03-18 22:00:00,194045.13
2025-03-18 23:00:00,194757.78
2025-03-19 00:00:00,190563.61
2025-03-19 01:00:00,188982.36
2025-03-19 02:00:00,185045.92
2025-03-19 03:00:00,182624.65
2025-03-19 04:00:00,182736.17
2025-03-19 05:00:00,187222.35
2025-03-19 06:00:00,193986.96
2025-03-19 07:00:00,205087.5
2025-03-19 08:00:00,208815.61
2025-03-19 09:00:00,216193.59
2025-03-19 10:00:00,223799.28
2025-03-19 11:00:00,223829.22
2025-03-19 12:00:00,219960.15
2025-03-19 13:00:00,214655.88
2025-03-19 14:00:00,213252.44
2025-03-19 15:00:00,216653.29
2025-03-19 16:00:00,217755.28
2025-03-19 17:00:00,215538.69
2025-03-19 18:00:00,204048.73
2025-03-19 19:00:00,209680.38
2025-03-19 20:00:00,204723.93
2025-03-19 21:00:00,197873.85
2025-03-19 22:00:00,195633.89
2025-03-19 23:00:00,196346.8
2025-03-20 00:00:00,191345.72
2025-03-20 01:00:00,189600.31
2025-03-20 02:00:00,185284.71
2025-03-20 03:00:00,183238.07
2025-03-20 04:00:00,183975.5
2025-03-20 05:00:00,188245.12
2025-03-20 06:00:00,194866.07
2025-03-20 07:00:00,204046.18
2025-03-20 08:00:00,205896.15
2025-03-20 09:00:00,213395.09
2025-03-20 10:00:00,222541.99
2025-03-20 11:00:00,223075.36
2025-03-20 12:00:00,219542.52
2025-03-20 13:00:00,214077.01
2025-03-20 14:00:00,211157.17
2025-03-20 15:00:00,216228.73
2025-03-20 16:00:00,215669.63
2025-03-20 17:00:00,212895.72
2025-03-20 18:00:00,203580.51
2025-03-20 19:00:00,207660.69
2025-03-20 20:00:00,201430.73
2025-03-20 21:00:00,195112.6
2025-03-20 22:00:00,193376.69
2025-03-20 23:00:00,193430.3
2025-03-21 00:00:00,188743.1
2025-03-21 01:00:00,187290.32
2025-03-21 02:00:00,183642.35
2025-03-21 03:00:00,181501.14
2025-03-21 04:00:00,182192.79
2025-03-21 05:00:00,186156.37
2025-03-21 06:00:00,193671.51
2025-03-21 07:00:00,203823.38
2025-03-21 08:00:00,206998.05
2025-03-21 09:00:00,214678.69
2025-03-21 10:00:00,223645.49
2025-03-21 11:00:00,223865.14
2025-03-21 12:00:00,221219.2
2025-03-21 13:00:00,213965.36
2025-03-21 14:00:00,210762.53
2025-03-21 15:00:00,213399.09
2025-03-21 16:00:00,212741.82
2025-03-21 17:00:00,207456.14
2025-03-21 18:00:00,200788.96
2025-03-21 19:00:00,204805.56
2025-03-21 20:00:00,199646.25
2025-03-21 21:00:00,190928.03
2025-03-21 22:00:00,188194.02
2025-03-21 23:00:00,188510.07
2025-03-22 00:00:00,183294.02
2025-03-22 01:00:00,180624.85
2025-03-22 02:00:00,177022.97
2025-03-22 03:00:00,173723.17
2025-03-22 04:00:00,174778.42
2025-03-22 05:00:00,178807.18
2025-03-22 06:00:00,184800.27
2025-03-22 07:00:00,195253.1
2025-03-22 08:00:00,199265.14
2025-03-22 09:00:00,207842.74
2025-03-22 10:00:00,215133.56
2025-03-22 11:00:00,214871.58
2025-03-22 12:00:00,211097.79
2025-03-22 13:00:00,204667.05
2025-03-22 14:00:00,202570.72
2025-03-22 15:00:00,203468.94
2025-03-22 16:00:00,203059.3
2025-03-22 17:00:00,200315.71
2025-03-22 18:00:00,193970.37
2025-03-22 19:00:00,200346.39
2025-03-22 20:00:00,195875.6
2025-03-22 21:00:00,189247.34
2025-03-22 22:00:00,185846.87
2025-03-22 23:00:00,186893.53
2025-03-23 00:00:00,181805.55
2025-03-23 01:00:00,179157.96
2025-03-23 02:00:00,175255.39
2025-03-23 03:00:00,172842.53
2025-03-23 04:00:00,173387.83
2025-03-23 05:00:00,176061.37
2025-03-23 06:00:00,181295.09
2025-03-23 07:00:00,188972.96
2025-03-23 08:00:00,191194.52
2025-03-23 09:00:00,196683.23
2025-03-23 10:00:00,202559.7
2025-03-23 11:00:00,201457.35
2025-03-23 12:00:00,198406.18
2025-03-23 13:00:00,195458.81
2025-03-23 14:00:00,193110.12
2025-03-23 15:00:00,194096.67
2025-03-23 16:00:00,194223.68
2025-03-23 17:00:00,188235.51
2025-03-23 18:00:00,183251.96
2025-03-23 19:00:00,193200.18
2025-03-23 20:00:00,190656.45
2025-03-23 21:00:00,185322.59
2025-03-23 22:00:00,182957.85
2025-03-23 23:00:00,183308.22
2025-03-24 00:00:00,178734.9
2025-03-24 01:00:00,176437.07
2025-03-24 02:00:00,173046.76
2025-03-24 03:00:00,170425.24
2025-03-24 04:00:00,170938.22
2025-03-24 05:00:00,176086.68
2025-03-24 06:00:00,184185.7
2025-03-24 07:00:00,196924.49
2025-03-24 08:00:00,201452.39
2025-03-24 09:00:00,209006.74
2025-03-24 10:00:00,217245.84
2025-03-24 11:00:00,218018.56
2025-03-24 12:00:00,213552.31
2025-03-24 13:00:00,209099.56
2025-03-24 14:00:00,206689.37
2025-03-24 15:00:00,206998.96
2025-03-24 16:00:00,210480.06
2025-03-24 17:00:00,210968.52
2025-03-24 18:00:00,203603.95
2025-03-24 19:00:00,209189.1
2025-03-24 20:00:00,204881.29
2025-03-24 21:00:00,198182.46
2025-03-24 22:00:00,195403.15
2025-03-24 23:00:00,195531.97
2025-03-25 00:00:00,189884.71
2025-03-25 01:00:00,187203.4
2025-03-25 02:00:00,182743.13
2025-03-25 03:00:00,179956.93
2025-03-25 04:00:00,180264.24
2025-03-25 05:00:00,184665.59
2025-03-25 06:00:00,191759.04
2025-03-25 07:00:00,202253.41
2025-03-25 08:00:00,205342.16
2025-03-25 09:00:00,213246.71
2025-03-25 10:00:00,219328.84
2025-03-25 11:00:00,219255.56
2025-03-25 12:00:00,215696.12
2025-03-25 13:00:00,209812.19
2025-03-25 14:00:00,208330.85
2025-03-25 15:00:00,212000.38
2025-03-25 16:00:00,212516.06
2025-03-25 17:00:00,210546.65
2025-03-25 18:00:00,203242.63
2025-03-25 19:00:00,209531.71
2025-03-25 20:00:00,205889.07
2025-03-25 21:00:00,198798.1
2025-03-25 22:00:00,195549.63
2025-03-25 23:00:00,195890.72
2025-03-26 00:00:00,191449.64
2025-03-26 01:00:00,189246.76
2025-03-26 02:00:00,184458.35
2025-03-26 03:00:00,181645.04
2025-03-26 04:00:00,181174.02
2025-03-26 05:00:00,184645.38
2025-03-26 06:00:00,191548.68
2025-03-26 07:00:00,201195.21
2025-03-26 08:00:00,204985.05
2025-03-26 09:00:00,214375.78
2025-03-26 10:00:00,221619.11
2025-03-26 11:00:00,221494.41
2025-03-26 12:00:00,218584.52
2025-03-26 13:00:00,212845.71
2025-03-26 14:00:00,210600.33
2025-03-26 15:00:00,213458.18
2025-03-26 16:00:00,213320.07
2025-03-26 17:00:00,210610.3
2025-03-26 18:00:00,203751.56
2025-03-26 19:00:00,209501.09
2025-03-26 20:00:00,207072.86
2025-03-26 21:00:00,200223.84
2025-03-26 22:00:00,198590.0
2025-03-26 23:00:00,198660.41
2025-03-27 00:00:00,194272.24
2025-03-27 01:00:00,191198.47
2025-03-27 02:00:00,186545.07
2025-03-27 03:00:00,183914.69
2025-03-27 04:00:00,184248.85
2025-03-27 05:00:00,187693.65
2025-03-27 06:00:00,193548.32
2025-03-27 07:00:00,202062.04
2025-03-27 08:00:00,205373.03
2025-03-27 09:00:00,213341.46
2025-03-27 10:00:00,221313.89
2025-03-27 11:00:00,221731.67
2025-03-27 12:00:00,218309.67
2025-03-27 13:00:00,211799.92
2025-03-27 14:00:00,210454.52
2025-03-27 15:00:00,213539.81
2025-03-27 16:00:00,214958.49
2025-03-27 17:00:00,212402.71
2025-03-27 18:00:00,203399.33
2025-03-27 19:00:00,211084.4
2025-03-27 20:00:00,208742.42
2025-03-27 21:00:00,202809.31
2025-03-27 22:00:00,201113.04
2025-03-27 23:00:00,202236.37
2025-03-28 00:00:00,197200.49
2025-03-28 01:00:00,193872.09
2025-03-28 02:00:00,189786.73
2025-03-28 03:00:00,186887.67
2025-03-28 04:00:00,186998.48
2025-03-28 05:00:00,190489.39
2025-03-28 06:00:00,196481.02
2025-03-28 07:00:00,204806.23
2025-03-28 08:00:00,205950.3
2025-03-28 09:00:00,212022.51
2025-03-28 10:00:00,218851.88
2025-03-28 11:00:00,217168.43
2025-03-28 12:00:00,213772.37
2025-03-28 13:00:00,210581.57
2025-03-28 14:00:00,206107.43
2025-03-28 15:00:00,212434.69
2025-03-28 16:00:00,213492.65
2025-03-28 17:00:00,212541.28
2025-03-28 18:00:00,206583.31
2025-03-28 19:00:00,211188.91
2025-03-28 20:00:00,210373.6
2025-03-28 21:00:00,204529.84
2025-03-28 22:00:00,202421.29
2025-03-28 23:00:00,203054.47
2025-03-29 00:00:00,197624.74
2025-03-29 01:00:00,194321.44
2025-03-29 02:00:00,189844.39
2025-03-29 03:00:00,186094.1
2025-03-29 04:00:00,185835.96
2025-03-29 05:00:00,188885.55
2025-03-29 06:00:00,194560.56
2025-03-29 07:00:00,200972.42
2025-03-29 08:00:00,200736.4
2025-03-29 09:00:00,206507.72
2025-03-29 10:00:00,212295.42
2025-03-29 11:00:00,212587.61
2025-03-29 12:00:00,209541.49
2025-03-29 13:00:00,203014.67
2025-03-29 14:00:00,202990.0
2025-03-29 15:00:00,209905.81
2025-03-29 16:00:00,210924.67
2025-03-29 17:00:00,207230.53
2025-03-29 18:00:00,199024.08
2025-03-29 19:00:00,208073.1
2025-03-29 20:00:00,206454.65
2025-03-29 21:00:00,199942.82
2025-03-29 22:00:00,197987.88
2025-03-29 23:00:00,199274.34
2025-03-30 00:00:00,194209.5
2025-03-30 01:00:00,191754.32
2025-03-30 02:00:00,187290.65
2025-03-30 03:00:00,184202.68
2025-03-30 04:00:00,184525.58
2025-03-30 05:00:00,187857.25
2025-03-30 06:00:00,192296.18
2025-03-30 07:00:00,198231.61
2025-03-30 08:00:00,198754.3
2025-03-30 09:00:00,203826.24
2025-03-30 10:00:00,206745.52
2025-03-30 11:00:00,205653.43
2025-03-30 12:00:00,199133.47
2025-03-30 13:00:00,195730.18
2025-03-30 14:00:00,194008.96
2025-03-30 15:00:00,198075.25
2025-03-30 16:00:00,199477.87
2025-03-30 17:00:00,193378.3
2025-03-30 18:00:00,185421.99
2025-03-30 19:00:00,195023.05
2025-03-30 20:00:00,194394.02
2025-03-30 21:00:00,190633.45
2025-03-30 22:00:00,189566.1
2025-03-30 23:00:00,191410.49
2025-03-31 00:00:00,187805.76
2025-03-31 01:00:00,185443.73
2025-03-31 02:00:00,181152.4
2025-03-31 03:00:00,177510.21
2025-03-31 04:00:00,177161.15
2025-03-31 05:00:00,182745.0
2025-03-31 06:00:00,191569.01
2025-03-31 07:00:00,202405.04
2025-03-31 08:00:00,203077.53
2025-03-31 09:00:00,208292.2
2025-03-31 10:00:00,212924.24
2025-03-31 11:00:00,211337.52
2025-03-31 12:00:00,207526.3
2025-03-31 13:00:00,202501.74
2025-03-31 14:00:00,201732.16
2025-03-31 15:00:00,208016.99
2025-03-31 16:00:00,208141.3
2025-03-31 17:00:00,204012.28
2025-03-31 18:00:00,195818.39
2025-03-31 19:00:00,201884.6
2025-03-31 20:00:00,198745.39
2025-03-31 21:00:00,192936.47
2025-03-31 22:00:00,192026.73
2025-03-31 23:00:00,194511.65
2025-04-01 00:00:00,189656.5
2025-04-01 01:00:00,186818.51
2025-04-01 02:00:00,182446.63
2025-04-01 03:00:00,180043.45
2025-04-01 04:00:00,178363.59
2025-04-01 05:00:00,182280.93
2025-04-01 06:00:00,189323.26
2025-04-01 07:00:00,197452.79
2025-04-01 08:00:00,198797.01
2025-04-01 09:00:00,207173.32
2025-04-01 10:00:00,214498.1
2025-04-01 11:00:00,211953.8
2025-04-01 12:00:00,208503.0
2025-04-01 13:00:00,204169.47
2025-04-01 14:00:00,201941.61
2025-04-01 15:00:00,206945.56
2025-04-01 16:00:00,206480.29
2025-04-01 17:00:00,203197.94
2025-04-01 18:00:00,194100.29
2025-04-01 19:00:00,202011.75
2025-04-01 20:00:00,200449.65
2025-04-01 21:00:00,194561.81
2025-04-01 22:00:00,192740.04
2025-04-01 23:00:00,193830.11
2025-04-02 00:00:00,189930.99
2025-04-02 01:00:00,186703.9
2025-04-02 02:00:00,181735.71
2025-04-02 03:00:00,178211.9
2025-04-02 04:00:00,176808.75
2025-04-02 05:00:00,181330.4
2025-04-02 06:00:00,188833.27
2025-04-02 07:00:00,196924.88
2025-04-02 08:00:00,197806.03
2025-04-02 09:00:00,204741.17
2025-04-02 10:00:00,212428.86
2025-04-02 11:00:00,211751.62
2025-04-02 12:00:00,208086.1
2025-04-02 13:00:00,203234.12
2025-04-02 14:00:00,201887.15
2025-04-02 15:00:00,208172.22
2025-04-02 16:00:00,208743.56
2025-04-02 17:00:00,206059.1
2025-04-02 18:00:00,197987.76
2025-04-02 19:00:00,204816.82
2025-04-02 20:00:00,203629.51
2025-04-02 21:00:00,197396.69
2025-04-02 22:00:00,195200.22
2025-04-02 23:00:00,196347.27
2025-04-03 00:00:00,191362.83
2025-04-03 01:00:00,187974.99
2025-04-03 02:00:00,183297.58
2025-04-03 03:00:00,180215.6
2025-04-03 04:00:00,178435.46
2025-04-03 05:00:00,182761.43
2025-04-03 06:00:00,190311.84
2025-04-03 07:00:00,198040.8
2025-04-03 08:00:00,198277.99
2025-04-03 09:00:00,206638.22
2025-04-03 10:00:00,212768.76
2025-04-03 11:00:00,211158.41
2025-04-03 12:00:00,206170.73
2025-04-03 13:00:00,201434.54
2025-04-03 14:00:00,199986.36
2025-04-03 15:00:00,202924.9
2025-04-03 16:00:00,199161.37
2025-04-03 17:00:00,194524.01
2025-04-03 18:00:00,188729.54
2025-04-03 19:00:00,197412.62
2025-04-03 20:00:00,196945.7
2025-04-03 21:00:00,192011.7
2025-04-03 22:00:00,189346.68
2025-04-03 23:00:00,189955.06
2025-04-04 00:00:00,184131.91
2025-04-04 01:00:00,179981.67
2025-04-04 02:00:00,175652.48
2025-04-04 03:00:00,172529.72
2025-04-04 04:00:00,171605.09
2025-04-04 05:00:00,175336.03
2025-04-04 06:00:00,183646.43
2025-04-04 07:00:00,191172.44
2025-04-04 08:00:00,190003.57
2025-04-04 09:00:00,195476.68
2025-04-04 10:00:00,203407.02
2025-04-04 11:00:00,203558.57
2025-04-04 12:00:00,200412.29
2025-04-04 13:00:00,196511.73
2025-04-04 14:00:00,196283.67
2025-04-04 15:00:00,201217.88
2025-04-04 16:00:00,202214.27
2025-04-04 17:00:00,200882.02
2025-04-04 18:00:00,197024.87
2025-04-04 19:00:00,206233.93
2025-04-04 20:00:00,205479.68
2025-04-04 21:00:00,196595.31
2025-04-04 22:00:00,197093.56
2025-04-04 23:00:00,196023.46
2025-04-05 00:00:00,192220.37
2025-04-05 01:00:00,187831.07
2025-04-05 02:00:00,182215.48
2025-04-05 03:00:00,179054.86
2025-04-05 04:00:00,178334.76
2025-04-05 05:00:00,181893.6
2025-04-05 06:00:00,187367.85
2025-04-05 07:00:00,194007.2
2025-04-05 08:00:00,192685.42
2025-04-05 09:00:00,198958.05
2025-04-05 10:00:00,205368.48
2025-04-05 11:00:00,204577.09
2025-04-05 12:00:00,199697.06
2025-04-05 13:00:00,195217.16
2025-04-05 14:00:00,194604.71
2025-04-05 15:00:00,200028.99
2025-04-05 16:00:00,202253.61
2025-04-05 17:00:00,201652.28
2025-04-05 18:00:00,193991.64
2025-04-05 19:00:00,202024.77
2025-04-05 20:00:00,202772.28
2025-04-05 21:00:00,197904.5
2025-04-05 22:00:00,195928.24
2025-04-05 23:00:00,198799.07
2025-04-06 00:00:00,195927.56
2025-04-06 01:00:00,192146.69
2025-04-06 02:00:00,186546.71
2025-04-06 03:00:00,183494.51
2025-04-06 04:00:00,181917.43
2025-04-06 05:00:00,184599.22
2025-04-06 06:00:00,187258.06
2025-04-06 07:00:00,188860.55
2025-04-06 08:00:00,187816.64
2025-04-06 09:00:00,189340.57
2025-04-06 10:00:00,197351.55
2025-04-06 11:00:00,195151.05
2025-04-06 12:00:00,192101.55
2025-04-06 13:00:00,188624.56
2025-04-06 14:00:00,185549.77
2025-04-06 15:00:00,189902.63
2025-04-06 16:00:00,189127.75
2025-04-06 17:00:00,185717.59
2025-04-06 18:00:00,180104.77
2025-04-06 19:00:00,193536.42
2025-04-06 20:00:00,195319.3
2025-04-06 21:00:00,193358.68
2025-04-06 22:00:00,193850.92
2025-04-06 23:00:00,196468.39
2025-04-07 00:00:00,192580.87
2025-04-07 01:00:00,188413.8
2025-04-07 02:00:00,182959.14
2025-04-07 03:00:00,179476.68
2025-04-07 04:00:00,177866.72
2025-04-07 05:00:00,182273.88
2025-04-07 06:00:00,190153.03
2025-04-07 07:00:00,195737.94
2025-04-07 08:00:00,194032.29
2025-04-07 09:00:00,200389.34
2025-04-07 10:00:00,209691.51
2025-04-07 11:00:00,208740.16
2025-04-07 12:00:00,206670.64
2025-04-07 13:00:00,202544.36
2025-04-07 14:00:00,204097.54
2025-04-07 15:00:00,210523.49
2025-04-07 16:00:00,213475.04
2025-04-07 17:00:00,212182.38
2025-04-07 18:00:00,205520.78
2025-04-07 19:00:00,212851.27
2025-04-07 20:00:00,211456.82
2025-04-07 21:00:00,208265.48
2025-04-07 22:00:00,207642.88
2025-04-07 23:00:00,210388.22
2025-04-08 00:00:00,206389.09
2025-04-08 01:00:00,200520.74
2025-04-08 02:00:00,194476.57
2025-04-08 03:00:00,190766.68
2025-04-08 04:00:00,188535.88
2025-04-08 05:00:00,191779.6
2025-04-08 06:00:00,199203.17
2025-04-08 07:00:00,202416.13
2025-04-08 08:00:00,200276.52
2025-04-08 09:00:00,206426.26
2025-04-08 10:00:00,213303.48
2025-04-08 11:00:00,212479.85
2025-04-08 12:00:00,209825.13
2025-04-08 13:00:00,205992.22
2025-04-08 14:00:00,208905.2
2025-04-08 15:00:00,218258.29
2025-04-08 16:00:00,219313.99
2025-04-08 17:00:00,217493.53
2025-04-08 18:00:00,208484.62
2025-04-08 19:00:00,213878.76
2025-04-08 20:00:00,212301.5
2025-04-08 21:00:00,210398.08
2025-04-08 22:00:00,211135.93
2025-04-08 23:00:00,211651.48
2025-04-09 00:00:00,208163.58
2025-04-09 01:00:00,203571.25
2025-04-09 02:00:00,197929.4
2025-04-09 03:00:00,194267.8
2025-04-09 04:00:00,191758.74
2025-04-09 05:00:00,195320.17
2025-04-09 06:00:00,200829.93
2025-04-09 07:00:00,204414.99
2025-04-09 08:00:00,201848.26
2025-04-09 09:00:00,209483.16
2025-04-09 10:00:00,217045.45
2025-04-09 11:00:00,215209.73
2025-04-09 12:00:00,213312.59
2025-04-09 13:00:00,210433.14
2025-04-09 14:00:00,212037.89
2025-04-09 15:00:00,219392.51
2025-04-09 16:00:00,221658.6
2025-04-09 17:00:00,217547.67
2025-04-09 18:00:00,208487.59
2025-04-09 19:00:00,213543.14
2025-04-09 20:00:00,212913.74
2025-04-09 21:00:00,211863.61
2025-04-09 22:00:00,212008.45
2025-04-09 23:00:00,214940.16
2025-04-10 00:00:00,210771.56
2025-04-10 01:00:00,205398.9
2025-04-10 02:00:00,197588.97
2025-04-10 03:00:00,191612.08
2025-04-10 04:00:00,187667.36
2025-04-10 05:00:00,188928.72
2025-04-10 06:00:00,193868.75
2025-04-10 07:00:00,197605.37
2025-04-10 08:00:00,196630.53
2025-04-10 09:00:00,202334.05
2025-04-10 10:00:00,209958.08
2025-04-10 11:00:00,209781.64
2025-04-10 12:00:00,207446.74
2025-04-10 13:00:00,203526.99
2025-04-10 14:00:00,204936.96
2025-04-10 15:00:00,209581.1
2025-04-10 16:00:00,207665.78
2025-04-10 17:00:00,199493.35
2025-04-10 18:00:00,190704.77
2025-04-10 19:00:00,196628.48
2025-04-10 20:00:00,196919.27
2025-04-10 21:00:00,194131.22
2025-04-10 22:00:00,193277.16
2025-04-10 23:00:00,196619.65
2025-04-11 00:00:00,192353.41
2025-04-11 01:00:00,187525.03
2025-04-11 02:00:00,183066.22
2025-04-11 03:00:00,179297.14
2025-04-11 04:00:00,177388.75
2025-04-11 05:00:00,179473.17
2025-04-11 06:00:00,187213.99
2025-04-11 07:00:00,190958.87
2025-04-11 08:00:00,189560.0
2025-04-11 09:00:00,194703.1
2025-04-11 10:00:00,201889.86
2025-04-11 11:00:00,202228.44
2025-04-11 12:00:00,200533.74
2025-04-11 13:00:00,198326.8
2025-04-11 14:00:00,198695.48
2025-04-11 15:00:00,205277.31
2025-04-11 16:00:00,205294.75
2025-04-11 17:00:00,201312.95
2025-04-11 18:00:00,193680.29
2025-04-11 19:00:00,196269.19
2025-04-11 20:00:00,193928.33
2025-04-11 21:00:00,189914.6
2025-04-11 22:00:00,189552.38
2025-04-11 23:00:00,192342.71
2025-04-12 00:00:00,187114.4
2025-04-12 01:00:00,183631.08
2025-04-12 02:00:00,179919.83
2025-04-12 03:00:00,175938.44
2025-04-12 04:00:00,173849.01
2025-04-12 05:00:00,176342.09
2025-04-12 06:00:00,183065.11
2025-04-12 07:00:00,187231.69
2025-04-12 08:00:00,186259.99
2025-04-12 09:00:00,190909.55
2025-04-12 10:00:00,196152.02
2025-04-12 11:00:00,197819.47
2025-04-12 12:00:00,196764.3
2025-04-12 13:00:00,196087.68
2025-04-12 14:00:00,198231.74
2025-04-12 15:00:00,204461.08
2025-04-12 16:00:00,205950.65
2025-04-12 17:00:00,199636.38
2025-04-12 18:00:00,194336.16
2025-04-12 19:00:00,199411.09
2025-04-12 20:00:00,202348.43
2025-04-12 21:00:00,199116.86
2025-04-12 22:00:00,199112.62
2025-04-12 23:00:00,201702.29
2025-04-13 00:00:00,196994.04
2025-04-13 01:00:00,191908.43
2025-04-13 02:00:00,185896.65
2025-04-13 03:00:00,180896.66
2025-04-13 04:00:00,177567.64
2025-04-13 05:00:00,178521.58
2025-04-13 06:00:00,182411.83
2025-04-13 07:00:00,183329.89
2025-04-13 08:00:00,180134.79
2025-04-13 09:00:00,182618.74
2025-04-13 10:00:00,185791.78
2025-04-13 11:00:00,186478.05
2025-04-13 12:00:00,185925.81
2025-04-13 13:00:00,184176.48
2025-04-13 14:00:00,185271.55
2025-04-13 15:00:00,188702.99
2025-04-13 16:00:00,186644.27
2025-04-13 17:00:00,183040.27
2025-04-13 18:00:00,178459.59
2025-04-13 19:00:00,190502.03
2025-04-13 20:00:00,195732.87
2025-04-13 21:00:00,193097.18
2025-04-13 22:00:00,192832.56
2025-04-13 23:00:00,196882.72
2025-04-14 00:00:00,192666.88
2025-04-14 01:00:00,188777.12
2025-04-14 02:00:00,183164.02
2025-04-14 03:00:00,178993.28
2025-04-14 04:00:00,177983.25
2025-04-14 05:00:00,180036.43
2025-04-14 06:00:00,185436.83
2025-04-14 07:00:00,188726.01
2025-04-14 08:00:00,187348.3
2025-04-14 09:00:00,191609.16
2025-04-14 10:00:00,200660.42
2025-04-14 11:00:00,202711.94
2025-04-14 12:00:00,202139.72
2025-04-14 13:00:00,198995.82
2025-04-14 14:00:00,199296.59
2025-04-14 15:00:00,204952.77
2025-04-14 16:00:00,202754.75
2025-04-14 17:00:00,199627.33
2025-04-14 18:00:00,193930.93
2025-04-14 19:00:00,202894.01
2025-04-14 20:00:00,204402.79
2025-04-14 21:00:00,200723.98
2025-04-14 22:00:00,200480.66
2025-04-14 23:00:00,202992.59
2025-04-15 00:00:00,199482.91
2025-04-15 01:00:00,194821.56
2025-04-15 02:00:00,188399.73
2025-04-15 03:00:00,184158.0
2025-04-15 04:00:00,181911.93
2025-04-15 05:00:00,185040.37
2025-04-15 06:00:00,192776.91
2025-04-15 07:00:00,195189.77
2025-04-15 08:00:00,192233.87
2025-04-15 09:00:00,198819.9
2025-04-15 10:00:00,205279.55
2025-04-15 11:00:00,206229.43
2025-04-15 12:00:00,203693.28
2025-04-15 13:00:00,200888.15
2025-04-15 14:00:00,201623.67
2025-04-15 15:00:00,208548.25
2025-04-15 16:00:00,209639.99
2025-04-15 17:00:00,208523.87
2025-04-15 18:00:00,202226.7
2025-04-15 19:00:00,211154.2
2025-04-15 20:00:00,212453.39
2025-04-15 21:00:00,208423.72
2025-04-15 22:00:00,209015.69
2025-04-15 23:00:00,211715.27
2025-04-16 00:00:00,207001.55
2025-04-16 01:00:00,200714.51
2025-04-16 02:00:00,196251.75
2025-04-16 03:00:00,190142.17
2025-04-16 04:00:00,188161.01
2025-04-16 05:00:00,191982.15
2025-04-16 06:00:00,197100.48
2025-04-16 07:00:00,198963.64
2025-04-16 08:00:00,195192.08
2025-04-16 09:00:00,202821.52
2025-04-16 10:00:00,210472.48
2025-04-16 11:00:00,210272.06
2025-04-16 12:00:00,207123.27
2025-04-16 13:00:00,205745.78
2025-04-16 14:00:00,206168.1
2025-04-16 15:00:00,213585.32
2025-04-16 16:00:00,215125.04
2025-04-16 17:00:00,213309.01
2025-04-16 18:00:00,205710.77
2025-04-16 19:00:00,214037.51
2025-04-16 20:00:00,215381.47
2025-04-16 21:00:00,210961.61
2025-04-16 22:00:00,210189.02
2025-04-16 23:00:00,211545.79
2025-04-17 00:00:00,207399.38
2025-04-17 01:00:00,200717.94
2025-04-17 02:00:00,193466.9
2025-04-17 03:00:00,188899.8
2025-04-17 04:00:00,186550.97
2025-04-17 05:00:00,188448.26
2025-04-17 06:00:00,193341.29
2025-04-17 07:00:00,195294.77
2025-04-17 08:00:00,193142.12
2025-04-17 09:00:00,201487.07
2025-04-17 10:00:00,210459.45
2025-04-17 11:00:00,210822.3
2025-04-17 12:00:00,211000.39
2025-04-17 13:00:00,208815.52
2025-04-17 14:00:00,210847.47
2025-04-17 15:00:00,218230.47
2025-04-17 16:00:00,218894.74
2025-04-17 17:00:00,214620.48
2025-04-17 18:00:00,205784.49
2025-04-17 19:00:00,213632.18
2025-04-17 20:00:00,214949.4
2025-04-17 21:00:00,212980.8
2025-04-17 22:00:00,213236.02
2025-04-17 23:00:00,216345.48
2025-04-18 00:00:00,211916.68
2025-04-18 01:00:00,206430.07
2025-04-18 02:00:00,200472.0
2025-04-18 03:00:00,195879.24
2025-04-18 04:00:00,192777.33
2025-04-18 05:00:00,194511.95
2025-04-18 06:00:00,197878.82
2025-04-18 07:00:00,198752.08
2025-04-18 08:00:00,194630.14
2025-04-18 09:00:00,203748.72
2025-04-18 10:00:00,211514.08
2025-04-18 11:00:00,211741.11
2025-04-18 12:00:00,209959.51
2025-04-18 13:00:00,205847.15
2025-04-18 14:00:00,207162.83
2025-04-18 15:00:00,211530.12
2025-04-18 16:00:00,210321.57
2025-04-18 17:00:00,205178.58
2025-04-18 18:00:00,197410.86
2025-04-18 19:00:00,206076.98
2025-04-18 20:00:00,206942.5
2025-04-18 21:00:00,203018.15
2025-04-18 22:00:00,201164.44
2025-04-18 23:00:00,204479.12
2025-04-19 00:00:00,201411.49
2025-04-19 01:00:00,196335.19
2025-04-19 02:00:00,190717.58
2025-04-19 03:00:00,186509.7
2025-04-19 04:00:00,183178.97
2025-04-19 05:00:00,184045.87
2025-04-19 06:00:00,188683.76
2025-04-19 07:00:00,190481.24
2025-04-19 08:00:00,189602.08
2025-04-19 09:00:00,195044.03
2025-04-19 10:00:00,202216.14
2025-04-19 11:00:00,204209.13
2025-04-19 12:00:00,203558.28
2025-04-19 13:00:00,202742.59
2025-04-19 14:00:00,203046.5
2025-04-19 15:00:00,210645.46
2025-04-19 16:00:00,212543.13
2025-04-19 17:00:00,208674.36
2025-04-19 18:00:00,205204.22
2025-04-19 19:00:00,215422.08
2025-04-19 20:00:00,218076.83
2025-04-19 21:00:00,215577.28
2025-04-19 22:00:00,216295.47
2025-04-19 23:00:00,217158.76
2025-04-20 00:00:00,214296.87
2025-04-20 01:00:00,210089.12
2025-04-20 02:00:00,204021.37
2025-04-20 03:00:00,199940.48
2025-04-20 04:00:00,197128.35
2025-04-20 05:00:00,197575.18
2025-04-20 06:00:00,198642.64
2025-04-20 07:00:00,196346.06
2025-04-20 08:00:00,192120.64
2025-04-20 09:00:00,193802.02
2025-04-20 10:00:00,197846.57
2025-04-20 11:00:00,199225.53
2025-04-20 12:00:00,197968.68
2025-04-20 13:00:00,196600.36
2025-04-20 14:00:00,198290.2
2025-04-20 15:00:00,203326.28
2025-04-20 16:00:00,202386.18
2025-04-20 17:00:00,198292.85
2025-04-20 18:00:00,191186.8
2025-04-20 19:00:00,201680.53
2025-04-20 20:00:00,207954.96
2025-04-20 21:00:00,208323.15
2025-04-20 22:00:00,211144.52
2025-04-20 23:00:00,211603.05
2025-04-21 00:00:00,209729.02
2025-04-21 01:00:00,204862.54
2025-04-21 02:00:00,199042.54
2025-04-21 03:00:00,195047.63
2025-04-21 04:00:00,192083.18
2025-04-21 05:00:00,192719.48
2025-04-21 06:00:00,197792.13
2025-04-21 07:00:00,199856.06
2025-04-21 08:00:00,197379.68
2025-04-21 09:00:00,206439.25
2025-04-21 10:00:00,215085.99
2025-04-21 11:00:00,217250.05
2025-04-21 12:00:00,217859.36
2025-04-21 13:00:00,215546.56
2025-04-21 14:00:00,218405.98
2025-04-21 15:00:00,224804.04
2025-04-21 16:00:00,225040.65
2025-04-21 17:00:00,219363.71
2025-04-21 18:00:00,209551.87
2025-04-21 19:00:00,213738.89
2025-04-21 20:00:00,214247.53
2025-04-21 21:00:00,213445.06
2025-04-21 22:00:00,215456.51
2025-04-21 23:00:00,215271.02
2025-04-22 00:00:00,212567.01
2025-04-22 01:00:00,210133.69
2025-04-22 02:00:00,206088.09
2025-04-22 03:00:00,202255.26
2025-04-22 04:00:00,200220.56
2025-04-22 05:00:00,201056.0
2025-04-22 06:00:00,201849.86
2025-04-22 07:00:00,204291.96
2025-04-22 08:00:00,202101.53
2025-04-22 09:00:00,211439.93
2025-04-22 10:00:00,219705.88
2025-04-22 11:00:00,219942.14
2025-04-22 12:00:00,218528.29
2025-04-22 13:00:00,216000.68
2025-04-22 14:00:00,218072.01
2025-04-22 15:00:00,225113.59
2025-04-22 16:00:00,225234.46
2025-04-22 17:00:00,220319.94
2025-04-22 18:00:00,211574.82
2025-04-22 19:00:00,219039.35
2025-04-22 20:00:00,220008.63
2025-04-22 21:00:00,217955.99
2025-04-22 22:00:00,220332.75
2025-04-22 23:00:00,220627.09
2025-04-23 00:00:00,217653.25
2025-04-23 01:00:00,212688.37
2025-04-23 02:00:00,207543.82
2025-04-23 03:00:00,203806.01
2025-04-23 04:00:00,201205.74
2025-04-23 05:00:00,202160.01
2025-04-23 06:00:00,204328.2
2025-04-23 07:00:00,204568.85
2025-04-23 08:00:00,202850.74
2025-04-23 09:00:00,212064.53
2025-04-23 10:00:00,220594.17
2025-04-23 11:00:00,219808.25
2025-04-23 12:00:00,216552.94
2025-04-23 13:00:00,212015.11
2025-04-23 14:00:00,213477.99
2025-04-23 15:00:00,222465.05
2025-04-23 16:00:00,224515.66
2025-04-23 17:00:00,222296.12
2025-04-23 18:00:00,213354.31
2025-04-23 19:00:00,220122.63
2025-04-23 20:00:00,222153.99
2025-04-23 21:00:00,220768.45
2025-04-23 22:00:00,221998.11
2025-04-23 23:00:00,224392.24
2025-04-24 00:00:00,218956.72
2025-04-24 01:00:00,214792.95
2025-04-24 02:00:00,209231.23
2025-04-24 03:00:00,204890.13
2025-04-24 04:00:00,200886.13
2025-04-24 05:00:00,202309.03
2025-04-24 06:00:00,206133.28
2025-04-24 07:00:00,206046.94
2025-04-24 08:00:00,202725.45
2025-04-24 09:00:00,211510.16
2025-04-24 10:00:00,221054.56
2025-04-24 11:00:00,221686.64
2025-04-24 12:00:00,217794.42
2025-04-24 13:00:00,215007.13
2025-04-24 14:00:00,220289.93
2025-04-24 15:00:00,229335.81
2025-04-24 16:00:00,230485.79
2025-04-24 17:00:00,225802.23
2025-04-24 18:00:00,215351.77
2025-04-24 19:00:00,221788.26
2025-04-24 20:00:00,224398.54
2025-04-24 21:00:00,223437.84
2025-04-24 22:00:00,224973.35
2025-04-24 23:00:00,225667.82
2025-04-25 00:00:00,223112.8
2025-04-25 01:00:00,217957.39
2025-04-25 02:00:00,212805.82
2025-04-25 03:00:00,208692.11
2025-04-25 04:00:00,204592.11
2025-04-25 05:00:00,206145.72
2025-04-25 06:00:00,208969.16
2025-04-25 07:00:00,209816.6
2025-04-25 08:00:00,205225.59
2025-04-25 09:00:00,210979.49
2025-04-25 10:00:00,225988.78
2025-04-25 11:00:00,227213.44
2025-04-25 12:00:00,225079.19
2025-04-25 13:00:00,223778.22
2025-04-25 14:00:00,225389.28
2025-04-25 15:00:00,233191.28
2025-04-25 16:00:00,232010.57
2025-04-25 17:00:00,224786.15
2025-04-25 18:00:00,214578.94
2025-04-25 19:00:00,221583.19
2025-04-25 20:00:00,222434.32
2025-04-25 21:00:00,221461.27
2025-04-25 22:00:00,224226.58
2025-04-25 23:00:00,226288.29
2025-04-26 00:00:00,223566.16
2025-04-26 01:00:00,217914.31
2025-04-26 02:00:00,212236.93
2025-04-26 03:00:00,207535.74
2025-04-26 04:00:00,203852.55
2025-04-26 05:00:00,205272.1
2025-04-26 06:00:00,206965.56
2025-04-26 07:00:00,205035.19
2025-04-26 08:00:00,202151.83
2025-04-26 09:00:00,210394.42
2025-04-26 10:00:00,221230.6
2025-04-26 11:00:00,222011.61
2025-04-26 12:00:00,219831.97
2025-04-26 13:00:00,219021.27
2025-04-26 14:00:00,222634.52
2025-04-26 15:00:00,231301.77
2025-04-26 16:00:00,228104.45
2025-04-26 17:00:00,219897.06
2025-04-26 18:00:00,209840.17
2025-04-26 19:00:00,215376.06
2025-04-26 20:00:00,218861.44
2025-04-26 21:00:00,216910.1
2025-04-26 22:00:00,216817.49
2025-04-26 23:00:00,219403.42
2025-04-27 00:00:00,217464.93
2025-04-27 01:00:00,212576.83
2025-04-27 02:00:00,207029.68
2025-04-27 03:00:00,202413.69
2025-04-27 04:00:00,200059.22
2025-04-27 05:00:00,200912.37
2025-04-27 06:00:00,201578.09
2025-04-27 07:00:00,199246.09
2025-04-27 08:00:00,195463.12
2025-04-27 09:00:00,197630.01
2025-04-27 10:00:00,201049.91
2025-04-27 11:00:00,202780.51
2025-04-27 12:00:00,203787.54
2025-04-27 13:00:00,203295.36
2025-04-27 14:00:00,205716.46
2025-04-27 15:00:00,208953.21
2025-04-27 16:00:00,206030.96
2025-04-27 17:00:00,199044.85
2025-04-27 18:00:00,190354.99
2025-04-27 19:00:00,195849.0
2025-04-27 20:00:00,201031.26
2025-04-27 21:00:00,201673.52
2025-04-27 22:00:00,205216.15
2025-04-27 23:00:00,209918.47
2025-04-28 00:00:00,207309.83
2025-04-28 01:00:00,201412.23
2025-04-28 02:00:00,195206.47
2025-04-28 03:00:00,191387.05
2025-04-28 04:00:00,187071.33
2025-04-28 05:00:00,189647.12
2025-04-28 06:00:00,193532.46
2025-04-28 07:00:00,194934.2
2025-04-28 08:00:00,194065.44
2025-04-28 09:00:00,202711.25
2025-04-28 10:00:00,213372.46
2025-04-28 11:00:00,215897.18
2025-04-28 12:00:00,214725.05
2025-04-28 13:00:00,214454.31
2025-04-28 14:00:00,216655.69
2025-04-28 15:00:00,224201.07
2025-04-28 16:00:00,220467.97
2025-04-28 17:00:00,215349.86
2025-04-28 18:00:00,208069.87
2025-04-28 19:00:00,213645.12
2025-04-28 20:00:00,217083.63
2025-04-28 21:00:00,214848.46
2025-04-28 22:00:00,215582.04
2025-04-28 23:00:00,217899.32
2025-04-29 00:00:00,213575.03
2025-04-29 01:00:00,206465.67
2025-04-29 02:00:00,201470.65
2025-04-29 03:00:00,197070.67
2025-04-29 04:00:00,193291.86
2025-04-29 05:00:00,195234.81
2025-04-29 06:00:00,199574.27
2025-04-29 07:00:00,199352.86
2025-04-29 08:00:00,196723.73
2025-04-29 09:00:00,202265.06
2025-04-29 10:00:00,211607.68
2025-04-29 11:00:00,212676.96
2025-04-29 12:00:00,211791.85
2025-04-29 13:00:00,210089.86
2025-04-29 14:00:00,214718.51
2025-04-29 15:00:00,219855.51
2025-04-29 16:00:00,220004.36
2025-04-29 17:00:00,216108.96
2025-04-29 18:00:00,205552.39
2025-04-29 19:00:00,213100.87
2025-04-29 20:00:00,215036.44
2025-04-29 21:00:00,212394.79
2025-04-29 22:00:00,214284.12
2025-04-29 23:00:00,216911.3
2025-04-30 00:00:00,212187.01
2025-04-30 01:00:00,206524.83
2025-04-30 02:00:00,200712.94
2025-04-30 03:00:00,196594.81
2025-04-30 04:00:00,193847.25
2025-04-30 05:00:00,195554.04
2025-04-30 06:00:00,198730.05
2025-04-30 07:00:00,197847.29
2025-04-30 08:00:00,196572.6
2025-04-30 09:00:00,203063.35
2025-04-30 10:00:00,213555.94
2025-04-30 11:00:00,214776.56
2025-04-30 12:00:00,214530.69
2025-04-30 13:00:00,212168.93
2025-04-30 14:00:00,211820.52
2025-04-30 15:00:00,220106.05
2025-04-30 16:00:00,222135.58
2025-04-30 17:00:00,217173.31
2025-04-30 18:00:00,207845.7
2025-04-30 19:00:00,211107.36
2025-04-30 20:00:00,215376.82
2025-04-30 21:00:00,212404.22
2025-04-30 22:00:00,215084.42
2025-04-30 23:00:00,218316.8
2025-05-01 00:00:00,213855.62
2025-05-01 01:00:00,208810.78
2025-05-01 02:00:00,202462.46
2025-05-01 03:00:00,197822.43
2025-05-01 04:00:00,194345.55
2025-05-01 05:00:00,195764.38
2025-05-01 06:00:00,197037.34
2025-05-01 07:00:00,193529.54
2025-05-01 08:00:00,188402.56
2025-05-01 09:00:00,192222.38
2025-05-01 10:00:00,199935.83
2025-05-01 11:00:00,202397.82
2025-05-01 12:00:00,203964.89
2025-05-01 13:00:00,203080.01
2025-05-01 14:00:00,204436.12
2025-05-01 15:00:00,210839.87
2025-05-01 16:00:00,208862.89
2025-05-01 17:00:00,200451.7
2025-05-01 18:00:00,190727.52
2025-05-01 19:00:00,193567.8
2025-05-01 20:00:00,198414.68
2025-05-01 21:00:00,195858.74
2025-05-01 22:00:00,195788.13
2025-05-01 23:00:00,200238.94
2025-05-02 00:00:00,194715.71
2025-05-02 01:00:00,187831.86
2025-05-02 02:00:00,181268.51
2025-05-02 03:00:00,176487.0
2025-05-02 04:00:00,173561.19
2025-05-02 05:00:00,173220.92
2025-05-02 06:00:00,170270.33
2025-05-02 07:00:00,171320.51
2025-05-02 08:00:00,171671.96
2025-05-02 09:00:00,181007.5
2025-05-02 10:00:00,192158.94
2025-05-02 11:00:00,197828.47
2025-05-02 12:00:00,198602.38
2025-05-02 13:00:00,200150.98
2025-05-02 14:00:00,202137.11
2025-05-02 15:00:00,210607.41
2025-05-02 16:00:00,211306.09
2025-05-02 17:00:00,208002.34
2025-05-02 18:00:00,201678.75
2025-05-02 19:00:00,206992.05
2025-05-02 20:00:00,209501.97
2025-05-02 21:00:00,206322.48
2025-05-02 22:00:00,207213.02
2025-05-02 23:00:00,210144.61
2025-05-03 00:00:00,205221.06
2025-05-03 01:00:00,198414.74
2025-05-03 02:00:00,192591.78
2025-05-03 03:00:00,187989.34
2025-05-03 04:00:00,184766.4
2025-05-03 05:00:00,184861.49
2025-05-03 06:00:00,187251.84
2025-05-03 07:00:00,185748.7
2025-05-03 08:00:00,185682.31
2025-05-03 09:00:00,194799.7
2025-05-03 10:00:00,204732.14
2025-05-03 11:00:00,206555.33
2025-05-03 12:00:00,207474.95
2025-05-03 13:00:00,207695.24
2025-05-03 14:00:00,208675.46
2025-05-03 15:00:00,213008.86
2025-05-03 16:00:00,206536.64
2025-05-03 17:00:00,201246.5
2025-05-03 18:00:00,192416.61
2025-05-03 19:00:00,197334.44
2025-05-03 20:00:00,203511.25
2025-05-03 21:00:00,201471.38
2025-05-03 22:00:00,202491.09
2025-05-03 23:00:00,206476.41
2025-05-04 00:00:00,201637.05
2025-05-04 01:00:00,195832.49
2025-05-04 02:00:00,190347.51
2025-05-04 03:00:00,184797.07
2025-05-04 04:00:00,180724.84
2025-05-04 05:00:00,180913.41
2025-05-04 06:00:00,179885.26
2025-05-04 07:00:00,177959.5
2025-05-04 08:00:00,176323.05
2025-05-04 09:00:00,180438.29
2025-05-04 10:00:00,185445.99
2025-05-04 11:00:00,186606.36
2025-05-04 12:00:00,188623.03
2025-05-04 13:00:00,189348.53
2025-05-04 14:00:00,190265.6
2025-05-04 15:00:00,194395.44
2025-05-04 16:00:00,190667.17
2025-05-04 17:00:00,185122.71
2025-05-04 18:00:00,175426.36
2025-05-04 19:00:00,182362.36
2025-05-04 20:00:00,189303.26
2025-05-04 21:00:00,189675.62
2025-05-04 22:00:00,190840.26
2025-05-04 23:00:00,193643.53
2025-05-05 00:00:00,190716.55
2025-05-05 01:00:00,185426.47
2025-05-05 02:00:00,179417.45
2025-05-05 03:00:00,174423.71
2025-05-05 04:00:00,171823.19
2025-05-05 05:00:00,172292.59
2025-05-05 06:00:00,175425.55
2025-05-05 07:00:00,175637.8
2025-05-05 08:00:00,176479.03
2025-05-05 09:00:00,186110.82
2025-05-05 10:00:00,197209.65
2025-05-05 11:00:00,199677.41
2025-05-05 12:00:00,199340.37
2025-05-05 13:00:00,199020.13
2025-05-05 14:00:00,199883.02
2025-05-05 15:00:00,207032.62
2025-05-05 16:00:00,203816.91
2025-05-05 17:00:00,198592.13
2025-05-05 18:00:00,191328.87
2025-05-05 19:00:00,192194.65
2025-05-05 20:00:00,194694.13
2025-05-05 21:00:00,189829.4
2025-05-05 22:00:00,188085.6
2025-05-05 23:00:00,189351.08
2025-05-06 00:00:00,185155.49
2025-05-06 01:00:00,180104.53
2025-05-06 02:00:00,173281.08
2025-05-06 03:00:00,168848.63
2025-05-06 04:00:00,167078.0
2025-05-06 05:00:00,169217.62
2025-05-06 06:00:00,172520.03
2025-05-06 07:00:00,174601.45
2025-05-06 08:00:00,173985.57
2025-05-06 09:00:00,183000.37
2025-05-06 10:00:00,191668.02
2025-05-06 11:00:00,193740.28
2025-05-06 12:00:00,193884.6
2025-05-06 13:00:00,193898.28
2025-05-06 14:00:00,194764.92
2025-05-06 15:00:00,199789.33
2025-05-06 16:00:00,197595.92
2025-05-06 17:00:00,193714.63
2025-05-06 18:00:00,189172.77
2025-05-06 19:00:00,195542.47
2025-05-06 20:00:00,198770.75
2025-05-06 21:00:00,195235.89
2025-05-06 22:00:00,193686.84
2025-05-06 23:00:00,194952.77
2025-05-07 00:00:00,190610.66
2025-05-07 01:00:00,186032.75
2025-05-07 02:00:00,180550.79
2025-05-07 03:00:00,176453.19
2025-05-07 04:00:00,174453.33
2025-05-07 05:00:00,175559.73
2025-05-07 06:00:00,176893.67
2025-05-07 07:00:00,177729.44
2025-05-07 08:00:00,177142.87
2025-05-07 09:00:00,183318.3
2025-05-07 10:00:00,191662.94
2025-05-07 11:00:00,195401.4
2025-05-07 12:00:00,197200.42
2025-05-07 13:00:00,194483.35
2025-05-07 14:00:00,193345.75
2025-05-07 15:00:00,198849.15
2025-05-07 16:00:00,196729.25
2025-05-07 17:00:00,193083.66
2025-05-07 18:00:00,187659.26
2025-05-07 19:00:00,195730.06
2025-05-07 20:00:00,196110.67
2025-05-07 21:00:00,194638.3
2025-05-07 22:00:00,198134.45
2025-05-07 23:00:00,198851.42
2025-05-08 00:00:00,195460.18
2025-05-08 01:00:00,188809.34
2025-05-08 02:00:00,183260.92
2025-05-08 03:00:00,178480.32
2025-05-08 04:00:00,175899.49
2025-05-08 05:00:00,176597.99
2025-05-08 06:00:00,180202.57
2025-05-08 07:00:00,180365.89
2025-05-08 08:00:00,182285.97
2025-05-08 09:00:00,188216.62
2025-05-08 10:00:00,197008.42
2025-05-08 11:00:00,197954.35
2025-05-08 12:00:00,201074.75
2025-05-08 13:00:00,199495.28
2025-05-08 14:00:00,199782.1
2025-05-08 15:00:00,203714.51
2025-05-08 16:00:00,201196.98
2025-05-08 17:00:00,197301.29
2025-05-08 18:00:00,191003.51
2025-05-08 19:00:00,200160.01
2025-05-08 20:00:00,206043.52
2025-05-08 21:00:00,203243.52
2025-05-08 22:00:00,201622.66
2025-05-08 23:00:00,200705.69
2025-05-09 00:00:00,196937.95
2025-05-09 01:00:00,194262.64
2025-05-09 02:00:00,189757.38
2025-05-09 03:00:00,185947.55
2025-05-09 04:00:00,183047.32
2025-05-09 05:00:00,183507.34
2025-05-09 06:00:00,186035.33
2025-05-09 07:00:00,186410.0
2025-05-09 08:00:00,184682.58
2025-05-09 09:00:00,190323.07
2025-05-09 10:00:00,199819.3
2025-05-09 11:00:00,202438.83
2025-05-09 12:00:00,205829.01
2025-05-09 13:00:00,202672.01
2025-05-09 14:00:00,204517.32
2025-05-09 15:00:00,210289.97
2025-05-09 16:00:00,208922.33
2025-05-09 17:00:00,205165.83
2025-05-09 18:00:00,198101.78
2025-05-09 19:00:00,206399.43
2025-05-09 20:00:00,209907.52
2025-05-09 21:00:00,207091.12
2025-05-09 22:00:00,207476.43
2025-05-09 23:00:00,210926.28
2025-05-10 00:00:00,207332.74
2025-05-10 01:00:00,202956.57
2025-05-10 02:00:00,194435.64
2025-05-10 03:00:00,190546.19
2025-05-10 04:00:00,188426.92
2025-05-10 05:00:00,189071.85
2025-05-10 06:00:00,190067.92
2025-05-10 07:00:00,189472.8
2025-05-10 08:00:00,188507.21
2025-05-10 09:00:00,195069.58
2025-05-10 10:00:00,203919.5
2025-05-10 11:00:00,206727.8
2025-05-10 12:00:00,209060.17
2025-05-10 13:00:00,208595.67
2025-05-10 14:00:00,210590.49
2025-05-10 15:00:00,214981.6
2025-05-10 16:00:00,211318.44
2025-05-10 17:00:00,205635.63
2025-05-10 18:00:00,198784.21
2025-05-10 19:00:00,206060.5
2025-05-10 20:00:00,211307.0
2025-05-10 21:00:00,208328.96
2025-05-10 22:00:00,208443.33
2025-05-10 23:00:00,213698.06
2025-05-11 00:00:00,210957.93
2025-05-11 01:00:00,206499.3
2025-05-11 02:00:00,200138.32
2025-05-11 03:00:00,196315.08
2025-05-11 04:00:00,192200.54
2025-05-11 05:00:00,191547.92
2025-05-11 06:00:00,190898.68
2025-05-11 07:00:00,188211.36
2025-05-11 08:00:00,185678.8
2025-05-11 09:00:00,189379.01
2025-05-11 10:00:00,194975.23
2025-05-11 11:00:00,197357.19
2025-05-11 12:00:00,198333.84
2025-05-11 13:00:00,198910.82
2025-05-11 14:00:00,200949.83
2025-05-11 15:00:00,203079.86
2025-05-11 16:00:00,200321.75
2025-05-11 17:00:00,192881.91
2025-05-11 18:00:00,184714.37
2025-05-11 19:00:00,187995.49
2025-05-11 20:00:00,193681.37
2025-05-11 21:00:00,193715.42
2025-05-11 22:00:00,198125.39
2025-05-11 23:00:00,202696.35
2025-05-12 00:00:00,202392.51
2025-05-12 01:00:00,197261.39
2025-05-12 02:00:00,192212.08
2025-05-12 03:00:00,187761.16
2025-05-12 04:00:00,185323.21
2025-05-12 05:00:00,184865.46
2025-05-12 06:00:00,185896.45
2025-05-12 07:00:00,186239.82
2025-05-12 08:00:00,186031.79
2025-05-12 09:00:00,196053.18
2025-05-12 10:00:00,206510.79
2025-05-12 11:00:00,210669.85
2025-05-12 12:00:00,212870.25
2025-05-12 13:00:00,213034.82
2025-05-12 14:00:00,215722.59
2025-05-12 15:00:00,222096.43
2025-05-12 16:00:00,220011.94
2025-05-12 17:00:00,213900.89
2025-05-12 18:00:00,204401.87
2025-05-12 19:00:00,207598.64
2025-05-12 20:00:00,212263.15
2025-05-12 21:00:00,210127.31
2025-05-12 22:00:00,213155.59
2025-05-12 23:00:00,215455.32
2025-05-13 00:00:00,212125.63
2025-05-13 01:00:00,206619.04
2025-05-13 02:00:00,201104.3
2025-05-13 03:00:00,196994.79
2025-05-13 04:00:00,192459.64
2025-05-13 05:00:00,192654.81
2025-05-13 06:00:00,192764.84
2025-05-13 07:00:00,190919.14
2025-05-13 08:00:00,191129.91
2025-05-13 09:00:00,200743.5
2025-05-13 10:00:00,211143.8
2025-05-13 11:00:00,213913.3
2025-05-13 12:00:00,215781.92
2025-05-13 13:00:00,216475.42
2025-05-13 14:00:00,220020.65
2025-05-13 15:00:00,224362.72
2025-05-13 16:00:00,218310.39
2025-05-13 17:00:00,209335.07
2025-05-13 18:00:00,198207.2
2025-05-13 19:00:00,202346.2
2025-05-13 20:00:00,207386.73
2025-05-13 21:00:00,209816.7
2025-05-13 22:00:00,214427.0
2025-05-13 23:00:00,217553.77
2025-05-14 00:00:00,213631.8
2025-05-14 01:00:00,207209.26
2025-05-14 02:00:00,201605.77
2025-05-14 03:00:00,196942.78
2025-05-14 04:00:00,192751.22
2025-05-14 05:00:00,191670.4
2025-05-14 06:00:00,190676.63
2025-05-14 07:00:00,189620.38
2025-05-14 08:00:00,188898.78
2025-05-14 09:00:00,198573.12
2025-05-14 10:00:00,208540.23
2025-05-14 11:00:00,212740.74
2025-05-14 12:00:00,215777.35
2025-05-14 13:00:00,218013.24
2025-05-14 14:00:00,222582.98
2025-05-14 15:00:00,228751.82
2025-05-14 16:00:00,226222.39
2025-05-14 17:00:00,218025.18
2025-05-14 18:00:00,208952.19
2025-05-14 19:00:00,213143.33
2025-05-14 20:00:00,218194.83
2025-05-14 21:00:00,219554.09
2025-05-14 22:00:00,221352.14
2025-05-14 23:00:00,221304.55
2025-05-15 00:00:00,217640.38
2025-05-15 01:00:00,212717.06
2025-05-15 02:00:00,207625.91
2025-05-15 03:00:00,203171.54
2025-05-15 04:00:00,198626.48
2025-05-15 05:00:00,198008.48
2025-05-15 06:00:00,197821.34
2025-05-15 07:00:00,195190.54
2025-05-15 08:00:00,194883.43
2025-05-15 09:00:00,204058.79
2025-05-15 10:00:00,213958.73
2025-05-15 11:00:00,216753.16
2025-05-15 12:00:00,221093.89
2025-05-15 13:00:00,220820.84
2025-05-15 14:00:00,224842.69
2025-05-15 15:00:00,229428.05
2025-05-15 16:00:00,225400.32
2025-05-15 17:00:00,217286.11
2025-05-15 18:00:00,208206.47
2025-05-15 19:00:00,213231.13
2025-05-15 20:00:00,220060.34
2025-05-15 21:00:00,219224.34
2025-05-15 22:00:00,221003.61
2025-05-15 23:00:00,221786.03
2025-05-16 00:00:00,218532.77
2025-05-16 01:00:00,213577.5
2025-05-16 02:00:00,208671.42
2025-05-16 03:00:00,203143.21
2025-05-16 04:00:00,198811.27
2025-05-16 05:00:00,198379.22
2025-05-16 06:00:00,197677.69
2025-05-16 07:00:00,195311.12
2025-05-16 08:00:00,193955.41
2025-05-16 09:00:00,202603.74
2025-05-16 10:00:00,213627.85
2025-05-16 11:00:00,216602.47
2025-05-16 12:00:00,219174.14
2025-05-16 13:00:00,219179.9
2025-05-16 14:00:00,220864.87
2025-05-16 15:00:00,227491.64
2025-05-16 16:00:00,223772.25
2025-05-16 17:00:00,215414.46
2025-05-16 18:00:00,203824.73
2025-05-16 19:00:00,208474.48
2025-05-16 20:00:00,214491.11
2025-05-16 21:00:00,215731.48
2025-05-16 22:00:00,219017.83
2025-05-16 23:00:00,222463.45
2025-05-17 00:00:00,217636.1
2025-05-17 01:00:00,211554.55
2025-05-17 02:00:00,204550.87
2025-05-17 03:00:00,199619.75
2025-05-17 04:00:00,196140.96
2025-05-17 05:00:00,195052.92
2025-05-17 06:00:00,193954.39
2025-05-17 07:00:00,189897.65
2025-05-17 08:00:00,189793.63
2025-05-17 09:00:00,199615.29
2025-05-17 10:00:00,207551.3
2025-05-17 11:00:00,209003.43
2025-05-17 12:00:00,211696.92
2025-05-17 13:00:00,212324.52
2025-05-17 14:00:00,217300.86
2025-05-17 15:00:00,222019.09
2025-05-17 16:00:00,215737.54
2025-05-17 17:00:00,206115.87
2025-05-17 18:00:00,196650.75
2025-05-17 19:00:00,202018.42
2025-05-17 20:00:00,211202.72
2025-05-17 21:00:00,210455.08
2025-05-17 22:00:00,212017.52
2025-05-17 23:00:00,215683.11
2025-05-18 00:00:00,212564.36
2025-05-18 01:00:00,207247.33
2025-05-18 02:00:00,201433.7
2025-05-18 03:00:00,196911.83
2025-05-18 04:00:00,192652.13
2025-05-18 05:00:00,190566.58
2025-05-18 06:00:00,188718.57
2025-05-18 07:00:00,183928.76
2025-05-18 08:00:00,181580.82
2025-05-18 09:00:00,187619.14
2025-05-18 10:00:00,193484.63
2025-05-18 11:00:00,194850.93
2025-05-18 12:00:00,196149.4
2025-05-18 13:00:00,197733.88
2025-05-18 14:00:00,201298.51
2025-05-18 15:00:00,205571.55
2025-05-18 16:00:00,202522.88
2025-05-18 17:00:00,194682.38
2025-05-18 18:00:00,187041.48
2025-05-18 19:00:00,195297.79
2025-05-18 20:00:00,205020.67
2025-05-18 21:00:00,208443.24
2025-05-18 22:00:00,211325.66
2025-05-18 23:00:00,215138.44
2025-05-19 00:00:00,211379.99
2025-05-19 01:00:00,205315.93
2025-05-19 02:00:00,199048.63
2025-05-19 03:00:00,193970.11
2025-05-19 04:00:00,190044.19
2025-05-19 05:00:00,188636.04
2025-05-19 06:00:00,188139.77
2025-05-19 07:00:00,187059.51
2025-05-19 08:00:00,187827.12
2025-05-19 09:00:00,195062.26
2025-05-19 10:00:00,204705.43
2025-05-19 11:00:00,207667.46
2025-05-19 12:00:00,211729.04
2025-05-19 13:00:00,214325.45
2025-05-19 14:00:00,216262.63
2025-05-19 15:00:00,221601.62
2025-05-19 16:00:00,218705.42
2025-05-19 17:00:00,213122.33
2025-05-19 18:00:00,205769.61
2025-05-19 19:00:00,210922.29
2025-05-19 20:00:00,217879.58
2025-05-19 21:00:00,219533.69
2025-05-19 22:00:00,221241.38
2025-05-19 23:00:00,221386.46
2025-05-20 00:00:00,216805.21
2025-05-20 01:00:00,212254.19
2025-05-20 02:00:00,205819.62
2025-05-20 03:00:00,200475.83
2025-05-20 04:00:00,196180.34
2025-05-20 05:00:00,194531.76
2025-05-20 06:00:00,193371.4
2025-05-20 07:00:00,191196.34
2025-05-20 08:00:00,190346.18
2025-05-20 09:00:00,198652.7
2025-05-20 10:00:00,207158.07
2025-05-20 11:00:00,211618.07
2025-05-20 12:00:00,214672.44
2025-05-20 13:00:00,216190.2
2025-05-20 14:00:00,219257.87
2025-05-20 15:00:00,225293.87
2025-05-20 16:00:00,220904.82
2025-05-20 17:00:00,211439.31
2025-05-20 18:00:00,203201.64
2025-05-20 19:00:00,209321.32
2025-05-20 20:00:00,216369.91
2025-05-20 21:00:00,216312.06
2025-05-20 22:00:00,218418.56
2025-05-20 23:00:00,219062.58
2025-05-21 00:00:00,215122.32
2025-05-21 01:00:00,210246.93
2025-05-21 02:00:00,204054.41
2025-05-21 03:00:00,199259.93
2025-05-21 04:00:00,195017.15
2025-05-21 05:00:00,192939.2
2025-05-21 06:00:00,190956.94
2025-05-21 07:00:00,189606.68
2025-05-21 08:00:00,187789.87
2025-05-21 09:00:00,193357.09
2025-05-21 10:00:00,199644.74
2025-05-21 11:00:00,207630.16
2025-05-21 12:00:00,211040.39
2025-05-21 13:00:00,211327.49
2025-05-21 14:00:00,213572.31
2025-05-21 15:00:00,218887.36
2025-05-21 16:00:00,216230.96
2025-05-21 17:00:00,207647.07
2025-05-21 18:00:00,195259.6
2025-05-21 19:00:00,196078.25
2025-05-21 20:00:00,196460.78
2025-05-21 21:00:00,187908.96
2025-05-21 22:00:00,188486.03
2025-05-21 23:00:00,190298.46
2025-05-22 00:00:00,184749.26
2025-05-22 01:00:00,178971.05
2025-05-22 02:00:00,172972.02
2025-05-22 03:00:00,169391.46
2025-05-22 04:00:00,165228.87
2025-05-22 05:00:00,164747.04
2025-05-22 06:00:00,166770.89
2025-05-22 07:00:00,170168.66
2025-05-22 08:00:00,172237.21
2025-05-22 09:00:00,177919.26
2025-05-22 10:00:00,186928.98
2025-05-22 11:00:00,188683.3
2025-05-22 12:00:00,192344.21
2025-05-22 13:00:00,192213.18
2025-05-22 14:00:00,196067.0
2025-05-22 15:00:00,202992.66
2025-05-22 16:00:00,203882.07
2025-05-22 17:00:00,200503.23
2025-05-22 18:00:00,194633.24
2025-05-22 19:00:00,200846.07
2025-05-22 20:00:00,209122.71
2025-05-22 21:00:00,208697.62
2025-05-22 22:00:00,211695.27
2025-05-22 23:00:00,213119.77
2025-05-23 00:00:00,209600.97
2025-05-23 01:00:00,202056.91
2025-05-23 02:00:00,194380.79
2025-05-23 03:00:00,189116.14
2025-05-23 04:00:00,184283.06
2025-05-23 05:00:00,182228.31
2025-05-23 06:00:00,182752.82
2025-05-23 07:00:00,184046.49
2025-05-23 08:00:00,183364.16
2025-05-23 09:00:00,191554.77
2025-05-23 10:00:00,199159.53
2025-05-23 11:00:00,201500.8
2025-05-23 12:00:00,203629.36
2025-05-23 13:00:00,204848.98
2025-05-23 14:00:00,207082.71
2025-05-23 15:00:00,213909.27
2025-05-23 16:00:00,211960.18
2025-05-23 17:00:00,205797.45
2025-05-23 18:00:00,198810.03
2025-05-23 19:00:00,206315.76
2025-05-23 20:00:00,213152.15
2025-05-23 21:00:00,213345.16
2025-05-23 22:00:00,216038.26
2025-05-23 23:00:00,218007.18
2025-05-24 00:00:00,214038.07
2025-05-24 01:00:00,207154.55
2025-05-24 02:00:00,200329.1
2025-05-24 03:00:00,195425.01
2025-05-24 04:00:00,191035.6
2025-05-24 05:00:00,189016.26
2025-05-24 06:00:00,187892.99
2025-05-24 07:00:00,185057.0
2025-05-24 08:00:00,184978.95
2025-05-24 09:00:00,190849.84
2025-05-24 10:00:00,197849.62
2025-05-24 11:00:00,199858.76
2025-05-24 12:00:00,200425.27
2025-05-24 13:00:00,199241.32
2025-05-24 14:00:00,202105.26
2025-05-24 15:00:00,208698.94
2025-05-24 16:00:00,206961.35
2025-05-24 17:00:00,201064.02
2025-05-24 18:00:00,193323.16
2025-05-24 19:00:00,196101.68
2025-05-24 20:00:00,202046.7
2025-05-24 21:00:00,201066.56
2025-05-24 22:00:00,200265.37
2025-05-24 23:00:00,200547.34
2025-05-25 00:00:00,194630.59
2025-05-25 01:00:00,185422.17
2025-05-25 02:00:00,174862.41
2025-05-25 03:00:00,166727.12
2025-05-25 04:00:00,162598.13
2025-05-25 05:00:00,160952.78
2025-05-25 06:00:00,159770.34
2025-05-25 07:00:00,160421.38
2025-05-25 08:00:00,159697.78
2025-05-25 09:00:00,164740.57
2025-05-25 10:00:00,171134.49
2025-05-25 11:00:00,173539.73
2025-05-25 12:00:00,174058.5
2025-05-25 13:00:00,174113.53
2025-05-25 14:00:00,174974.97
2025-05-25 15:00:00,177975.04
2025-05-25 16:00:00,177602.3
2025-05-25 17:00:00,175450.56
2025-05-25 18:00:00,173443.85
2025-05-25 19:00:00,183671.37
2025-05-25 20:00:00,194004.52
2025-05-25 21:00:00,196563.32
2025-05-25 22:00:00,197307.44
2025-05-25 23:00:00,198289.17
2025-05-26 00:00:00,193328.18
2025-05-26 01:00:00,186376.52
2025-05-26 02:00:00,181170.15
2025-05-26 03:00:00,175990.03
2025-05-26 04:00:00,171885.05
2025-05-26 05:00:00,170518.43
2025-05-26 06:00:00,172304.17
2025-05-26 07:00:00,172081.61
2025-05-26 08:00:00,173241.22
2025-05-26 09:00:00,181795.72
2025-05-26 10:00:00,187157.06
2025-05-26 11:00:00,190996.05
2025-05-26 12:00:00,190938.49
2025-05-26 13:00:00,192793.83
2025-05-26 14:00:00,193185.49
2025-05-26 15:00:00,198823.26
2025-05-26 16:00:00,197974.32
2025-05-26 17:00:00,195159.94
2025-05-26 18:00:00,191553.44
2025-05-26 19:00:00,199154.86
2025-05-26 20:00:00,208678.35
2025-05-26 21:00:00,210413.49
2025-05-26 22:00:00,210434.69
2025-05-26 23:00:00,210022.01
2025-05-27 00:00:00,203313.23
2025-05-27 01:00:00,196355.11
2025-05-27 02:00:00,190314.01
2025-05-27 03:00:00,185602.85
2025-05-27 04:00:00,181768.72
2025-05-27 05:00:00,179733.8
2025-05-27 06:00:00,179621.12
2025-05-27 07:00:00,179361.93
2025-05-27 08:00:00,180246.24
2025-05-27 09:00:00,188940.6
2025-05-27 10:00:00,196719.04
2025-05-27 11:00:00,199334.8
2025-05-27 12:00:00,200553.76
2025-05-27 13:00:00,200259.39
2025-05-27 14:00:00,199506.34
2025-05-27 15:00:00,204540.15
2025-05-27 16:00:00,202395.18
2025-05-27 17:00:00,198305.87
2025-05-27 18:00:00,195486.94
2025-05-27 19:00:00,203666.21
2025-05-27 20:00:00,210511.91
2025-05-27 21:00:00,211284.84
2025-05-27 22:00:00,211599.46
2025-05-27 23:00:00,211277.19
2025-05-28 00:00:00,206138.66
2025-05-28 01:00:00,199733.14
2025-05-28 02:00:00,193625.18
2025-05-28 03:00:00,188545.45
2025-05-28 04:00:00,184353.96
2025-05-28 05:00:00,182938.92
2025-05-28 06:00:00,181643.82
2025-05-28 07:00:00,181597.81
2025-05-28 08:00:00,182643.6
2025-05-28 09:00:00,191424.64
2025-05-28 10:00:00,199047.55
2025-05-28 11:00:00,201501.46
2025-05-28 12:00:00,202690.67
2025-05-28 13:00:00,203956.0
2025-05-28 14:00:00,205259.17
2025-05-28 15:00:00,209799.03
2025-05-28 16:00:00,206047.63
2025-05-28 17:00:00,198783.54
2025-05-28 18:00:00,195303.56
2025-05-28 19:00:00,202792.83
2025-05-28 20:00:00,210555.07
2025-05-28 21:00:00,210874.76
2025-05-28 22:00:00,212106.67
2025-05-28 23:00:00,211011.78
2025-05-29 00:00:00,205694.89
2025-05-29 01:00:00,200990.65
2025-05-29 02:00:00,194842.69
2025-05-29 03:00:00,189987.13
2025-05-29 04:00:00,187177.74
2025-05-29 05:00:00,186475.56
2025-05-29 06:00:00,185758.07
2025-05-29 07:00:00,185572.82
2025-05-29 08:00:00,186147.08
2025-05-29 09:00:00,191868.93
2025-05-29 10:00:00,199815.78
2025-05-29 11:00:00,201601.94
2025-05-29 12:00:00,201697.68
2025-05-29 13:00:00,200374.27
2025-05-29 14:00:00,203293.85
2025-05-29 15:00:00,208257.37
2025-05-29 16:00:00,206021.17
2025-05-29 17:00:00,198548.45
2025-05-29 18:00:00,193003.01
2025-05-29 19:00:00,198230.37
2025-05-29 20:00:00,207662.09
2025-05-29 21:00:00,208480.29
2025-05-29 22:00:00,210047.18
2025-05-29 23:00:00,208811.4
2025-05-30 00:00:00,204247.39
2025-05-30 01:00:00,196718.43
2025-05-30 02:00:00,191000.99
2025-05-30 03:00:00,185533.18
2025-05-30 04:00:00,180633.39
2025-05-30 05:00:00,178876.44
2025-05-30 06:00:00,178168.04
2025-05-30 07:00:00,178370.04
2025-05-30 08:00:00,178017.45
2025-05-30 09:00:00,185530.69
2025-05-30 10:00:00,194997.88
2025-05-30 11:00:00,195840.19
2025-05-30 12:00:00,196489.2
2025-05-30 13:00:00,195021.51
2025-05-30 14:00:00,196660.05
2025-05-30 15:00:00,201384.32
2025-05-30 16:00:00,199585.91
2025-05-30 17:00:00,194963.86
2025-05-30 18:00:00,191113.25
2025-05-30 19:00:00,199171.94
2025-05-30 20:00:00,206978.48
2025-05-30 21:00:00,207341.94
2025-05-30 22:00:00,208321.01
2025-05-30 23:00:00,209472.15
2025-05-31 00:00:00,204126.66
2025-05-31 01:00:00,197654.44
2025-05-31 02:00:00,190935.57
2025-05-31 03:00:00,185888.64
2025-05-31 04:00:00,182521.25
2025-05-31 05:00:00,180490.81
2025-05-31 06:00:00,180143.56
2025-05-31 07:00:00,179233.61
2025-05-31 08:00:00,179211.99
2025-05-31 09:00:00,185718.62
2025-05-31 10:00:00,192278.68
2025-05-31 11:00:00,195395.79
2025-05-31 12:00:00,197633.88
2025-05-31 13:00:00,198230.65
2025-05-31 14:00:00,200459.31
2025-05-31 15:00:00,205297.55
2025-05-31 16:00:00,203042.5
2025-05-31 17:00:00,196703.44
2025-05-31 18:00:00,185339.9
2025-05-31 19:00:00,195023.14
2025-05-31 20:00:00,204867.43
2025-05-31 21:00:00,206170.99
2025-05-31 22:00:00,209214.52
2025-05-31 23:00:00,212029.61
2025-06-01 00:00:00,206881.96
2025-06-01 01:00:00,201185.61
2025-06-01 02:00:00,195752.66
2025-06-01 03:00:00,189495.61
2025-06-01 04:00:00,185436.26
2025-06-01 05:00:00,183347.09
2025-06-01 06:00:00,181658.24
2025-06-01 07:00:00,177229.36
2025-06-01 08:00:00,176453.64
2025-06-01 09:00:00,175624.53
2025-06-01 10:00:00,180097.72
2025-06-01 11:00:00,180945.18
2025-06-01 12:00:00,182390.69
2025-06-01 13:00:00,184645.81
2025-06-01 14:00:00,187983.75
2025-06-01 15:00:00,193160.85
2025-06-01 16:00:00,190752.32
2025-06-01 17:00:00,181403.74
2025-06-01 18:00:00,175545.58
2025-06-01 19:00:00,182602.14
2025-06-01 20:00:00,194545.16
2025-06-01 21:00:00,198202.17
2025-06-01 22:00:00,202511.61
2025-06-01 23:00:00,205936.81
2025-06-02 00:00:00,202395.8
2025-06-02 01:00:00,196631.77
2025-06-02 02:00:00,190043.97
2025-06-02 03:00:00,184842.01
2025-06-02 04:00:00,181573.33
2025-06-02 05:00:00,180189.55
2025-06-02 06:00:00,181556.18
2025-06-02 07:00:00,183865.71
2025-06-02 08:00:00,183619.67
2025-06-02 09:00:00,189044.89
2025-06-02 10:00:00,199481.28
2025-06-02 11:00:00,204461.61
2025-06-02 12:00:00,203099.89
2025-06-02 13:00:00,204463.1
2025-06-02 14:00:00,206319.85
2025-06-02 15:00:00,212369.7
2025-06-02 16:00:00,210049.16
2025-06-02 17:00:00,202412.64
2025-06-02 18:00:00,194401.76
2025-06-02 19:00:00,200511.19
2025-06-02 20:00:00,209275.62
2025-06-02 21:00:00,209874.92
2025-06-02 22:00:00,212131.52
2025-06-02 23:00:00,214001.45
2025-06-03 00:00:00,207614.04
2025-06-03 01:00:00,200137.03
2025-06-03 02:00:00,192861.04
2025-06-03 03:00:00,188499.82
2025-06-03 04:00:00,185341.25
2025-06-03 05:00:00,184269.26
2025-06-03 06:00:00,184181.41
2025-06-03 07:00:00,186353.2
2025-06-03 08:00:00,185499.19
2025-06-03 09:00:00,190895.32
2025-06-03 10:00:00,198481.04
2025-06-03 11:00:00,200554.03
2025-06-03 12:00:00,201354.61
2025-06-03 13:00:00,203072.92
2025-06-03 14:00:00,203220.82
2025-06-03 15:00:00,206905.54
2025-06-03 16:00:00,205911.14
2025-06-03 17:00:00,201851.91
2025-06-03 18:00:00,196994.07
2025-06-03 19:00:00,199810.26
2025-06-03 20:00:00,205058.76
2025-06-03 21:00:00,204754.32
2025-06-03 22:00:00,207626.23
2025-06-03 23:00:00,208814.32
2025-06-04 00:00:00,202739.28
2025-06-04 01:00:00,195865.0
2025-06-04 02:00:00,188893.35
2025-06-04 03:00:00,184102.84
2025-06-04 04:00:00,180389.91
2025-06-04 05:00:00,180245.27
2025-06-04 06:00:00,181640.53
2025-06-04 07:00:00,183416.88
2025-06-04 08:00:00,183760.06
2025-06-04 09:00:00,188976.02
2025-06-04 10:00:00,197425.52
2025-06-04 11:00:00,199680.63
2025-06-04 12:00:00,200987.43
2025-06-04 13:00:00,200328.23
2025-06-04 14:00:00,201106.16
2025-06-04 15:00:00,203811.59
2025-06-04 16:00:00,203167.14
2025-06-04 17:00:00,200643.13
2025-06-04 18:00:00,194955.67
2025-06-04 19:00:00,200241.18
2025-06-04 20:00:00,206341.42
2025-06-04 21:00:00,206126.05
2025-06-04 22:00:00,206524.09
2025-06-04 23:00:00,209061.49
2025-06-05 00:00:00,203636.27
2025-06-05 01:00:00,196696.49
2025-06-05 02:00:00,190067.07
2025-06-05 03:00:00,185712.91
2025-06-05 04:00:00,182773.38
2025-06-05 05:00:00,182351.81
2025-06-05 06:00:00,182988.8
2025-06-05 07:00:00,185626.25
2025-06-05 08:00:00,186405.33
2025-06-05 09:00:00,192979.1
2025-06-05 10:00:00,203327.28
2025-06-05 11:00:00,205506.79
2025-06-05 12:00:00,206233.62
2025-06-05 13:00:00,205882.18
2025-06-05 14:00:00,207095.49
2025-06-05 15:00:00,213420.41
2025-06-05 16:00:00,212578.2
2025-06-05 17:00:00,207725.17
2025-06-05 18:00:00,202275.48
2025-06-05 19:00:00,205568.37
2025-06-05 20:00:00,213686.33
2025-06-05 21:00:00,214461.47
2025-06-05 22:00:00,214634.38
2025-06-05 23:00:00,213868.42
2025-06-06 00:00:00,210504.82
2025-06-06 01:00:00,206044.23
2025-06-06 02:00:00,200989.2
2025-06-06 03:00:00,196121.15
2025-06-06 04:00:00,193004.48
2025-06-06 05:00:00,192210.51
2025-06-06 06:00:00,192383.03
2025-06-06 07:00:00,193330.26
2025-06-06 08:00:00,192986.93
2025-06-06 09:00:00,201066.58
2025-06-06 10:00:00,210994.37
2025-06-06 11:00:00,214515.51
2025-06-06 12:00:00,216729.85
2025-06-06 13:00:00,216030.53
2025-06-06 14:00:00,218444.08
2025-06-06 15:00:00,222746.55
2025-06-06 16:00:00,222053.19
2025-06-06 17:00:00,216825.68
2025-06-06 18:00:00,207811.18
2025-06-06 19:00:00,211074.71
2025-06-06 20:00:00,218735.95
2025-06-06 21:00:00,220448.78
2025-06-06 22:00:00,223065.26
2025-06-06 23:00:00,222750.39
2025-06-07 00:00:00,219434.33
2025-06-07 01:00:00,214131.1
2025-06-07 02:00:00,207458.34
2025-06-07 03:00:00,202870.33
2025-06-07 04:00:00,199630.17
2025-06-07 05:00:00,200252.84
2025-06-07 06:00:00,200266.42
2025-06-07 07:00:00,200033.29
2025-06-07 08:00:00,197770.68
2025-06-07 09:00:00,204950.81
2025-06-07 10:00:00,215818.93
2025-06-07 11:00:00,218364.39
2025-06-07 12:00:00,220852.33
2025-06-07 13:00:00,220856.0
2025-06-07 14:00:00,224305.87
2025-06-07 15:00:00,230516.78
2025-06-07 16:00:00,227495.29
2025-06-07 17:00:00,219349.22
2025-06-07 18:00:00,207351.11
2025-06-07 19:00:00,208829.8
2025-06-07 20:00:00,216724.56
2025-06-07 21:00:00,219779.12
2025-06-07 22:00:00,222225.0
2025-06-07 23:00:00,226625.85
2025-06-08 00:00:00,222508.19
2025-06-08 01:00:00,217258.74
2025-06-08 02:00:00,211186.4
2025-06-08 03:00:00,206988.81
2025-06-08 04:00:00,202623.83
2025-06-08 05:00:00,201477.2
2025-06-08 06:00:00,199103.76
2025-06-08 07:00:00,193800.34
2025-06-08 08:00:00,192735.67
2025-06-08 09:00:00,197614.37
2025-06-08 10:00:00,205982.07
2025-06-08 11:00:00,207135.44
2025-06-08 12:00:00,209285.67
2025-06-08 13:00:00,211141.29
2025-06-08 14:00:00,215468.17
2025-06-08 15:00:00,220443.96
2025-06-08 16:00:00,218008.44
2025-06-08 17:00:00,209405.36
2025-06-08 18:00:00,196479.83
2025-06-08 19:00:00,201140.92
2025-06-08 20:00:00,214675.55
2025-06-08 21:00:00,218414.98
2025-06-08 22:00:00,222338.68
2025-06-08 23:00:00,225674.81
2025-06-09 00:00:00,221790.06
2025-06-09 01:00:00,218144.25
2025-06-09 02:00:00,211343.01
2025-06-09 03:00:00,206867.97
2025-06-09 04:00:00,203325.22
2025-06-09 05:00:00,202341.42
2025-06-09 06:00:00,201971.44
2025-06-09 07:00:00,202743.13
2025-06-09 08:00:00,201809.91
2025-06-09 09:00:00,210323.46
2025-06-09 10:00:00,222256.04
2025-06-09 11:00:00,225860.56
2025-06-09 12:00:00,228538.89
2025-06-09 13:00:00,230304.22
2025-06-09 14:00:00,233016.71
2025-06-09 15:00:00,238754.9
2025-06-09 16:00:00,235641.04
2025-06-09 17:00:00,228689.01
2025-06-09 18:00:00,220546.53
2025-06-09 19:00:00,222459.29
2025-06-09 20:00:00,228793.69
2025-06-09 21:00:00,229660.8
2025-06-09 22:00:00,232046.95
2025-06-09 23:00:00,235011.53
2025-06-10 00:00:00,229654.6
2025-06-10 01:00:00,224278.57
2025-06-10 02:00:00,219209.96
2025-06-10 03:00:00,215382.08
2025-06-10 04:00:00,211612.94
2025-06-10 05:00:00,209543.91
2025-06-10 06:00:00,208818.66
2025-06-10 07:00:00,207898.69
2025-06-10 08:00:00,208038.44
2025-06-10 09:00:00,214892.09
2025-06-10 10:00:00,224789.44
2025-06-10 11:00:00,227130.82
2025-06-10 12:00:00,228944.21
2025-06-10 13:00:00,229184.22
2025-06-10 14:00:00,234589.09
2025-06-10 15:00:00,240363.1
2025-06-10 16:00:00,235186.12
2025-06-10 17:00:00,230491.91
2025-06-10 18:00:00,221125.23
2025-06-10 19:00:00,220138.21
2025-06-10 20:00:00,226355.19
2025-06-10 21:00:00,228743.18
2025-06-10 22:00:00,230852.55
2025-06-10 23:00:00,232382.09
2025-06-11 00:00:00,228570.85
2025-06-11 01:00:00,223704.42
2025-06-11 02:00:00,217412.23
2025-06-11 03:00:00,214153.3
2025-06-11 04:00:00,211293.64
2025-06-11 05:00:00,210306.71
2025-06-11 06:00:00,210919.33
2025-06-11 07:00:00,210656.69
2025-06-11 08:00:00,210085.73
2025-06-11 09:00:00,216481.5
2025-06-11 10:00:00,225971.69
2025-06-11 11:00:00,229943.38
2025-06-11 12:00:00,233081.47
2025-06-11 13:00:00,233259.66
2025-06-11 14:00:00,235955.97
2025-06-11 15:00:00,239470.53
2025-06-11 16:00:00,237073.66
2025-06-11 17:00:00,231764.25
2025-06-11 18:00:00,221939.11
2025-06-11 19:00:00,221864.47
2025-06-11 20:00:00,229036.26
2025-06-11 21:00:00,228025.27
2025-06-11 22:00:00,229646.72
2025-06-11 23:00:00,230085.02
2025-06-12 00:00:00,227847.99
2025-06-12 01:00:00,222420.79
2025-06-12 02:00:00,217870.03
2025-06-12 03:00:00,213416.7
2025-06-12 04:00:00,211132.15
2025-06-12 05:00:00,209823.33
2025-06-12 06:00:00,207256.42
2025-06-12 07:00:00,211132.6
2025-06-12 08:00:00,211966.34
2025-06-12 09:00:00,218619.83
2025-06-12 10:00:00,229338.0
2025-06-12 11:00:00,231998.79
2025-06-12 12:00:00,231948.0
2025-06-12 13:00:00,233133.07
2025-06-12 14:00:00,234643.8
2025-06-12 15:00:00,239185.38
2025-06-12 16:00:00,239832.82
2025-06-12 17:00:00,234387.22
2025-06-12 18:00:00,225400.55
2025-06-12 19:00:00,222865.63
2025-06-12 20:00:00,228749.25
2025-06-12 21:00:00,229263.78
2025-06-12 22:00:00,229578.8
2025-06-12 23:00:00,229002.86
2025-06-13 00:00:00,226087.69
2025-06-13 01:00:00,221359.61
2025-06-13 02:00:00,217967.02
2025-06-13 03:00:00,215526.61
2025-06-13 04:00:00,213176.24
2025-06-13 05:00:00,210732.18
2025-06-13 06:00:00,212062.53
2025-06-13 07:00:00,214682.67
2025-06-13 08:00:00,215470.76
2025-06-13 09:00:00,222491.44
2025-06-13 10:00:00,230535.84
2025-06-13 11:00:00,233635.66
2025-06-13 12:00:00,234827.17
2025-06-13 13:00:00,232347.85
2025-06-13 14:00:00,234749.07
2025-06-13 15:00:00,238916.9
2025-06-13 16:00:00,235645.36
2025-06-13 17:00:00,229136.53
2025-06-13 18:00:00,218780.52
2025-06-13 19:00:00,217916.77
2025-06-13 20:00:00,225447.1
2025-06-13 21:00:00,227721.49
2025-06-13 22:00:00,230110.22
2025-06-13 23:00:00,230102.41
2025-06-14 00:00:00,227370.47
2025-06-14 01:00:00,222706.61
2025-06-14 02:00:00,219241.68
2025-06-14 03:00:00,214967.16
2025-06-14 04:00:00,212302.59
2025-06-14 05:00:00,209805.14
2025-06-14 06:00:00,210180.15
2025-06-14 07:00:00,207889.37
2025-06-14 08:00:00,207395.06
2025-06-14 09:00:00,213856.27
2025-06-14 10:00:00,221695.62
2025-06-14 11:00:00,228443.8
2025-06-14 12:00:00,232066.95
2025-06-14 13:00:00,231334.89
2025-06-14 14:00:00,232895.98
2025-06-14 15:00:00,239231.17
2025-06-14 16:00:00,234259.9
2025-06-14 17:00:00,229375.32
2025-06-14 18:00:00,217916.35
2025-06-14 19:00:00,217508.42
2025-06-14 20:00:00,224435.29
2025-06-14 21:00:00,224284.94
2025-06-14 22:00:00,226463.22
2025-06-14 23:00:00,228066.38
2025-06-15 00:00:00,225468.98
2025-06-15 01:00:00,219539.79
2025-06-15 02:00:00,214699.66
2025-06-15 03:00:00,209614.64
2025-06-15 04:00:00,205022.5
2025-06-15 05:00:00,201692.2
2025-06-15 06:00:00,197073.65
2025-06-15 07:00:00,193030.84
2025-06-15 08:00:00,189644.07
2025-06-15 09:00:00,193202.43
2025-06-15 10:00:00,196761.28
2025-06-15 11:00:00,199177.5
2025-06-15 12:00:00,200636.71
2025-06-15 13:00:00,199432.53
2025-06-15 14:00:00,199586.83
2025-06-15 15:00:00,202415.92
2025-06-15 16:00:00,200728.49
2025-06-15 17:00:00,194338.91
2025-06-15 18:00:00,188854.76
2025-06-15 19:00:00,192031.39
2025-06-15 20:00:00,203988.7
2025-06-15 21:00:00,209808.99
2025-06-15 22:00:00,212299.23
2025-06-15 23:00:00,214661.83
2025-06-16 00:00:00,210410.52
2025-06-16 01:00:00,204838.27
2025-06-16 02:00:00,199501.25
2025-06-16 03:00:00,195213.6
2025-06-16 04:00:00,191160.98
2025-06-16 05:00:00,190610.31
2025-06-16 06:00:00,191117.25
2025-06-16 07:00:00,193551.27
2025-06-16 08:00:00,193322.28
2025-06-16 09:00:00,199734.9
2025-06-16 10:00:00,205709.42
2025-06-16 11:00:00,210175.15
2025-06-16 12:00:00,210981.89
2025-06-16 13:00:00,209331.51
2025-06-16 14:00:00,208517.06
2025-06-16 15:00:00,213861.81
2025-06-16 16:00:00,208944.38
2025-06-16 17:00:00,205680.84
2025-06-16 18:00:00,198996.5
2025-06-16 19:00:00,203032.78
2025-06-16 20:00:00,213671.68
2025-06-16 21:00:00,215184.58
2025-06-16 22:00:00,218124.29
2025-06-16 23:00:00,219055.67
2025-06-17 00:00:00,211974.23
2025-06-17 01:00:00,205378.83
2025-06-17 02:00:00,200937.25
2025-06-17 03:00:00,195729.57
2025-06-17 04:00:00,190812.54
2025-06-17 05:00:00,190243.95
2025-06-17 06:00:00,190065.13
2025-06-17 07:00:00,191817.4
2025-06-17 08:00:00,188899.83
2025-06-17 09:00:00,193661.58
2025-06-17 10:00:00,200154.03
2025-06-17 11:00:00,202598.71
2025-06-17 12:00:00,204286.81
2025-06-17 13:00:00,203160.94
2025-06-17 14:00:00,204087.03
2025-06-17 15:00:00,204510.33
2025-06-17 16:00:00,200326.24
2025-06-17 17:00:00,197509.1
2025-06-17 18:00:00,193170.61
2025-06-17 19:00:00,200171.31
2025-06-17 20:00:00,207818.4
2025-06-17 21:00:00,208437.09
2025-06-17 22:00:00,209794.74
2025-06-17 23:00:00,209423.58
2025-06-18 00:00:00,203763.56
2025-06-18 01:00:00,197182.22
2025-06-18 02:00:00,191066.69
2025-06-18 03:00:00,186842.05
2025-06-18 04:00:00,183500.83
2025-06-18 05:00:00,183091.08
2025-06-18 06:00:00,185364.72
2025-06-18 07:00:00,189046.17
2025-06-18 08:00:00,189655.33
2025-06-18 09:00:00,195286.95
2025-06-18 10:00:00,200791.74
2025-06-18 11:00:00,202239.62
2025-06-18 12:00:00,202830.86
2025-06-18 13:00:00,201154.2
2025-06-18 14:00:00,201965.56
2025-06-18 15:00:00,208755.71
2025-06-18 16:00:00,207591.0
2025-06-18 17:00:00,204882.74
2025-06-18 18:00:00,199124.81
2025-06-18 19:00:00,206272.11
2025-06-18 20:00:00,214662.96
2025-06-18 21:00:00,216096.5
2025-06-18 22:00:00,217153.15
2025-06-18 23:00:00,215736.44
2025-06-19 00:00:00,208235.22
2025-06-19 01:00:00,201185.38
2025-06-19 02:00:00,194927.54
2025-06-19 03:00:00,190647.44
2025-06-19 04:00:00,187536.18
2025-06-19 05:00:00,187588.98
2025-06-19 06:00:00,189374.36
2025-06-19 07:00:00,194451.53
2025-06-19 08:00:00,194391.56
2025-06-19 09:00:00,199070.14
2025-06-19 10:00:00,204286.88
2025-06-19 11:00:00,205479.32
2025-06-19 12:00:00,205861.44
2025-06-19 13:00:00,206004.19
2025-06-19 14:00:00,206041.34
2025-06-19 15:00:00,208422.26
2025-06-19 16:00:00,206473.02
2025-06-19 17:00:00,203638.7
2025-06-19 18:00:00,200607.11
2025-06-19 19:00:00,205181.38
2025-06-19 20:00:00,211316.53
2025-06-19 21:00:00,211595.65
2025-06-19 22:00:00,213304.89
2025-06-19 23:00:00,212459.21
2025-06-20 00:00:00,205793.75
2025-06-20 01:00:00,198507.18
2025-06-20 02:00:00,191531.56
2025-06-20 03:00:00,188400.94
2025-06-20 04:00:00,185433.85
2025-06-20 05:00:00,186901.44
2025-06-20 06:00:00,189879.03
2025-06-20 07:00:00,193474.08
2025-06-20 08:00:00,193941.48
2025-06-20 09:00:00,199404.28
2025-06-20 10:00:00,204081.34
2025-06-20 11:00:00,205321.9
2025-06-20 12:00:00,206725.33
2025-06-20 13:00:00,204680.06
2025-06-20 14:00:00,205209.37
2025-06-20 15:00:00,209789.28
2025-06-20 16:00:00,209082.89
2025-06-20 17:00:00,207043.2
2025-06-20 18:00:00,202203.58
2025-06-20 19:00:00,207293.86
2025-06-20 20:00:00,214451.1
2025-06-20 21:00:00,215500.47
2025-06-20 22:00:00,216295.01
2025-06-20 23:00:00,215366.05
2025-06-21 00:00:00,208170.93
2025-06-21 01:00:00,201056.79
2025-06-21 02:00:00,195719.66
2025-06-21 03:00:00,192472.47
2025-06-21 04:00:00,189704.62
2025-06-21 05:00:00,190482.72
2025-06-21 06:00:00,192183.75
2025-06-21 07:00:00,194081.41
2025-06-21 08:00:00,192724.19
2025-06-21 09:00:00,199417.74
2025-06-21 10:00:00,205083.24
2025-06-21 11:00:00,207750.58
2025-06-21 12:00:00,208876.29
2025-06-21 13:00:00,208705.32
2025-06-21 14:00:00,209957.77
2025-06-21 15:00:00,214637.81
2025-06-21 16:00:00,212298.82
2025-06-21 17:00:00,208790.12
2025-06-21 18:00:00,205043.92
2025-06-21 19:00:00,210291.25
2025-06-21 20:00:00,219240.62
2025-06-21 21:00:00,218608.26
2025-06-21 22:00:00,221261.24
2025-06-21 23:00:00,221771.39
2025-06-22 00:00:00,216485.28
2025-06-22 01:00:00,211412.38
2025-06-22 02:00:00,205879.72
2025-06-22 03:00:00,202573.46
2025-06-22 04:00:00,199322.07
2025-06-22 05:00:00,198622.29
2025-06-22 06:00:00,196796.31
2025-06-22 07:00:00,193879.28
2025-06-22 08:00:00,191522.86
2025-06-22 09:00:00,195969.42
2025-06-22 10:00:00,197980.44
2025-06-22 11:00:00,197091.17
2025-06-22 12:00:00,197362.23
2025-06-22 13:00:00,196399.63
2025-06-22 14:00:00,196960.08
2025-06-22 15:00:00,197278.27
2025-06-22 16:00:00,193979.88
2025-06-22 17:00:00,189592.68
2025-06-22 18:00:00,184249.77
2025-06-22 19:00:00,192793.31
2025-06-22 20:00:00,203455.17
2025-06-22 21:00:00,206456.5
2025-06-22 22:00:00,208035.94
2025-06-22 23:00:00,208041.85
2025-06-23 00:00:00,202546.59
2025-06-23 01:00:00,196896.0
2025-06-23 02:00:00,191899.86
2025-06-23 03:00:00,188369.23
2025-06-23 04:00:00,186315.99
2025-06-23 05:00:00,186153.5
2025-06-23 06:00:00,187956.76
2025-06-23 07:00:00,192075.44
2025-06-23 08:00:00,194201.36
2025-06-23 09:00:00,199685.0
2025-06-23 10:00:00,208474.63
2025-06-23 11:00:00,211220.42
2025-06-23 12:00:00,210584.48
2025-06-23 13:00:00,208550.16
2025-06-23 14:00:00,208734.16
2025-06-23 15:00:00,211800.97
2025-06-23 16:00:00,208167.74
2025-06-23 17:00:00,206400.54
2025-06-23 18:00:00,202430.26
2025-06-23 19:00:00,208919.12
2025-06-23 20:00:00,215824.7
2025-06-23 21:00:00,214945.46
2025-06-23 22:00:00,215341.14
2025-06-23 23:00:00,214436.12
2025-06-24 00:00:00,209385.25
2025-06-24 01:00:00,201808.98
2025-06-24 02:00:00,195911.15
2025-06-24 03:00:00,192113.97
2025-06-24 04:00:00,189046.53
2025-06-24 05:00:00,189709.06
2025-06-24 06:00:00,192640.49
2025-06-24 07:00:00,194792.58
2025-06-24 08:00:00,195104.25
2025-06-24 09:00:00,200589.27
2025-06-24 10:00:00,208391.4
2025-06-24 11:00:00,209645.87
2025-06-24 12:00:00,208446.27
2025-06-24 13:00:00,206316.93
2025-06-24 14:00:00,206825.36
2025-06-24 15:00:00,209603.97
2025-06-24 16:00:00,208294.12
2025-06-24 17:00:00,206400.86
2025-06-24 18:00:00,205366.43
2025-06-24 19:00:00,211786.17
2025-06-24 20:00:00,217238.13
2025-06-24 21:00:00,217559.49
2025-06-24 22:00:00,217405.31
2025-06-24 23:00:00,215889.83
2025-06-25 00:00:00,209810.72
2025-06-25 01:00:00,203970.76
2025-06-25 02:00:00,198055.73
2025-06-25 03:00:00,195109.07
2025-06-25 04:00:00,192073.04
2025-06-25 05:00:00,193046.78
2025-06-25 06:00:00,194972.69
2025-06-25 07:00:00,198713.14
2025-06-25 08:00:00,199366.86
2025-06-25 09:00:00,205171.45
2025-06-25 10:00:00,210365.23
2025-06-25 11:00:00,211013.36
2025-06-25 12:00:00,210654.66
2025-06-25 13:00:00,207699.12
2025-06-25 14:00:00,206550.93
2025-06-25 15:00:00,209082.29
2025-06-25 16:00:00,205691.02
2025-06-25 17:00:00,203570.66
2025-06-25 18:00:00,200733.0
2025-06-25 19:00:00,207088.85
2025-06-25 20:00:00,213209.35
2025-06-25 21:00:00,213684.1
2025-06-25 22:00:00,212317.13
2025-06-25 23:00:00,211842.18
2025-06-26 00:00:00,206327.74
2025-06-26 01:00:00,200437.66
2025-06-26 02:00:00,194844.13
2025-06-26 03:00:00,191117.5
2025-06-26 04:00:00,188901.91
2025-06-26 05:00:00,190676.78
2025-06-26 06:00:00,192730.41
2025-06-26 07:00:00,196839.24
2025-06-26 08:00:00,197219.45
2025-06-26 09:00:00,203231.28
2025-06-26 10:00:00,207760.61
2025-06-26 11:00:00,209192.3
2025-06-26 12:00:00,206101.23
2025-06-26 13:00:00,204913.55
2025-06-26 14:00:00,204246.54
2025-06-26 15:00:00,206736.31
2025-06-26 16:00:00,205872.47
2025-06-26 17:00:00,204284.24
2025-06-26 18:00:00,203051.92
2025-06-26 19:00:00,208769.89
2025-06-26 20:00:00,215976.37
2025-06-26 21:00:00,215508.26
2025-06-26 22:00:00,214149.47
2025-06-26 23:00:00,212962.27
2025-06-27 00:00:00,208207.62
2025-06-27 01:00:00,203453.58
2025-06-27 02:00:00,197604.66
2025-06-27 03:00:00,194420.6
2025-06-27 04:00:00,192066.33
2025-06-27 05:00:00,193653.95
2025-06-27 06:00:00,194990.83
2025-06-27 07:00:00,198906.81
2025-06-27 08:00:00,199385.56
2025-06-27 09:00:00,205814.96
2025-06-27 10:00:00,212016.98
2025-06-27 11:00:00,214103.8
2025-06-27 12:00:00,211884.56
2025-06-27 13:00:00,209313.52
2025-06-27 14:00:00,208305.84
2025-06-27 15:00:00,212434.55
2025-06-27 16:00:00,211639.52
2025-06-27 17:00:00,207849.85
2025-06-27 18:00:00,203553.74
2025-06-27 19:00:00,208558.97
2025-06-27 20:00:00,215811.29
2025-06-27 21:00:00,217003.88
2025-06-27 22:00:00,216274.35
2025-06-27 23:00:00,215572.55
2025-06-28 00:00:00,211980.61
2025-06-28 01:00:00,207893.98
2025-06-28 02:00:00,202960.35
2025-06-28 03:00:00,199483.69
2025-06-28 04:00:00,198237.1
2025-06-28 05:00:00,199073.91
2025-06-28 06:00:00,198741.68
2025-06-28 07:00:00,201606.42
2025-06-28 08:00:00,199751.91
2025-06-28 09:00:00,204533.73
2025-06-28 10:00:00,210456.29
2025-06-28 11:00:00,211105.48
2025-06-28 12:00:00,212654.4
2025-06-28 13:00:00,210090.73
2025-06-28 14:00:00,211943.25
2025-06-28 15:00:00,214470.53
2025-06-28 16:00:00,209121.96
2025-06-28 17:00:00,205889.7
2025-06-28 18:00:00,199695.63
2025-06-28 19:00:00,205412.17
2025-06-28 20:00:00,212954.37
2025-06-28 21:00:00,213868.39
2025-06-28 22:00:00,214413.67
2025-06-28 23:00:00,212991.94
2025-06-29 00:00:00,207961.34
2025-06-29 01:00:00,202106.22
2025-06-29 02:00:00,197744.72
2025-06-29 03:00:00,193898.29
2025-06-29 04:00:00,191879.74
2025-06-29 05:00:00,192396.13
2025-06-29 06:00:00,191833.52
2025-06-29 07:00:00,191253.63
2025-06-29 08:00:00,190495.38
2025-06-29 09:00:00,194126.59
2025-06-29 10:00:00,196518.85
2025-06-29 11:00:00,195134.47
2025-06-29 12:00:00,194015.79
2025-06-29 13:00:00,191677.48
2025-06-29 14:00:00,192060.86
2025-06-29 15:00:00,191549.1
2025-06-29 16:00:00,189598.82
2025-06-29 17:00:00,182681.75
2025-06-29 18:00:00,179071.96
2025-06-29 19:00:00,183834.17
2025-06-29 20:00:00,195102.86
2025-06-29 21:00:00,197072.69
2025-06-29 22:00:00,199179.78
2025-06-29 23:00:00,199211.22
2025-06-30 00:00:00,194221.15
2025-06-30 01:00:00,188649.45
2025-06-30 02:00:00,183050.61
2025-06-30 03:00:00,179524.5
2025-06-30 04:00:00,177103.68
2025-06-30 05:00:00,178456.18
2025-06-30 06:00:00,183223.29
2025-06-30 07:00:00,189675.92
2025-06-30 08:00:00,190657.78
2025-06-30 09:00:00,195973.32
2025-06-30 10:00:00,202646.09
2025-06-30 11:00:00,202734.67
2025-06-30 12:00:00,202365.11
2025-06-30 13:00:00,199992.58
2025-06-30 14:00:00,199306.49
2025-06-30 15:00:00,203662.89
2025-06-30 16:00:00,203124.35
2025-06-30 17:00:00,201078.02
2025-06-30 18:00:00,195006.02
2025-06-30 19:00:00,200408.91
2025-06-30 20:00:00,206095.88
2025-06-30 21:00:00,205715.27
2025-06-30 22:00:00,205189.75
2025-06-30 23:00:00,203659.05
